username,password,email,userType,region
frank_johnson_1,test123,frank.johnson1@example.com,premium,EU
alice_johnson_2,test123,alice.johnson2@example.com,standard,US
john_taylor_3,test123,john.taylor3@example.com,standard,US
bob_taylor_4,test123,bob.taylor4@example.com,premium,US
eva_thomas_5,test123,eva.thomas5@example.com,premium,US
john_davis_6,test123,john.davis6@example.com,standard,US
jane_anderson_7,test123,jane.anderson7@example.com,admin,US
diana_johnson_8,test123,diana.johnson8@example.com,standard,US
bob_johnson_9,test123,bob.johnson9@example.com,standard,US
diana_davis_10,test123,diana.davis10@example.com,premium,APAC
bob_brown_11,test123,bob.brown11@example.com,premium,US
jane_miller_12,test123,jane.miller12@example.com,standard,US
charlie_brown_13,test123,charlie.brown13@example.com,standard,EU
jane_miller_14,test123,jane.miller14@example.com,standard,US
charlie_johnson_15,test123,charlie.johnson15@example.com,premium,US
alice_wilson_16,test123,alice.wilson16@example.com,standard,US
frank_smith_17,test123,frank.smith17@example.com,standard,EU
alice_thomas_18,test123,alice.thomas18@example.com,premium,US
grace_moore_19,test123,grace.moore19@example.com,admin,US
alice_johnson_20,test123,alice.johnson20@example.com,standard,EU
henry_thomas_21,test123,henry.thomas21@example.com,premium,EU
jane_brown_22,test123,jane.brown22@example.com,standard,EU
alice_thomas_23,test123,alice.thomas23@example.com,standard,US
bob_thomas_24,test123,bob.thomas24@example.com,premium,US
bob_anderson_25,test123,bob.anderson25@example.com,standard,US
henry_brown_26,test123,henry.brown26@example.com,premium,EU
charlie_smith_27,test123,charlie.smith27@example.com,standard,US
eva_thomas_28,test123,eva.thomas28@example.com,standard,EU
diana_brown_29,test123,diana.brown29@example.com,standard,EU
henry_taylor_30,test123,henry.taylor30@example.com,premium,US
diana_davis_31,test123,diana.davis31@example.com,standard,EU
alice_brown_32,test123,alice.brown32@example.com,standard,US
diana_moore_33,test123,diana.moore33@example.com,standard,US
jane_wilson_34,test123,jane.wilson34@example.com,standard,US
charlie_davis_35,test123,charlie.davis35@example.com,standard,EU
john_thomas_36,test123,john.thomas36@example.com,premium,US
henry_moore_37,test123,henry.moore37@example.com,standard,APAC
alice_wilson_38,test123,alice.wilson38@example.com,standard,APAC
john_davis_39,test123,john.davis39@example.com,standard,APAC
bob_miller_40,test123,bob.miller40@example.com,standard,US
eva_anderson_41,test123,eva.anderson41@example.com,standard,APAC
henry_taylor_42,test123,henry.taylor42@example.com,premium,US
eva_anderson_43,test123,eva.anderson43@example.com,premium,US
alice_smith_44,test123,alice.smith44@example.com,standard,EU
jane_thomas_45,test123,jane.thomas45@example.com,admin,US
alice_smith_46,test123,alice.smith46@example.com,standard,US
bob_brown_47,test123,bob.brown47@example.com,premium,US
eva_taylor_48,test123,eva.taylor48@example.com,standard,US
diana_brown_49,test123,diana.brown49@example.com,standard,APAC
jane_miller_50,test123,jane.miller50@example.com,standard,EU
alice_johnson_51,test123,alice.johnson51@example.com,standard,APAC
eva_johnson_52,test123,eva.johnson52@example.com,premium,APAC
alice_brown_53,test123,alice.brown53@example.com,standard,APAC
jane_moore_54,test123,jane.moore54@example.com,standard,US
bob_miller_55,test123,bob.miller55@example.com,standard,US
henry_anderson_56,test123,henry.anderson56@example.com,standard,APAC
alice_wilson_57,test123,alice.wilson57@example.com,premium,US
eva_davis_58,test123,eva.davis58@example.com,standard,EU
alice_davis_59,test123,alice.davis59@example.com,standard,APAC
john_thomas_60,test123,john.thomas60@example.com,standard,EU
jane_wilson_61,test123,jane.wilson61@example.com,premium,US
charlie_smith_62,test123,charlie.smith62@example.com,standard,EU
john_smith_63,test123,john.smith63@example.com,standard,US
diana_wilson_64,test123,diana.wilson64@example.com,standard,US
diana_anderson_65,test123,diana.anderson65@example.com,standard,EU
john_wilson_66,test123,john.wilson66@example.com,standard,US
diana_johnson_67,test123,diana.johnson67@example.com,standard,US
jane_brown_68,test123,jane.brown68@example.com,standard,US
bob_smith_69,test123,bob.smith69@example.com,standard,US
henry_anderson_70,test123,henry.anderson70@example.com,standard,EU
john_smith_71,test123,john.smith71@example.com,standard,US
bob_wilson_72,test123,bob.wilson72@example.com,standard,US
alice_brown_73,test123,alice.brown73@example.com,standard,US
jane_moore_74,test123,jane.moore74@example.com,standard,US
jane_thomas_75,test123,jane.thomas75@example.com,standard,US
charlie_moore_76,test123,charlie.moore76@example.com,premium,EU
charlie_smith_77,test123,charlie.smith77@example.com,premium,US
frank_moore_78,test123,frank.moore78@example.com,standard,APAC
frank_wilson_79,test123,frank.wilson79@example.com,premium,US
grace_taylor_80,test123,grace.taylor80@example.com,standard,US
grace_davis_81,test123,grace.davis81@example.com,standard,US
henry_johnson_82,test123,henry.johnson82@example.com,premium,EU
alice_anderson_83,test123,alice.anderson83@example.com,premium,US
eva_thomas_84,test123,eva.thomas84@example.com,standard,APAC
grace_brown_85,test123,grace.brown85@example.com,standard,US
john_smith_86,test123,john.smith86@example.com,standard,APAC
john_wilson_87,test123,john.wilson87@example.com,standard,US
henry_johnson_88,test123,henry.johnson88@example.com,premium,EU
charlie_johnson_89,test123,charlie.johnson89@example.com,premium,US
diana_moore_90,test123,diana.moore90@example.com,standard,US
alice_brown_91,test123,alice.brown91@example.com,admin,US
frank_thomas_92,test123,frank.thomas92@example.com,standard,US
charlie_anderson_93,test123,charlie.anderson93@example.com,standard,US
bob_smith_94,test123,bob.smith94@example.com,standard,EU
jane_wilson_95,test123,jane.wilson95@example.com,standard,US
grace_brown_96,test123,grace.brown96@example.com,standard,APAC
john_taylor_97,test123,john.taylor97@example.com,standard,US
jane_brown_98,test123,jane.brown98@example.com,premium,US
eva_taylor_99,test123,eva.taylor99@example.com,standard,APAC
jane_brown_100,test123,jane.brown100@example.com,standard,US
alice_wilson_101,test123,alice.wilson101@example.com,standard,US
grace_moore_102,test123,grace.moore102@example.com,standard,US
john_smith_103,test123,john.smith103@example.com,standard,US
bob_brown_104,test123,bob.brown104@example.com,standard,APAC
henry_anderson_105,test123,henry.anderson105@example.com,premium,APAC
john_wilson_106,test123,john.wilson106@example.com,standard,US
diana_taylor_107,test123,diana.taylor107@example.com,standard,US
bob_moore_108,test123,bob.moore108@example.com,standard,US
john_miller_109,test123,john.miller109@example.com,standard,US
alice_anderson_110,test123,alice.anderson110@example.com,standard,EU
diana_davis_111,test123,diana.davis111@example.com,standard,EU
grace_taylor_112,test123,grace.taylor112@example.com,standard,US
henry_moore_113,test123,henry.moore113@example.com,standard,APAC
john_wilson_114,test123,john.wilson114@example.com,standard,US
diana_brown_115,test123,diana.brown115@example.com,standard,US
eva_moore_116,test123,eva.moore116@example.com,standard,US
jane_brown_117,test123,jane.brown117@example.com,standard,US
henry_johnson_118,test123,henry.johnson118@example.com,standard,US
eva_wilson_119,test123,eva.wilson119@example.com,admin,US
diana_moore_120,test123,diana.moore120@example.com,standard,US
jane_smith_121,test123,jane.smith121@example.com,standard,APAC
bob_wilson_122,test123,bob.wilson122@example.com,standard,US
alice_thomas_123,test123,alice.thomas123@example.com,standard,US
henry_thomas_124,test123,henry.thomas124@example.com,standard,US
grace_davis_125,test123,grace.davis125@example.com,premium,US
jane_moore_126,test123,jane.moore126@example.com,standard,US
alice_brown_127,test123,alice.brown127@example.com,standard,EU
henry_davis_128,test123,henry.davis128@example.com,standard,US
eva_johnson_129,test123,eva.johnson129@example.com,premium,US
eva_johnson_130,test123,eva.johnson130@example.com,standard,US
bob_johnson_131,test123,bob.johnson131@example.com,standard,US
henry_johnson_132,test123,henry.johnson132@example.com,standard,EU
jane_taylor_133,test123,jane.taylor133@example.com,standard,US
bob_moore_134,test123,bob.moore134@example.com,standard,EU
eva_thomas_135,test123,eva.thomas135@example.com,standard,US
grace_smith_136,test123,grace.smith136@example.com,standard,EU
alice_moore_137,test123,alice.moore137@example.com,standard,EU
eva_miller_138,test123,eva.miller138@example.com,premium,EU
henry_johnson_139,test123,henry.johnson139@example.com,standard,US
henry_thomas_140,test123,henry.thomas140@example.com,admin,US
alice_miller_141,test123,alice.miller141@example.com,premium,US
alice_anderson_142,test123,alice.anderson142@example.com,premium,US
henry_miller_143,test123,henry.miller143@example.com,standard,US
bob_moore_144,test123,bob.moore144@example.com,standard,US
grace_johnson_145,test123,grace.johnson145@example.com,admin,EU
frank_smith_146,test123,frank.smith146@example.com,premium,US
john_thomas_147,test123,john.thomas147@example.com,standard,US
alice_smith_148,test123,alice.smith148@example.com,premium,EU
bob_miller_149,test123,bob.miller149@example.com,standard,EU
charlie_smith_150,test123,charlie.smith150@example.com,standard,US
charlie_johnson_151,test123,charlie.johnson151@example.com,premium,EU
john_brown_152,test123,john.brown152@example.com,premium,EU
henry_smith_153,test123,henry.smith153@example.com,standard,US
frank_anderson_154,test123,frank.anderson154@example.com,standard,US
grace_brown_155,test123,grace.brown155@example.com,standard,US
bob_smith_156,test123,bob.smith156@example.com,standard,US
grace_thomas_157,test123,grace.thomas157@example.com,premium,US
henry_brown_158,test123,henry.brown158@example.com,premium,EU
jane_anderson_159,test123,jane.anderson159@example.com,standard,APAC
alice_wilson_160,test123,alice.wilson160@example.com,standard,EU
grace_johnson_161,test123,grace.johnson161@example.com,premium,US
eva_thomas_162,test123,eva.thomas162@example.com,standard,US
john_taylor_163,test123,john.taylor163@example.com,standard,US
diana_taylor_164,test123,diana.taylor164@example.com,standard,US
charlie_wilson_165,test123,charlie.wilson165@example.com,standard,APAC
jane_taylor_166,test123,jane.taylor166@example.com,standard,US
henry_brown_167,test123,henry.brown167@example.com,standard,US
bob_miller_168,test123,bob.miller168@example.com,standard,EU
diana_taylor_169,test123,diana.taylor169@example.com,standard,APAC
bob_brown_170,test123,bob.brown170@example.com,standard,US
jane_anderson_171,test123,jane.anderson171@example.com,standard,US
jane_davis_172,test123,jane.davis172@example.com,standard,US
eva_johnson_173,test123,eva.johnson173@example.com,premium,US
henry_brown_174,test123,henry.brown174@example.com,standard,APAC
grace_miller_175,test123,grace.miller175@example.com,standard,US
frank_thomas_176,test123,frank.thomas176@example.com,admin,APAC
eva_wilson_177,test123,eva.wilson177@example.com,standard,EU
alice_wilson_178,test123,alice.wilson178@example.com,premium,US
henry_miller_179,test123,henry.miller179@example.com,standard,US
henry_miller_180,test123,henry.miller180@example.com,standard,APAC
frank_wilson_181,test123,frank.wilson181@example.com,standard,US
diana_brown_182,test123,diana.brown182@example.com,standard,US
charlie_miller_183,test123,charlie.miller183@example.com,premium,US
eva_davis_184,test123,eva.davis184@example.com,premium,US
charlie_anderson_185,test123,charlie.anderson185@example.com,premium,EU
john_thomas_186,test123,john.thomas186@example.com,premium,US
jane_davis_187,test123,jane.davis187@example.com,admin,US
eva_miller_188,test123,eva.miller188@example.com,standard,APAC
jane_wilson_189,test123,jane.wilson189@example.com,standard,APAC
frank_miller_190,test123,frank.miller190@example.com,standard,US
jane_davis_191,test123,jane.davis191@example.com,standard,EU
bob_johnson_192,test123,bob.johnson192@example.com,standard,US
eva_anderson_193,test123,eva.anderson193@example.com,premium,US
frank_brown_194,test123,frank.brown194@example.com,standard,US
john_thomas_195,test123,john.thomas195@example.com,standard,US
eva_davis_196,test123,eva.davis196@example.com,standard,US
jane_miller_197,test123,jane.miller197@example.com,standard,EU
frank_wilson_198,test123,frank.wilson198@example.com,premium,US
grace_smith_199,test123,grace.smith199@example.com,standard,US
jane_brown_200,test123,jane.brown200@example.com,standard,US
john_thomas_201,test123,john.thomas201@example.com,standard,US
diana_smith_202,test123,diana.smith202@example.com,standard,US
bob_anderson_203,test123,bob.anderson203@example.com,standard,US
frank_taylor_204,test123,frank.taylor204@example.com,standard,US
jane_miller_205,test123,jane.miller205@example.com,premium,EU
alice_brown_206,test123,alice.brown206@example.com,premium,US
john_johnson_207,test123,john.johnson207@example.com,standard,US
grace_anderson_208,test123,grace.anderson208@example.com,premium,US
john_wilson_209,test123,john.wilson209@example.com,premium,APAC
frank_brown_210,test123,frank.brown210@example.com,premium,EU
jane_moore_211,test123,jane.moore211@example.com,standard,EU
henry_wilson_212,test123,henry.wilson212@example.com,standard,EU
grace_anderson_213,test123,grace.anderson213@example.com,premium,US
frank_johnson_214,test123,frank.johnson214@example.com,standard,US
frank_brown_215,test123,frank.brown215@example.com,standard,APAC
diana_smith_216,test123,diana.smith216@example.com,premium,EU
eva_anderson_217,test123,eva.anderson217@example.com,standard,US
bob_smith_218,test123,bob.smith218@example.com,standard,US
john_smith_219,test123,john.smith219@example.com,standard,US
bob_taylor_220,test123,bob.taylor220@example.com,standard,APAC
john_thomas_221,test123,john.thomas221@example.com,standard,EU
john_miller_222,test123,john.miller222@example.com,standard,US
bob_brown_223,test123,bob.brown223@example.com,standard,EU
diana_thomas_224,test123,diana.thomas224@example.com,premium,APAC
charlie_wilson_225,test123,charlie.wilson225@example.com,standard,APAC
john_davis_226,test123,john.davis226@example.com,standard,EU
eva_miller_227,test123,eva.miller227@example.com,standard,US
diana_thomas_228,test123,diana.thomas228@example.com,premium,EU
eva_johnson_229,test123,eva.johnson229@example.com,standard,EU
john_taylor_230,test123,john.taylor230@example.com,standard,US
diana_miller_231,test123,diana.miller231@example.com,standard,US
jane_wilson_232,test123,jane.wilson232@example.com,standard,US
diana_miller_233,test123,diana.miller233@example.com,standard,EU
henry_wilson_234,test123,henry.wilson234@example.com,admin,US
charlie_taylor_235,test123,charlie.taylor235@example.com,premium,EU
grace_wilson_236,test123,grace.wilson236@example.com,premium,EU
eva_miller_237,test123,eva.miller237@example.com,premium,US
eva_johnson_238,test123,eva.johnson238@example.com,standard,APAC
diana_wilson_239,test123,diana.wilson239@example.com,standard,EU
charlie_thomas_240,test123,charlie.thomas240@example.com,standard,US
henry_smith_241,test123,henry.smith241@example.com,standard,US
diana_miller_242,test123,diana.miller242@example.com,standard,US
alice_brown_243,test123,alice.brown243@example.com,standard,EU
bob_moore_244,test123,bob.moore244@example.com,standard,EU
jane_smith_245,test123,jane.smith245@example.com,standard,EU
frank_miller_246,test123,frank.miller246@example.com,standard,US
diana_brown_247,test123,diana.brown247@example.com,standard,APAC
bob_anderson_248,test123,bob.anderson248@example.com,standard,US
alice_moore_249,test123,alice.moore249@example.com,premium,US
eva_anderson_250,test123,eva.anderson250@example.com,premium,EU
bob_anderson_251,test123,bob.anderson251@example.com,premium,US
alice_taylor_252,test123,alice.taylor252@example.com,standard,EU
frank_brown_253,test123,frank.brown253@example.com,premium,EU
jane_anderson_254,test123,jane.anderson254@example.com,standard,US
alice_thomas_255,test123,alice.thomas255@example.com,standard,US
frank_taylor_256,test123,frank.taylor256@example.com,standard,APAC
jane_smith_257,test123,jane.smith257@example.com,standard,US
alice_wilson_258,test123,alice.wilson258@example.com,premium,US
frank_moore_259,test123,frank.moore259@example.com,standard,US
grace_anderson_260,test123,grace.anderson260@example.com,admin,APAC
diana_miller_261,test123,diana.miller261@example.com,standard,US
eva_smith_262,test123,eva.smith262@example.com,standard,EU
henry_thomas_263,test123,henry.thomas263@example.com,standard,US
grace_brown_264,test123,grace.brown264@example.com,standard,US
grace_wilson_265,test123,grace.wilson265@example.com,standard,US
bob_moore_266,test123,bob.moore266@example.com,standard,EU
eva_johnson_267,test123,eva.johnson267@example.com,standard,APAC
jane_johnson_268,test123,jane.johnson268@example.com,standard,US
henry_wilson_269,test123,henry.wilson269@example.com,standard,US
bob_thomas_270,test123,bob.thomas270@example.com,standard,APAC
frank_miller_271,test123,frank.miller271@example.com,standard,EU
diana_brown_272,test123,diana.brown272@example.com,premium,US
alice_miller_273,test123,alice.miller273@example.com,standard,EU
john_miller_274,test123,john.miller274@example.com,premium,US
diana_miller_275,test123,diana.miller275@example.com,standard,APAC
diana_anderson_276,test123,diana.anderson276@example.com,premium,APAC
charlie_brown_277,test123,charlie.brown277@example.com,standard,US
diana_smith_278,test123,diana.smith278@example.com,premium,US
john_moore_279,test123,john.moore279@example.com,standard,APAC
henry_johnson_280,test123,henry.johnson280@example.com,standard,US
john_miller_281,test123,john.miller281@example.com,premium,EU
alice_thomas_282,test123,alice.thomas282@example.com,premium,US
bob_brown_283,test123,bob.brown283@example.com,premium,EU
eva_moore_284,test123,eva.moore284@example.com,standard,APAC
eva_wilson_285,test123,eva.wilson285@example.com,premium,US
alice_johnson_286,test123,alice.johnson286@example.com,standard,EU
diana_miller_287,test123,diana.miller287@example.com,standard,US
henry_smith_288,test123,henry.smith288@example.com,standard,US
grace_davis_289,test123,grace.davis289@example.com,standard,US
charlie_thomas_290,test123,charlie.thomas290@example.com,premium,EU
eva_johnson_291,test123,eva.johnson291@example.com,standard,US
henry_brown_292,test123,henry.brown292@example.com,standard,US
jane_brown_293,test123,jane.brown293@example.com,standard,US
frank_davis_294,test123,frank.davis294@example.com,standard,US
john_johnson_295,test123,john.johnson295@example.com,premium,US
jane_smith_296,test123,jane.smith296@example.com,standard,EU
charlie_thomas_297,test123,charlie.thomas297@example.com,standard,APAC
diana_thomas_298,test123,diana.thomas298@example.com,premium,EU
henry_brown_299,test123,henry.brown299@example.com,standard,EU
alice_johnson_300,test123,alice.johnson300@example.com,standard,US
eva_johnson_301,test123,eva.johnson301@example.com,standard,US
charlie_johnson_302,test123,charlie.johnson302@example.com,admin,EU
john_taylor_303,test123,john.taylor303@example.com,standard,US
bob_wilson_304,test123,bob.wilson304@example.com,standard,EU
charlie_thomas_305,test123,charlie.thomas305@example.com,premium,US
eva_miller_306,test123,eva.miller306@example.com,standard,APAC
henry_moore_307,test123,henry.moore307@example.com,premium,US
diana_davis_308,test123,diana.davis308@example.com,premium,APAC
diana_davis_309,test123,diana.davis309@example.com,standard,US
charlie_wilson_310,test123,charlie.wilson310@example.com,standard,US
grace_moore_311,test123,grace.moore311@example.com,standard,EU
bob_johnson_312,test123,bob.johnson312@example.com,standard,US
bob_taylor_313,test123,bob.taylor313@example.com,standard,APAC
grace_anderson_314,test123,grace.anderson314@example.com,premium,US
henry_davis_315,test123,henry.davis315@example.com,standard,US
john_moore_316,test123,john.moore316@example.com,premium,US
frank_davis_317,test123,frank.davis317@example.com,premium,APAC
charlie_smith_318,test123,charlie.smith318@example.com,premium,APAC
frank_smith_319,test123,frank.smith319@example.com,standard,US
jane_brown_320,test123,jane.brown320@example.com,standard,US
jane_wilson_321,test123,jane.wilson321@example.com,standard,EU
grace_johnson_322,test123,grace.johnson322@example.com,premium,EU
jane_moore_323,test123,jane.moore323@example.com,standard,APAC
henry_anderson_324,test123,henry.anderson324@example.com,standard,EU
henry_taylor_325,test123,henry.taylor325@example.com,standard,APAC
bob_wilson_326,test123,bob.wilson326@example.com,standard,APAC
alice_smith_327,test123,alice.smith327@example.com,standard,US
diana_moore_328,test123,diana.moore328@example.com,standard,US
grace_thomas_329,test123,grace.thomas329@example.com,premium,EU
jane_moore_330,test123,jane.moore330@example.com,standard,US
diana_thomas_331,test123,diana.thomas331@example.com,premium,APAC
alice_taylor_332,test123,alice.taylor332@example.com,premium,APAC
alice_brown_333,test123,alice.brown333@example.com,premium,APAC
henry_brown_334,test123,henry.brown334@example.com,standard,US
bob_taylor_335,test123,bob.taylor335@example.com,premium,US
john_brown_336,test123,john.brown336@example.com,premium,EU
alice_taylor_337,test123,alice.taylor337@example.com,standard,US
john_smith_338,test123,john.smith338@example.com,premium,US
bob_anderson_339,test123,bob.anderson339@example.com,standard,APAC
john_thomas_340,test123,john.thomas340@example.com,standard,EU
alice_thomas_341,test123,alice.thomas341@example.com,standard,US
bob_wilson_342,test123,bob.wilson342@example.com,standard,EU
john_smith_343,test123,john.smith343@example.com,standard,EU
grace_johnson_344,test123,grace.johnson344@example.com,premium,EU
eva_miller_345,test123,eva.miller345@example.com,admin,EU
john_wilson_346,test123,john.wilson346@example.com,standard,US
charlie_davis_347,test123,charlie.davis347@example.com,standard,EU
alice_thomas_348,test123,alice.thomas348@example.com,standard,US
john_brown_349,test123,john.brown349@example.com,standard,APAC
henry_moore_350,test123,henry.moore350@example.com,premium,EU
alice_moore_351,test123,alice.moore351@example.com,admin,US
alice_moore_352,test123,alice.moore352@example.com,standard,US
grace_anderson_353,test123,grace.anderson353@example.com,standard,EU
john_miller_354,test123,john.miller354@example.com,standard,US
charlie_johnson_355,test123,charlie.johnson355@example.com,standard,EU
henry_smith_356,test123,henry.smith356@example.com,standard,US
frank_anderson_357,test123,frank.anderson357@example.com,standard,APAC
alice_smith_358,test123,alice.smith358@example.com,standard,US
bob_smith_359,test123,bob.smith359@example.com,standard,US
alice_miller_360,test123,alice.miller360@example.com,standard,US
alice_davis_361,test123,alice.davis361@example.com,standard,US
john_miller_362,test123,john.miller362@example.com,standard,US
bob_taylor_363,test123,bob.taylor363@example.com,standard,US
john_smith_364,test123,john.smith364@example.com,premium,US
grace_smith_365,test123,grace.smith365@example.com,admin,US
john_davis_366,test123,john.davis366@example.com,standard,US
bob_davis_367,test123,bob.davis367@example.com,standard,US
john_anderson_368,test123,john.anderson368@example.com,standard,EU
john_brown_369,test123,john.brown369@example.com,standard,EU
grace_brown_370,test123,grace.brown370@example.com,standard,US
jane_taylor_371,test123,jane.taylor371@example.com,standard,US
henry_smith_372,test123,henry.smith372@example.com,standard,US
jane_anderson_373,test123,jane.anderson373@example.com,standard,EU
charlie_wilson_374,test123,charlie.wilson374@example.com,admin,EU
henry_taylor_375,test123,henry.taylor375@example.com,premium,US
frank_smith_376,test123,frank.smith376@example.com,standard,US
henry_anderson_377,test123,henry.anderson377@example.com,premium,EU
henry_taylor_378,test123,henry.taylor378@example.com,premium,US
diana_moore_379,test123,diana.moore379@example.com,premium,EU
frank_brown_380,test123,frank.brown380@example.com,premium,US
eva_johnson_381,test123,eva.johnson381@example.com,admin,US
alice_moore_382,test123,alice.moore382@example.com,standard,US
alice_anderson_383,test123,alice.anderson383@example.com,standard,US
eva_smith_384,test123,eva.smith384@example.com,standard,US
diana_thomas_385,test123,diana.thomas385@example.com,standard,US
john_anderson_386,test123,john.anderson386@example.com,standard,APAC
eva_moore_387,test123,eva.moore387@example.com,standard,US
john_thomas_388,test123,john.thomas388@example.com,standard,US
alice_davis_389,test123,alice.davis389@example.com,standard,EU
bob_thomas_390,test123,bob.thomas390@example.com,standard,US
bob_brown_391,test123,bob.brown391@example.com,standard,APAC
john_taylor_392,test123,john.taylor392@example.com,premium,US
grace_anderson_393,test123,grace.anderson393@example.com,premium,EU
henry_smith_394,test123,henry.smith394@example.com,premium,EU
charlie_smith_395,test123,charlie.smith395@example.com,standard,US
grace_smith_396,test123,grace.smith396@example.com,premium,US
jane_smith_397,test123,jane.smith397@example.com,standard,US
grace_moore_398,test123,grace.moore398@example.com,standard,US
john_anderson_399,test123,john.anderson399@example.com,standard,US
jane_johnson_400,test123,jane.johnson400@example.com,premium,APAC
eva_thomas_401,test123,eva.thomas401@example.com,standard,US
bob_brown_402,test123,bob.brown402@example.com,standard,EU
john_brown_403,test123,john.brown403@example.com,standard,EU
john_taylor_404,test123,john.taylor404@example.com,admin,EU
eva_miller_405,test123,eva.miller405@example.com,standard,US
henry_wilson_406,test123,henry.wilson406@example.com,standard,APAC
diana_moore_407,test123,diana.moore407@example.com,premium,US
henry_davis_408,test123,henry.davis408@example.com,premium,EU
alice_smith_409,test123,alice.smith409@example.com,standard,EU
henry_moore_410,test123,henry.moore410@example.com,premium,US
diana_anderson_411,test123,diana.anderson411@example.com,premium,EU
diana_johnson_412,test123,diana.johnson412@example.com,premium,US
jane_taylor_413,test123,jane.taylor413@example.com,premium,US
jane_miller_414,test123,jane.miller414@example.com,standard,APAC
frank_brown_415,test123,frank.brown415@example.com,standard,US
charlie_anderson_416,test123,charlie.anderson416@example.com,standard,US
bob_smith_417,test123,bob.smith417@example.com,standard,US
john_davis_418,test123,john.davis418@example.com,standard,US
eva_brown_419,test123,eva.brown419@example.com,standard,US
grace_davis_420,test123,grace.davis420@example.com,standard,US
bob_miller_421,test123,bob.miller421@example.com,admin,APAC
eva_brown_422,test123,eva.brown422@example.com,standard,US
henry_wilson_423,test123,henry.wilson423@example.com,premium,US
bob_brown_424,test123,bob.brown424@example.com,standard,US
john_anderson_425,test123,john.anderson425@example.com,admin,US
jane_smith_426,test123,jane.smith426@example.com,premium,US
john_moore_427,test123,john.moore427@example.com,premium,US
frank_taylor_428,test123,frank.taylor428@example.com,standard,US
henry_miller_429,test123,henry.miller429@example.com,standard,APAC
diana_moore_430,test123,diana.moore430@example.com,standard,US
jane_moore_431,test123,jane.moore431@example.com,standard,APAC
alice_smith_432,test123,alice.smith432@example.com,standard,EU
charlie_brown_433,test123,charlie.brown433@example.com,admin,US
eva_thomas_434,test123,eva.thomas434@example.com,standard,US
bob_anderson_435,test123,bob.anderson435@example.com,standard,US
alice_moore_436,test123,alice.moore436@example.com,premium,EU
diana_anderson_437,test123,diana.anderson437@example.com,standard,US
bob_thomas_438,test123,bob.thomas438@example.com,admin,US
john_brown_439,test123,john.brown439@example.com,standard,US
grace_johnson_440,test123,grace.johnson440@example.com,standard,US
diana_taylor_441,test123,diana.taylor441@example.com,standard,US
charlie_davis_442,test123,charlie.davis442@example.com,standard,US
charlie_thomas_443,test123,charlie.thomas443@example.com,standard,APAC
charlie_johnson_444,test123,charlie.johnson444@example.com,standard,US
grace_johnson_445,test123,grace.johnson445@example.com,standard,US
alice_johnson_446,test123,alice.johnson446@example.com,standard,APAC
john_brown_447,test123,john.brown447@example.com,standard,US
bob_davis_448,test123,bob.davis448@example.com,admin,EU
bob_taylor_449,test123,bob.taylor449@example.com,standard,US
john_smith_450,test123,john.smith450@example.com,standard,US
eva_davis_451,test123,eva.davis451@example.com,premium,US
eva_miller_452,test123,eva.miller452@example.com,admin,US
eva_davis_453,test123,eva.davis453@example.com,standard,US
john_davis_454,test123,john.davis454@example.com,standard,US
alice_anderson_455,test123,alice.anderson455@example.com,premium,APAC
john_johnson_456,test123,john.johnson456@example.com,standard,US
diana_moore_457,test123,diana.moore457@example.com,admin,US
eva_davis_458,test123,eva.davis458@example.com,premium,US
john_brown_459,test123,john.brown459@example.com,standard,US
alice_moore_460,test123,alice.moore460@example.com,premium,US
diana_smith_461,test123,diana.smith461@example.com,standard,US
henry_johnson_462,test123,henry.johnson462@example.com,standard,APAC
john_brown_463,test123,john.brown463@example.com,standard,EU
henry_miller_464,test123,henry.miller464@example.com,standard,US
jane_brown_465,test123,jane.brown465@example.com,standard,US
henry_taylor_466,test123,henry.taylor466@example.com,standard,US
alice_johnson_467,test123,alice.johnson467@example.com,standard,US
bob_davis_468,test123,bob.davis468@example.com,standard,EU
bob_smith_469,test123,bob.smith469@example.com,standard,US
bob_anderson_470,test123,bob.anderson470@example.com,premium,US
eva_anderson_471,test123,eva.anderson471@example.com,standard,EU
henry_moore_472,test123,henry.moore472@example.com,standard,APAC
bob_anderson_473,test123,bob.anderson473@example.com,standard,EU
henry_miller_474,test123,henry.miller474@example.com,standard,US
alice_thomas_475,test123,alice.thomas475@example.com,premium,US
diana_wilson_476,test123,diana.wilson476@example.com,standard,US
henry_anderson_477,test123,henry.anderson477@example.com,standard,APAC
john_anderson_478,test123,john.anderson478@example.com,admin,US
bob_moore_479,test123,bob.moore479@example.com,standard,US
grace_johnson_480,test123,grace.johnson480@example.com,standard,US
jane_moore_481,test123,jane.moore481@example.com,standard,US
frank_brown_482,test123,frank.brown482@example.com,standard,EU
john_anderson_483,test123,john.anderson483@example.com,standard,US
alice_moore_484,test123,alice.moore484@example.com,premium,US
eva_anderson_485,test123,eva.anderson485@example.com,standard,APAC
alice_moore_486,test123,alice.moore486@example.com,premium,US
diana_davis_487,test123,diana.davis487@example.com,standard,APAC
henry_smith_488,test123,henry.smith488@example.com,premium,US
jane_miller_489,test123,jane.miller489@example.com,standard,US
bob_taylor_490,test123,bob.taylor490@example.com,premium,EU
diana_taylor_491,test123,diana.taylor491@example.com,standard,US
frank_smith_492,test123,frank.smith492@example.com,premium,US
bob_davis_493,test123,bob.davis493@example.com,standard,EU
bob_taylor_494,test123,bob.taylor494@example.com,premium,EU
eva_taylor_495,test123,eva.taylor495@example.com,standard,US
eva_smith_496,test123,eva.smith496@example.com,admin,US
bob_moore_497,test123,bob.moore497@example.com,standard,US
jane_davis_498,test123,jane.davis498@example.com,standard,EU
eva_brown_499,test123,eva.brown499@example.com,premium,US
bob_smith_500,test123,bob.smith500@example.com,premium,EU
charlie_moore_501,test123,charlie.moore501@example.com,standard,EU
alice_moore_502,test123,alice.moore502@example.com,standard,US
charlie_moore_503,test123,charlie.moore503@example.com,standard,US
charlie_brown_504,test123,charlie.brown504@example.com,standard,APAC
grace_wilson_505,test123,grace.wilson505@example.com,admin,APAC
frank_smith_506,test123,frank.smith506@example.com,premium,EU
bob_smith_507,test123,bob.smith507@example.com,standard,EU
eva_taylor_508,test123,eva.taylor508@example.com,standard,US
henry_anderson_509,test123,henry.anderson509@example.com,standard,US
diana_miller_510,test123,diana.miller510@example.com,standard,US
diana_brown_511,test123,diana.brown511@example.com,standard,EU
alice_thomas_512,test123,alice.thomas512@example.com,standard,APAC
charlie_taylor_513,test123,charlie.taylor513@example.com,premium,EU
grace_moore_514,test123,grace.moore514@example.com,standard,US
jane_smith_515,test123,jane.smith515@example.com,standard,US
grace_miller_516,test123,grace.miller516@example.com,premium,US
henry_davis_517,test123,henry.davis517@example.com,standard,APAC
charlie_miller_518,test123,charlie.miller518@example.com,premium,US
charlie_johnson_519,test123,charlie.johnson519@example.com,premium,EU
alice_smith_520,test123,alice.smith520@example.com,admin,EU
henry_taylor_521,test123,henry.taylor521@example.com,standard,US
eva_smith_522,test123,eva.smith522@example.com,standard,US
diana_taylor_523,test123,diana.taylor523@example.com,standard,US
diana_wilson_524,test123,diana.wilson524@example.com,standard,US
jane_brown_525,test123,jane.brown525@example.com,standard,US
henry_moore_526,test123,henry.moore526@example.com,standard,APAC
bob_moore_527,test123,bob.moore527@example.com,standard,US
jane_miller_528,test123,jane.miller528@example.com,premium,US
alice_johnson_529,test123,alice.johnson529@example.com,standard,US
john_wilson_530,test123,john.wilson530@example.com,standard,EU
bob_miller_531,test123,bob.miller531@example.com,standard,APAC
grace_johnson_532,test123,grace.johnson532@example.com,premium,US
henry_brown_533,test123,henry.brown533@example.com,standard,US
jane_moore_534,test123,jane.moore534@example.com,standard,US
alice_johnson_535,test123,alice.johnson535@example.com,standard,EU
diana_davis_536,test123,diana.davis536@example.com,standard,EU
john_thomas_537,test123,john.thomas537@example.com,standard,US
diana_moore_538,test123,diana.moore538@example.com,standard,US
grace_thomas_539,test123,grace.thomas539@example.com,standard,US
john_anderson_540,test123,john.anderson540@example.com,standard,EU
eva_davis_541,test123,eva.davis541@example.com,standard,APAC
frank_thomas_542,test123,frank.thomas542@example.com,standard,US
charlie_thomas_543,test123,charlie.thomas543@example.com,admin,US
grace_anderson_544,test123,grace.anderson544@example.com,standard,EU
bob_moore_545,test123,bob.moore545@example.com,premium,US
jane_moore_546,test123,jane.moore546@example.com,standard,EU
charlie_wilson_547,test123,charlie.wilson547@example.com,standard,US
charlie_taylor_548,test123,charlie.taylor548@example.com,standard,US
henry_wilson_549,test123,henry.wilson549@example.com,premium,US
john_davis_550,test123,john.davis550@example.com,standard,US
alice_smith_551,test123,alice.smith551@example.com,standard,US
grace_brown_552,test123,grace.brown552@example.com,standard,US
jane_miller_553,test123,jane.miller553@example.com,standard,US
grace_miller_554,test123,grace.miller554@example.com,premium,US
charlie_johnson_555,test123,charlie.johnson555@example.com,standard,APAC
alice_taylor_556,test123,alice.taylor556@example.com,standard,US
eva_anderson_557,test123,eva.anderson557@example.com,standard,EU
jane_taylor_558,test123,jane.taylor558@example.com,premium,EU
diana_taylor_559,test123,diana.taylor559@example.com,premium,US
frank_johnson_560,test123,frank.johnson560@example.com,standard,US
diana_taylor_561,test123,diana.taylor561@example.com,admin,US
bob_thomas_562,test123,bob.thomas562@example.com,standard,US
frank_smith_563,test123,frank.smith563@example.com,premium,US
john_johnson_564,test123,john.johnson564@example.com,admin,US
bob_anderson_565,test123,bob.anderson565@example.com,standard,US
frank_miller_566,test123,frank.miller566@example.com,admin,US
frank_davis_567,test123,frank.davis567@example.com,standard,EU
diana_miller_568,test123,diana.miller568@example.com,admin,APAC
grace_johnson_569,test123,grace.johnson569@example.com,standard,EU
henry_moore_570,test123,henry.moore570@example.com,standard,EU
charlie_anderson_571,test123,charlie.anderson571@example.com,standard,US
alice_brown_572,test123,alice.brown572@example.com,standard,EU
bob_miller_573,test123,bob.miller573@example.com,premium,EU
eva_anderson_574,test123,eva.anderson574@example.com,standard,US
alice_wilson_575,test123,alice.wilson575@example.com,standard,US
bob_miller_576,test123,bob.miller576@example.com,premium,US
grace_davis_577,test123,grace.davis577@example.com,standard,US
bob_moore_578,test123,bob.moore578@example.com,standard,US
diana_moore_579,test123,diana.moore579@example.com,standard,US
frank_smith_580,test123,frank.smith580@example.com,standard,US
henry_davis_581,test123,henry.davis581@example.com,admin,US
alice_taylor_582,test123,alice.taylor582@example.com,standard,US
charlie_smith_583,test123,charlie.smith583@example.com,standard,EU
john_johnson_584,test123,john.johnson584@example.com,standard,EU
charlie_moore_585,test123,charlie.moore585@example.com,premium,US
charlie_smith_586,test123,charlie.smith586@example.com,standard,US
alice_taylor_587,test123,alice.taylor587@example.com,admin,US
jane_moore_588,test123,jane.moore588@example.com,standard,APAC
charlie_johnson_589,test123,charlie.johnson589@example.com,standard,US
frank_taylor_590,test123,frank.taylor590@example.com,standard,US
john_taylor_591,test123,john.taylor591@example.com,standard,US
jane_wilson_592,test123,jane.wilson592@example.com,standard,EU
grace_smith_593,test123,grace.smith593@example.com,premium,EU
henry_taylor_594,test123,henry.taylor594@example.com,premium,US
henry_smith_595,test123,henry.smith595@example.com,standard,US
bob_anderson_596,test123,bob.anderson596@example.com,standard,APAC
john_brown_597,test123,john.brown597@example.com,standard,US
diana_taylor_598,test123,diana.taylor598@example.com,standard,US
john_johnson_599,test123,john.johnson599@example.com,premium,US
jane_miller_600,test123,jane.miller600@example.com,premium,US
eva_johnson_601,test123,eva.johnson601@example.com,standard,EU
grace_smith_602,test123,grace.smith602@example.com,premium,EU
john_davis_603,test123,john.davis603@example.com,standard,US
john_brown_604,test123,john.brown604@example.com,standard,US
charlie_taylor_605,test123,charlie.taylor605@example.com,premium,US
charlie_brown_606,test123,charlie.brown606@example.com,admin,APAC
eva_anderson_607,test123,eva.anderson607@example.com,premium,US
eva_brown_608,test123,eva.brown608@example.com,premium,US
bob_davis_609,test123,bob.davis609@example.com,premium,APAC
alice_smith_610,test123,alice.smith610@example.com,standard,US
jane_thomas_611,test123,jane.thomas611@example.com,standard,US
john_moore_612,test123,john.moore612@example.com,standard,US
eva_wilson_613,test123,eva.wilson613@example.com,standard,US
jane_smith_614,test123,jane.smith614@example.com,standard,US
diana_miller_615,test123,diana.miller615@example.com,standard,APAC
grace_miller_616,test123,grace.miller616@example.com,standard,EU
frank_taylor_617,test123,frank.taylor617@example.com,standard,US
diana_johnson_618,test123,diana.johnson618@example.com,standard,US
henry_johnson_619,test123,henry.johnson619@example.com,standard,US
eva_moore_620,test123,eva.moore620@example.com,standard,EU
eva_davis_621,test123,eva.davis621@example.com,premium,EU
frank_davis_622,test123,frank.davis622@example.com,premium,US
john_miller_623,test123,john.miller623@example.com,standard,US
grace_thomas_624,test123,grace.thomas624@example.com,standard,EU
john_miller_625,test123,john.miller625@example.com,premium,US
charlie_miller_626,test123,charlie.miller626@example.com,premium,US
eva_taylor_627,test123,eva.taylor627@example.com,standard,APAC
jane_thomas_628,test123,jane.thomas628@example.com,premium,US
alice_brown_629,test123,alice.brown629@example.com,standard,US
jane_smith_630,test123,jane.smith630@example.com,standard,US
grace_davis_631,test123,grace.davis631@example.com,standard,EU
eva_wilson_632,test123,eva.wilson632@example.com,standard,US
jane_smith_633,test123,jane.smith633@example.com,standard,US
alice_davis_634,test123,alice.davis634@example.com,premium,US
alice_wilson_635,test123,alice.wilson635@example.com,standard,APAC
frank_wilson_636,test123,frank.wilson636@example.com,standard,US
diana_moore_637,test123,diana.moore637@example.com,premium,US
charlie_johnson_638,test123,charlie.johnson638@example.com,standard,EU
john_taylor_639,test123,john.taylor639@example.com,standard,US
grace_miller_640,test123,grace.miller640@example.com,standard,EU
diana_brown_641,test123,diana.brown641@example.com,standard,US
frank_taylor_642,test123,frank.taylor642@example.com,premium,US
charlie_smith_643,test123,charlie.smith643@example.com,standard,US
eva_miller_644,test123,eva.miller644@example.com,premium,US
diana_brown_645,test123,diana.brown645@example.com,premium,APAC
bob_wilson_646,test123,bob.wilson646@example.com,standard,US
alice_wilson_647,test123,alice.wilson647@example.com,standard,EU
jane_smith_648,test123,jane.smith648@example.com,standard,US
henry_moore_649,test123,henry.moore649@example.com,standard,APAC
grace_brown_650,test123,grace.brown650@example.com,standard,US
jane_thomas_651,test123,jane.thomas651@example.com,standard,US
alice_wilson_652,test123,alice.wilson652@example.com,standard,EU
henry_brown_653,test123,henry.brown653@example.com,standard,US
alice_wilson_654,test123,alice.wilson654@example.com,premium,US
jane_thomas_655,test123,jane.thomas655@example.com,standard,APAC
charlie_smith_656,test123,charlie.smith656@example.com,premium,US
eva_moore_657,test123,eva.moore657@example.com,premium,US
henry_davis_658,test123,henry.davis658@example.com,standard,EU
charlie_moore_659,test123,charlie.moore659@example.com,premium,US
frank_brown_660,test123,frank.brown660@example.com,standard,US
jane_smith_661,test123,jane.smith661@example.com,standard,US
diana_brown_662,test123,diana.brown662@example.com,premium,US
grace_anderson_663,test123,grace.anderson663@example.com,standard,US
bob_davis_664,test123,bob.davis664@example.com,premium,APAC
henry_smith_665,test123,henry.smith665@example.com,standard,EU
alice_smith_666,test123,alice.smith666@example.com,premium,APAC
grace_wilson_667,test123,grace.wilson667@example.com,standard,US
henry_moore_668,test123,henry.moore668@example.com,premium,US
eva_miller_669,test123,eva.miller669@example.com,standard,US
eva_miller_670,test123,eva.miller670@example.com,standard,EU
frank_johnson_671,test123,frank.johnson671@example.com,standard,EU
jane_miller_672,test123,jane.miller672@example.com,standard,US
john_taylor_673,test123,john.taylor673@example.com,premium,US
eva_moore_674,test123,eva.moore674@example.com,standard,US
eva_davis_675,test123,eva.davis675@example.com,premium,US
frank_taylor_676,test123,frank.taylor676@example.com,standard,APAC
bob_miller_677,test123,bob.miller677@example.com,admin,US
frank_brown_678,test123,frank.brown678@example.com,admin,APAC
henry_smith_679,test123,henry.smith679@example.com,standard,US
john_thomas_680,test123,john.thomas680@example.com,standard,US
eva_thomas_681,test123,eva.thomas681@example.com,premium,US
alice_wilson_682,test123,alice.wilson682@example.com,standard,US
grace_brown_683,test123,grace.brown683@example.com,standard,US
jane_miller_684,test123,jane.miller684@example.com,standard,US
diana_brown_685,test123,diana.brown685@example.com,standard,US
john_taylor_686,test123,john.taylor686@example.com,standard,APAC
jane_brown_687,test123,jane.brown687@example.com,premium,US
grace_brown_688,test123,grace.brown688@example.com,standard,US
jane_moore_689,test123,jane.moore689@example.com,premium,EU
grace_thomas_690,test123,grace.thomas690@example.com,standard,APAC
eva_brown_691,test123,eva.brown691@example.com,premium,US
diana_davis_692,test123,diana.davis692@example.com,premium,US
diana_davis_693,test123,diana.davis693@example.com,admin,US
alice_miller_694,test123,alice.miller694@example.com,standard,EU
john_brown_695,test123,john.brown695@example.com,standard,US
jane_wilson_696,test123,jane.wilson696@example.com,standard,US
henry_brown_697,test123,henry.brown697@example.com,standard,EU
frank_smith_698,test123,frank.smith698@example.com,standard,US
alice_taylor_699,test123,alice.taylor699@example.com,premium,EU
eva_taylor_700,test123,eva.taylor700@example.com,standard,EU
grace_anderson_701,test123,grace.anderson701@example.com,standard,US
eva_brown_702,test123,eva.brown702@example.com,premium,US
henry_smith_703,test123,henry.smith703@example.com,standard,EU
frank_thomas_704,test123,frank.thomas704@example.com,standard,EU
charlie_anderson_705,test123,charlie.anderson705@example.com,standard,EU
diana_moore_706,test123,diana.moore706@example.com,standard,APAC
diana_davis_707,test123,diana.davis707@example.com,standard,US
diana_anderson_708,test123,diana.anderson708@example.com,standard,US
diana_anderson_709,test123,diana.anderson709@example.com,standard,US
frank_thomas_710,test123,frank.thomas710@example.com,premium,EU
diana_thomas_711,test123,diana.thomas711@example.com,standard,US
bob_anderson_712,test123,bob.anderson712@example.com,standard,US
alice_smith_713,test123,alice.smith713@example.com,standard,US
jane_taylor_714,test123,jane.taylor714@example.com,admin,EU
diana_miller_715,test123,diana.miller715@example.com,standard,US
jane_johnson_716,test123,jane.johnson716@example.com,standard,US
diana_johnson_717,test123,diana.johnson717@example.com,standard,EU
grace_moore_718,test123,grace.moore718@example.com,standard,APAC
henry_johnson_719,test123,henry.johnson719@example.com,premium,EU
henry_taylor_720,test123,henry.taylor720@example.com,premium,US
eva_miller_721,test123,eva.miller721@example.com,premium,US
grace_anderson_722,test123,grace.anderson722@example.com,standard,US
frank_johnson_723,test123,frank.johnson723@example.com,standard,APAC
alice_moore_724,test123,alice.moore724@example.com,admin,APAC
henry_moore_725,test123,henry.moore725@example.com,standard,EU
eva_brown_726,test123,eva.brown726@example.com,standard,US
alice_davis_727,test123,alice.davis727@example.com,premium,APAC
john_smith_728,test123,john.smith728@example.com,standard,APAC
alice_anderson_729,test123,alice.anderson729@example.com,premium,US
jane_wilson_730,test123,jane.wilson730@example.com,standard,APAC
john_miller_731,test123,john.miller731@example.com,standard,EU
john_moore_732,test123,john.moore732@example.com,standard,US
henry_brown_733,test123,henry.brown733@example.com,standard,APAC
alice_miller_734,test123,alice.miller734@example.com,standard,US
frank_moore_735,test123,frank.moore735@example.com,standard,US
henry_miller_736,test123,henry.miller736@example.com,standard,APAC
charlie_johnson_737,test123,charlie.johnson737@example.com,standard,US
frank_anderson_738,test123,frank.anderson738@example.com,standard,US
charlie_miller_739,test123,charlie.miller739@example.com,standard,EU
charlie_anderson_740,test123,charlie.anderson740@example.com,standard,US
john_johnson_741,test123,john.johnson741@example.com,standard,US
frank_taylor_742,test123,frank.taylor742@example.com,standard,US
bob_davis_743,test123,bob.davis743@example.com,standard,EU
grace_taylor_744,test123,grace.taylor744@example.com,standard,EU
frank_miller_745,test123,frank.miller745@example.com,standard,APAC
eva_moore_746,test123,eva.moore746@example.com,admin,US
grace_wilson_747,test123,grace.wilson747@example.com,standard,US
frank_johnson_748,test123,frank.johnson748@example.com,standard,EU
diana_davis_749,test123,diana.davis749@example.com,admin,US
grace_miller_750,test123,grace.miller750@example.com,standard,EU
alice_davis_751,test123,alice.davis751@example.com,standard,US
diana_thomas_752,test123,diana.thomas752@example.com,standard,US
eva_wilson_753,test123,eva.wilson753@example.com,standard,US
diana_davis_754,test123,diana.davis754@example.com,premium,US
john_davis_755,test123,john.davis755@example.com,standard,APAC
alice_brown_756,test123,alice.brown756@example.com,standard,EU
frank_thomas_757,test123,frank.thomas757@example.com,standard,APAC
diana_smith_758,test123,diana.smith758@example.com,premium,US
grace_smith_759,test123,grace.smith759@example.com,premium,EU
grace_brown_760,test123,grace.brown760@example.com,premium,APAC
alice_taylor_761,test123,alice.taylor761@example.com,premium,US
eva_moore_762,test123,eva.moore762@example.com,standard,APAC
charlie_smith_763,test123,charlie.smith763@example.com,standard,EU
henry_moore_764,test123,henry.moore764@example.com,standard,EU
bob_brown_765,test123,bob.brown765@example.com,standard,APAC
diana_wilson_766,test123,diana.wilson766@example.com,premium,EU
jane_thomas_767,test123,jane.thomas767@example.com,standard,EU
alice_davis_768,test123,alice.davis768@example.com,standard,US
john_smith_769,test123,john.smith769@example.com,standard,US
bob_anderson_770,test123,bob.anderson770@example.com,standard,EU
henry_smith_771,test123,henry.smith771@example.com,standard,APAC
eva_wilson_772,test123,eva.wilson772@example.com,premium,US
frank_thomas_773,test123,frank.thomas773@example.com,standard,US
jane_smith_774,test123,jane.smith774@example.com,standard,US
bob_moore_775,test123,bob.moore775@example.com,premium,US
eva_davis_776,test123,eva.davis776@example.com,standard,APAC
diana_wilson_777,test123,diana.wilson777@example.com,premium,EU
jane_johnson_778,test123,jane.johnson778@example.com,standard,EU
charlie_anderson_779,test123,charlie.anderson779@example.com,standard,US
bob_wilson_780,test123,bob.wilson780@example.com,premium,APAC
charlie_davis_781,test123,charlie.davis781@example.com,standard,US
eva_taylor_782,test123,eva.taylor782@example.com,standard,EU
jane_moore_783,test123,jane.moore783@example.com,standard,EU
charlie_brown_784,test123,charlie.brown784@example.com,standard,APAC
eva_thomas_785,test123,eva.thomas785@example.com,standard,US
jane_smith_786,test123,jane.smith786@example.com,standard,US
jane_thomas_787,test123,jane.thomas787@example.com,premium,US
jane_smith_788,test123,jane.smith788@example.com,standard,US
diana_moore_789,test123,diana.moore789@example.com,standard,US
alice_brown_790,test123,alice.brown790@example.com,premium,APAC
charlie_anderson_791,test123,charlie.anderson791@example.com,standard,US
jane_moore_792,test123,jane.moore792@example.com,standard,US
bob_brown_793,test123,bob.brown793@example.com,premium,US
bob_thomas_794,test123,bob.thomas794@example.com,standard,US
jane_moore_795,test123,jane.moore795@example.com,premium,US
diana_anderson_796,test123,diana.anderson796@example.com,standard,APAC
henry_taylor_797,test123,henry.taylor797@example.com,admin,EU
alice_thomas_798,test123,alice.thomas798@example.com,standard,EU
bob_anderson_799,test123,bob.anderson799@example.com,standard,US
henry_thomas_800,test123,henry.thomas800@example.com,standard,US
charlie_anderson_801,test123,charlie.anderson801@example.com,standard,US
grace_smith_802,test123,grace.smith802@example.com,standard,EU
grace_moore_803,test123,grace.moore803@example.com,standard,EU
john_davis_804,test123,john.davis804@example.com,standard,US
charlie_thomas_805,test123,charlie.thomas805@example.com,premium,US
charlie_taylor_806,test123,charlie.taylor806@example.com,standard,EU
eva_smith_807,test123,eva.smith807@example.com,premium,US
jane_smith_808,test123,jane.smith808@example.com,standard,APAC
charlie_taylor_809,test123,charlie.taylor809@example.com,standard,US
charlie_miller_810,test123,charlie.miller810@example.com,standard,US
charlie_johnson_811,test123,charlie.johnson811@example.com,premium,US
frank_brown_812,test123,frank.brown812@example.com,standard,US
john_wilson_813,test123,john.wilson813@example.com,premium,US
jane_smith_814,test123,jane.smith814@example.com,standard,APAC
eva_miller_815,test123,eva.miller815@example.com,standard,EU
alice_davis_816,test123,alice.davis816@example.com,standard,US
charlie_davis_817,test123,charlie.davis817@example.com,standard,APAC
bob_moore_818,test123,bob.moore818@example.com,standard,APAC
grace_brown_819,test123,grace.brown819@example.com,standard,EU
bob_anderson_820,test123,bob.anderson820@example.com,standard,US
henry_davis_821,test123,henry.davis821@example.com,standard,APAC
henry_johnson_822,test123,henry.johnson822@example.com,standard,US
diana_moore_823,test123,diana.moore823@example.com,admin,US
diana_johnson_824,test123,diana.johnson824@example.com,standard,US
diana_johnson_825,test123,diana.johnson825@example.com,standard,US
frank_anderson_826,test123,frank.anderson826@example.com,standard,EU
grace_brown_827,test123,grace.brown827@example.com,premium,US
eva_davis_828,test123,eva.davis828@example.com,premium,US
henry_davis_829,test123,henry.davis829@example.com,standard,US
grace_thomas_830,test123,grace.thomas830@example.com,standard,EU
diana_wilson_831,test123,diana.wilson831@example.com,premium,US
grace_johnson_832,test123,grace.johnson832@example.com,standard,EU
bob_brown_833,test123,bob.brown833@example.com,standard,EU
alice_davis_834,test123,alice.davis834@example.com,standard,US
eva_smith_835,test123,eva.smith835@example.com,standard,US
eva_davis_836,test123,eva.davis836@example.com,standard,APAC
charlie_moore_837,test123,charlie.moore837@example.com,premium,US
grace_anderson_838,test123,grace.anderson838@example.com,standard,US
frank_thomas_839,test123,frank.thomas839@example.com,standard,EU
john_anderson_840,test123,john.anderson840@example.com,standard,US
jane_brown_841,test123,jane.brown841@example.com,standard,US
frank_moore_842,test123,frank.moore842@example.com,standard,EU
grace_miller_843,test123,grace.miller843@example.com,standard,US
bob_moore_844,test123,bob.moore844@example.com,premium,US
john_thomas_845,test123,john.thomas845@example.com,premium,US
grace_smith_846,test123,grace.smith846@example.com,standard,US
charlie_johnson_847,test123,charlie.johnson847@example.com,standard,EU
john_johnson_848,test123,john.johnson848@example.com,standard,US
charlie_thomas_849,test123,charlie.thomas849@example.com,standard,US
eva_brown_850,test123,eva.brown850@example.com,premium,EU
alice_moore_851,test123,alice.moore851@example.com,standard,EU
jane_smith_852,test123,jane.smith852@example.com,premium,APAC
alice_moore_853,test123,alice.moore853@example.com,standard,EU
jane_johnson_854,test123,jane.johnson854@example.com,premium,US
john_wilson_855,test123,john.wilson855@example.com,standard,US
frank_wilson_856,test123,frank.wilson856@example.com,premium,US
john_johnson_857,test123,john.johnson857@example.com,standard,EU
eva_johnson_858,test123,eva.johnson858@example.com,standard,US
john_miller_859,test123,john.miller859@example.com,standard,US
charlie_thomas_860,test123,charlie.thomas860@example.com,admin,US
eva_davis_861,test123,eva.davis861@example.com,standard,US
john_smith_862,test123,john.smith862@example.com,standard,EU
alice_johnson_863,test123,alice.johnson863@example.com,standard,APAC
diana_davis_864,test123,diana.davis864@example.com,standard,US
henry_johnson_865,test123,henry.johnson865@example.com,standard,US
henry_moore_866,test123,henry.moore866@example.com,premium,US
henry_miller_867,test123,henry.miller867@example.com,standard,APAC
frank_brown_868,test123,frank.brown868@example.com,standard,US
eva_brown_869,test123,eva.brown869@example.com,standard,US
john_wilson_870,test123,john.wilson870@example.com,premium,APAC
henry_moore_871,test123,henry.moore871@example.com,standard,US
jane_wilson_872,test123,jane.wilson872@example.com,standard,EU
bob_moore_873,test123,bob.moore873@example.com,premium,US
grace_johnson_874,test123,grace.johnson874@example.com,standard,EU
diana_wilson_875,test123,diana.wilson875@example.com,premium,US
alice_miller_876,test123,alice.miller876@example.com,standard,US
jane_smith_877,test123,jane.smith877@example.com,standard,EU
eva_davis_878,test123,eva.davis878@example.com,standard,EU
henry_davis_879,test123,henry.davis879@example.com,standard,EU
frank_brown_880,test123,frank.brown880@example.com,premium,US
john_wilson_881,test123,john.wilson881@example.com,standard,US
diana_smith_882,test123,diana.smith882@example.com,premium,US
frank_moore_883,test123,frank.moore883@example.com,standard,US
jane_taylor_884,test123,jane.taylor884@example.com,standard,APAC
grace_moore_885,test123,grace.moore885@example.com,standard,EU
bob_davis_886,test123,bob.davis886@example.com,standard,US
diana_wilson_887,test123,diana.wilson887@example.com,standard,US
alice_brown_888,test123,alice.brown888@example.com,admin,EU
henry_anderson_889,test123,henry.anderson889@example.com,standard,US
jane_wilson_890,test123,jane.wilson890@example.com,standard,US
charlie_davis_891,test123,charlie.davis891@example.com,standard,US
john_brown_892,test123,john.brown892@example.com,standard,US
grace_moore_893,test123,grace.moore893@example.com,premium,US
bob_davis_894,test123,bob.davis894@example.com,standard,EU
charlie_moore_895,test123,charlie.moore895@example.com,standard,EU
diana_miller_896,test123,diana.miller896@example.com,standard,US
diana_davis_897,test123,diana.davis897@example.com,standard,US
john_brown_898,test123,john.brown898@example.com,standard,US
john_moore_899,test123,john.moore899@example.com,standard,US
grace_johnson_900,test123,grace.johnson900@example.com,standard,US
eva_moore_901,test123,eva.moore901@example.com,premium,US
john_miller_902,test123,john.miller902@example.com,standard,US
charlie_anderson_903,test123,charlie.anderson903@example.com,standard,EU
frank_smith_904,test123,frank.smith904@example.com,standard,EU
henry_davis_905,test123,henry.davis905@example.com,standard,US
bob_thomas_906,test123,bob.thomas906@example.com,standard,EU
diana_thomas_907,test123,diana.thomas907@example.com,premium,US
diana_moore_908,test123,diana.moore908@example.com,admin,US
charlie_thomas_909,test123,charlie.thomas909@example.com,premium,US
charlie_moore_910,test123,charlie.moore910@example.com,standard,US
jane_johnson_911,test123,jane.johnson911@example.com,standard,US
grace_davis_912,test123,grace.davis912@example.com,standard,US
grace_wilson_913,test123,grace.wilson913@example.com,standard,US
jane_johnson_914,test123,jane.johnson914@example.com,premium,US
diana_thomas_915,test123,diana.thomas915@example.com,premium,EU
jane_brown_916,test123,jane.brown916@example.com,standard,US
jane_taylor_917,test123,jane.taylor917@example.com,standard,US
frank_taylor_918,test123,frank.taylor918@example.com,admin,US
eva_moore_919,test123,eva.moore919@example.com,standard,US
charlie_miller_920,test123,charlie.miller920@example.com,standard,US
grace_anderson_921,test123,grace.anderson921@example.com,standard,APAC
frank_miller_922,test123,frank.miller922@example.com,standard,US
grace_moore_923,test123,grace.moore923@example.com,standard,US
henry_anderson_924,test123,henry.anderson924@example.com,standard,EU
frank_wilson_925,test123,frank.wilson925@example.com,standard,APAC
henry_moore_926,test123,henry.moore926@example.com,standard,US
frank_moore_927,test123,frank.moore927@example.com,standard,EU
alice_davis_928,test123,alice.davis928@example.com,admin,EU
alice_thomas_929,test123,alice.thomas929@example.com,standard,US
jane_moore_930,test123,jane.moore930@example.com,standard,US
grace_thomas_931,test123,grace.thomas931@example.com,standard,EU
charlie_moore_932,test123,charlie.moore932@example.com,standard,US
diana_wilson_933,test123,diana.wilson933@example.com,standard,US
alice_miller_934,test123,alice.miller934@example.com,standard,APAC
frank_davis_935,test123,frank.davis935@example.com,standard,US
eva_davis_936,test123,eva.davis936@example.com,standard,US
bob_davis_937,test123,bob.davis937@example.com,standard,EU
jane_miller_938,test123,jane.miller938@example.com,standard,EU
henry_miller_939,test123,henry.miller939@example.com,standard,US
john_wilson_940,test123,john.wilson940@example.com,standard,US
henry_smith_941,test123,henry.smith941@example.com,admin,US
frank_anderson_942,test123,frank.anderson942@example.com,standard,EU
john_smith_943,test123,john.smith943@example.com,standard,US
eva_davis_944,test123,eva.davis944@example.com,standard,EU
henry_miller_945,test123,henry.miller945@example.com,standard,US
diana_brown_946,test123,diana.brown946@example.com,premium,EU
bob_moore_947,test123,bob.moore947@example.com,standard,US
eva_brown_948,test123,eva.brown948@example.com,standard,US
charlie_smith_949,test123,charlie.smith949@example.com,standard,EU
grace_davis_950,test123,grace.davis950@example.com,standard,EU
john_thomas_951,test123,john.thomas951@example.com,standard,US
frank_miller_952,test123,frank.miller952@example.com,standard,US
eva_johnson_953,test123,eva.johnson953@example.com,standard,US
henry_wilson_954,test123,henry.wilson954@example.com,standard,EU
john_johnson_955,test123,john.johnson955@example.com,premium,EU
eva_wilson_956,test123,eva.wilson956@example.com,standard,US
frank_anderson_957,test123,frank.anderson957@example.com,premium,US
eva_taylor_958,test123,eva.taylor958@example.com,premium,EU
john_anderson_959,test123,john.anderson959@example.com,standard,US
grace_taylor_960,test123,grace.taylor960@example.com,admin,US
eva_thomas_961,test123,eva.thomas961@example.com,standard,US
jane_wilson_962,test123,jane.wilson962@example.com,standard,EU
alice_anderson_963,test123,alice.anderson963@example.com,standard,US
bob_thomas_964,test123,bob.thomas964@example.com,premium,US
diana_smith_965,test123,diana.smith965@example.com,standard,EU
bob_miller_966,test123,bob.miller966@example.com,standard,US
frank_davis_967,test123,frank.davis967@example.com,premium,US
frank_anderson_968,test123,frank.anderson968@example.com,premium,US
grace_anderson_969,test123,grace.anderson969@example.com,premium,US
jane_smith_970,test123,jane.smith970@example.com,standard,EU
henry_thomas_971,test123,henry.thomas971@example.com,standard,US
diana_thomas_972,test123,diana.thomas972@example.com,standard,US
diana_smith_973,test123,diana.smith973@example.com,standard,EU
jane_anderson_974,test123,jane.anderson974@example.com,standard,APAC
eva_taylor_975,test123,eva.taylor975@example.com,premium,US
jane_taylor_976,test123,jane.taylor976@example.com,standard,US
frank_miller_977,test123,frank.miller977@example.com,premium,EU
frank_taylor_978,test123,frank.taylor978@example.com,premium,US
frank_miller_979,test123,frank.miller979@example.com,standard,EU
frank_brown_980,test123,frank.brown980@example.com,standard,APAC
john_brown_981,test123,john.brown981@example.com,admin,APAC
jane_brown_982,test123,jane.brown982@example.com,premium,US
jane_moore_983,test123,jane.moore983@example.com,standard,EU
bob_brown_984,test123,bob.brown984@example.com,standard,EU
john_brown_985,test123,john.brown985@example.com,standard,US
henry_smith_986,test123,henry.smith986@example.com,standard,EU
henry_wilson_987,test123,henry.wilson987@example.com,premium,US
henry_davis_988,test123,henry.davis988@example.com,admin,US
john_wilson_989,test123,john.wilson989@example.com,standard,US
alice_taylor_990,test123,alice.taylor990@example.com,standard,APAC
diana_wilson_991,test123,diana.wilson991@example.com,premium,APAC
diana_brown_992,test123,diana.brown992@example.com,premium,EU
grace_thomas_993,test123,grace.thomas993@example.com,standard,US
charlie_moore_994,test123,charlie.moore994@example.com,admin,US
henry_davis_995,test123,henry.davis995@example.com,premium,EU
eva_johnson_996,test123,eva.johnson996@example.com,premium,US
alice_johnson_997,test123,alice.johnson997@example.com,premium,US
jane_taylor_998,test123,jane.taylor998@example.com,standard,EU
frank_taylor_999,test123,frank.taylor999@example.com,standard,US
alice_anderson_1000,test123,alice.anderson1000@example.com,premium,APAC
diana_johnson_1001,test123,diana.johnson1001@example.com,standard,EU
jane_smith_1002,test123,jane.smith1002@example.com,standard,US
bob_davis_1003,test123,bob.davis1003@example.com,standard,EU
charlie_davis_1004,test123,charlie.davis1004@example.com,standard,US
john_thomas_1005,test123,john.thomas1005@example.com,standard,US
grace_wilson_1006,test123,grace.wilson1006@example.com,standard,US
henry_thomas_1007,test123,henry.thomas1007@example.com,standard,EU
charlie_anderson_1008,test123,charlie.anderson1008@example.com,premium,US
grace_moore_1009,test123,grace.moore1009@example.com,premium,US
eva_taylor_1010,test123,eva.taylor1010@example.com,standard,APAC
jane_johnson_1011,test123,jane.johnson1011@example.com,standard,EU
frank_johnson_1012,test123,frank.johnson1012@example.com,standard,EU
bob_davis_1013,test123,bob.davis1013@example.com,premium,US
diana_johnson_1014,test123,diana.johnson1014@example.com,standard,US
diana_wilson_1015,test123,diana.wilson1015@example.com,standard,APAC
john_anderson_1016,test123,john.anderson1016@example.com,premium,EU
john_anderson_1017,test123,john.anderson1017@example.com,standard,EU
jane_johnson_1018,test123,jane.johnson1018@example.com,standard,US
jane_smith_1019,test123,jane.smith1019@example.com,premium,EU
diana_brown_1020,test123,diana.brown1020@example.com,premium,US
henry_smith_1021,test123,henry.smith1021@example.com,admin,US
john_davis_1022,test123,john.davis1022@example.com,premium,EU
diana_anderson_1023,test123,diana.anderson1023@example.com,premium,APAC
diana_moore_1024,test123,diana.moore1024@example.com,standard,US
diana_thomas_1025,test123,diana.thomas1025@example.com,standard,US
bob_moore_1026,test123,bob.moore1026@example.com,standard,US
frank_taylor_1027,test123,frank.taylor1027@example.com,standard,APAC
john_davis_1028,test123,john.davis1028@example.com,standard,EU
diana_johnson_1029,test123,diana.johnson1029@example.com,standard,US
charlie_davis_1030,test123,charlie.davis1030@example.com,standard,APAC
grace_miller_1031,test123,grace.miller1031@example.com,standard,US
eva_brown_1032,test123,eva.brown1032@example.com,premium,EU
frank_anderson_1033,test123,frank.anderson1033@example.com,premium,EU
eva_thomas_1034,test123,eva.thomas1034@example.com,standard,US
alice_miller_1035,test123,alice.miller1035@example.com,standard,US
eva_miller_1036,test123,eva.miller1036@example.com,admin,US
john_johnson_1037,test123,john.johnson1037@example.com,standard,US
grace_taylor_1038,test123,grace.taylor1038@example.com,standard,US
jane_moore_1039,test123,jane.moore1039@example.com,standard,EU
henry_davis_1040,test123,henry.davis1040@example.com,admin,US
jane_thomas_1041,test123,jane.thomas1041@example.com,standard,APAC
alice_thomas_1042,test123,alice.thomas1042@example.com,standard,US
grace_moore_1043,test123,grace.moore1043@example.com,standard,US
john_thomas_1044,test123,john.thomas1044@example.com,standard,US
henry_davis_1045,test123,henry.davis1045@example.com,standard,US
charlie_moore_1046,test123,charlie.moore1046@example.com,premium,EU
charlie_wilson_1047,test123,charlie.wilson1047@example.com,standard,US
eva_smith_1048,test123,eva.smith1048@example.com,standard,EU
grace_brown_1049,test123,grace.brown1049@example.com,premium,US
diana_johnson_1050,test123,diana.johnson1050@example.com,premium,US
john_smith_1051,test123,john.smith1051@example.com,standard,US
henry_brown_1052,test123,henry.brown1052@example.com,admin,EU
charlie_brown_1053,test123,charlie.brown1053@example.com,standard,EU
john_anderson_1054,test123,john.anderson1054@example.com,standard,US
frank_anderson_1055,test123,frank.anderson1055@example.com,standard,EU
alice_thomas_1056,test123,alice.thomas1056@example.com,premium,US
bob_miller_1057,test123,bob.miller1057@example.com,standard,US
frank_davis_1058,test123,frank.davis1058@example.com,standard,EU
grace_thomas_1059,test123,grace.thomas1059@example.com,standard,APAC
alice_anderson_1060,test123,alice.anderson1060@example.com,standard,US
bob_smith_1061,test123,bob.smith1061@example.com,standard,US
grace_miller_1062,test123,grace.miller1062@example.com,premium,US
diana_wilson_1063,test123,diana.wilson1063@example.com,standard,EU
alice_moore_1064,test123,alice.moore1064@example.com,standard,US
jane_taylor_1065,test123,jane.taylor1065@example.com,premium,EU
diana_thomas_1066,test123,diana.thomas1066@example.com,standard,US
charlie_johnson_1067,test123,charlie.johnson1067@example.com,standard,US
frank_wilson_1068,test123,frank.wilson1068@example.com,premium,EU
john_thomas_1069,test123,john.thomas1069@example.com,standard,US
diana_wilson_1070,test123,diana.wilson1070@example.com,premium,US
diana_wilson_1071,test123,diana.wilson1071@example.com,standard,EU
frank_davis_1072,test123,frank.davis1072@example.com,standard,US
charlie_moore_1073,test123,charlie.moore1073@example.com,standard,EU
charlie_taylor_1074,test123,charlie.taylor1074@example.com,standard,EU
grace_miller_1075,test123,grace.miller1075@example.com,standard,US
frank_johnson_1076,test123,frank.johnson1076@example.com,standard,US
john_miller_1077,test123,john.miller1077@example.com,premium,EU
diana_johnson_1078,test123,diana.johnson1078@example.com,standard,US
charlie_anderson_1079,test123,charlie.anderson1079@example.com,admin,US
diana_wilson_1080,test123,diana.wilson1080@example.com,standard,US
frank_thomas_1081,test123,frank.thomas1081@example.com,premium,APAC
eva_miller_1082,test123,eva.miller1082@example.com,standard,US
alice_thomas_1083,test123,alice.thomas1083@example.com,standard,US
charlie_taylor_1084,test123,charlie.taylor1084@example.com,premium,US
bob_thomas_1085,test123,bob.thomas1085@example.com,standard,US
bob_brown_1086,test123,bob.brown1086@example.com,standard,APAC
jane_johnson_1087,test123,jane.johnson1087@example.com,premium,EU
john_miller_1088,test123,john.miller1088@example.com,premium,US
john_taylor_1089,test123,john.taylor1089@example.com,premium,US
grace_miller_1090,test123,grace.miller1090@example.com,standard,US
jane_brown_1091,test123,jane.brown1091@example.com,standard,US
jane_miller_1092,test123,jane.miller1092@example.com,premium,US
diana_brown_1093,test123,diana.brown1093@example.com,standard,APAC
bob_moore_1094,test123,bob.moore1094@example.com,premium,APAC
alice_anderson_1095,test123,alice.anderson1095@example.com,standard,US
eva_johnson_1096,test123,eva.johnson1096@example.com,admin,US
bob_anderson_1097,test123,bob.anderson1097@example.com,premium,US
grace_taylor_1098,test123,grace.taylor1098@example.com,standard,APAC
eva_taylor_1099,test123,eva.taylor1099@example.com,standard,EU
john_brown_1100,test123,john.brown1100@example.com,premium,US
grace_davis_1101,test123,grace.davis1101@example.com,premium,US
bob_taylor_1102,test123,bob.taylor1102@example.com,standard,US
frank_taylor_1103,test123,frank.taylor1103@example.com,premium,US
diana_anderson_1104,test123,diana.anderson1104@example.com,premium,APAC
frank_thomas_1105,test123,frank.thomas1105@example.com,premium,APAC
jane_wilson_1106,test123,jane.wilson1106@example.com,standard,US
henry_thomas_1107,test123,henry.thomas1107@example.com,standard,EU
alice_smith_1108,test123,alice.smith1108@example.com,standard,US
henry_johnson_1109,test123,henry.johnson1109@example.com,standard,EU
jane_wilson_1110,test123,jane.wilson1110@example.com,standard,US
charlie_smith_1111,test123,charlie.smith1111@example.com,standard,US
frank_moore_1112,test123,frank.moore1112@example.com,standard,EU
henry_johnson_1113,test123,henry.johnson1113@example.com,standard,US
grace_wilson_1114,test123,grace.wilson1114@example.com,standard,US
diana_taylor_1115,test123,diana.taylor1115@example.com,premium,APAC
henry_miller_1116,test123,henry.miller1116@example.com,admin,US
charlie_brown_1117,test123,charlie.brown1117@example.com,standard,US
grace_taylor_1118,test123,grace.taylor1118@example.com,premium,US
diana_miller_1119,test123,diana.miller1119@example.com,standard,APAC
alice_miller_1120,test123,alice.miller1120@example.com,premium,EU
henry_smith_1121,test123,henry.smith1121@example.com,standard,APAC
john_thomas_1122,test123,john.thomas1122@example.com,standard,US
henry_davis_1123,test123,henry.davis1123@example.com,standard,APAC
jane_thomas_1124,test123,jane.thomas1124@example.com,premium,US
diana_davis_1125,test123,diana.davis1125@example.com,admin,EU
diana_anderson_1126,test123,diana.anderson1126@example.com,standard,EU
henry_wilson_1127,test123,henry.wilson1127@example.com,standard,APAC
diana_taylor_1128,test123,diana.taylor1128@example.com,standard,EU
frank_brown_1129,test123,frank.brown1129@example.com,standard,EU
jane_brown_1130,test123,jane.brown1130@example.com,standard,US
alice_thomas_1131,test123,alice.thomas1131@example.com,standard,US
frank_davis_1132,test123,frank.davis1132@example.com,standard,US
bob_johnson_1133,test123,bob.johnson1133@example.com,standard,EU
henry_taylor_1134,test123,henry.taylor1134@example.com,standard,US
john_anderson_1135,test123,john.anderson1135@example.com,standard,US
jane_davis_1136,test123,jane.davis1136@example.com,standard,US
charlie_brown_1137,test123,charlie.brown1137@example.com,standard,US
charlie_wilson_1138,test123,charlie.wilson1138@example.com,standard,US
henry_moore_1139,test123,henry.moore1139@example.com,admin,US
henry_thomas_1140,test123,henry.thomas1140@example.com,premium,EU
frank_moore_1141,test123,frank.moore1141@example.com,standard,APAC
diana_wilson_1142,test123,diana.wilson1142@example.com,standard,EU
charlie_davis_1143,test123,charlie.davis1143@example.com,standard,US
diana_brown_1144,test123,diana.brown1144@example.com,standard,EU
alice_davis_1145,test123,alice.davis1145@example.com,standard,US
frank_moore_1146,test123,frank.moore1146@example.com,standard,APAC
grace_anderson_1147,test123,grace.anderson1147@example.com,premium,US
henry_brown_1148,test123,henry.brown1148@example.com,premium,APAC
frank_moore_1149,test123,frank.moore1149@example.com,standard,EU
frank_brown_1150,test123,frank.brown1150@example.com,premium,US
john_moore_1151,test123,john.moore1151@example.com,premium,EU
bob_thomas_1152,test123,bob.thomas1152@example.com,admin,US
jane_moore_1153,test123,jane.moore1153@example.com,standard,US
henry_thomas_1154,test123,henry.thomas1154@example.com,standard,US
john_moore_1155,test123,john.moore1155@example.com,standard,US
henry_davis_1156,test123,henry.davis1156@example.com,admin,APAC
john_moore_1157,test123,john.moore1157@example.com,standard,APAC
bob_miller_1158,test123,bob.miller1158@example.com,premium,EU
charlie_taylor_1159,test123,charlie.taylor1159@example.com,standard,APAC
frank_taylor_1160,test123,frank.taylor1160@example.com,premium,EU
diana_smith_1161,test123,diana.smith1161@example.com,premium,US
diana_miller_1162,test123,diana.miller1162@example.com,standard,US
eva_brown_1163,test123,eva.brown1163@example.com,standard,US
diana_taylor_1164,test123,diana.taylor1164@example.com,standard,EU
frank_moore_1165,test123,frank.moore1165@example.com,standard,US
eva_anderson_1166,test123,eva.anderson1166@example.com,standard,US
grace_smith_1167,test123,grace.smith1167@example.com,premium,US
eva_davis_1168,test123,eva.davis1168@example.com,premium,US
alice_brown_1169,test123,alice.brown1169@example.com,standard,US
eva_brown_1170,test123,eva.brown1170@example.com,standard,US
diana_wilson_1171,test123,diana.wilson1171@example.com,standard,US
diana_davis_1172,test123,diana.davis1172@example.com,premium,APAC
eva_anderson_1173,test123,eva.anderson1173@example.com,premium,EU
charlie_taylor_1174,test123,charlie.taylor1174@example.com,standard,EU
jane_wilson_1175,test123,jane.wilson1175@example.com,premium,US
eva_thomas_1176,test123,eva.thomas1176@example.com,standard,US
eva_taylor_1177,test123,eva.taylor1177@example.com,standard,US
diana_anderson_1178,test123,diana.anderson1178@example.com,standard,US
grace_smith_1179,test123,grace.smith1179@example.com,standard,APAC
jane_brown_1180,test123,jane.brown1180@example.com,standard,EU
jane_wilson_1181,test123,jane.wilson1181@example.com,premium,APAC
diana_anderson_1182,test123,diana.anderson1182@example.com,standard,EU
henry_miller_1183,test123,henry.miller1183@example.com,premium,APAC
henry_miller_1184,test123,henry.miller1184@example.com,standard,EU
henry_anderson_1185,test123,henry.anderson1185@example.com,standard,EU
henry_moore_1186,test123,henry.moore1186@example.com,premium,US
charlie_johnson_1187,test123,charlie.johnson1187@example.com,standard,US
charlie_johnson_1188,test123,charlie.johnson1188@example.com,standard,US
frank_brown_1189,test123,frank.brown1189@example.com,standard,APAC
bob_miller_1190,test123,bob.miller1190@example.com,standard,US
eva_taylor_1191,test123,eva.taylor1191@example.com,standard,APAC
john_thomas_1192,test123,john.thomas1192@example.com,standard,US
eva_taylor_1193,test123,eva.taylor1193@example.com,standard,EU
diana_smith_1194,test123,diana.smith1194@example.com,standard,US
john_miller_1195,test123,john.miller1195@example.com,standard,EU
jane_wilson_1196,test123,jane.wilson1196@example.com,premium,US
charlie_moore_1197,test123,charlie.moore1197@example.com,standard,US
frank_smith_1198,test123,frank.smith1198@example.com,standard,EU
charlie_moore_1199,test123,charlie.moore1199@example.com,standard,US
eva_johnson_1200,test123,eva.johnson1200@example.com,standard,US
diana_johnson_1201,test123,diana.johnson1201@example.com,standard,EU
alice_thomas_1202,test123,alice.thomas1202@example.com,standard,US
diana_smith_1203,test123,diana.smith1203@example.com,standard,US
alice_smith_1204,test123,alice.smith1204@example.com,standard,US
charlie_smith_1205,test123,charlie.smith1205@example.com,standard,US
john_davis_1206,test123,john.davis1206@example.com,premium,US
grace_thomas_1207,test123,grace.thomas1207@example.com,standard,US
john_smith_1208,test123,john.smith1208@example.com,premium,US
alice_thomas_1209,test123,alice.thomas1209@example.com,standard,US
charlie_davis_1210,test123,charlie.davis1210@example.com,premium,US
diana_johnson_1211,test123,diana.johnson1211@example.com,standard,EU
john_anderson_1212,test123,john.anderson1212@example.com,standard,US
frank_wilson_1213,test123,frank.wilson1213@example.com,premium,EU
frank_thomas_1214,test123,frank.thomas1214@example.com,standard,US
grace_davis_1215,test123,grace.davis1215@example.com,standard,US
henry_smith_1216,test123,henry.smith1216@example.com,admin,US
john_moore_1217,test123,john.moore1217@example.com,standard,US
john_wilson_1218,test123,john.wilson1218@example.com,standard,US
john_davis_1219,test123,john.davis1219@example.com,standard,EU
henry_wilson_1220,test123,henry.wilson1220@example.com,admin,US
jane_brown_1221,test123,jane.brown1221@example.com,standard,EU
charlie_moore_1222,test123,charlie.moore1222@example.com,standard,US
grace_wilson_1223,test123,grace.wilson1223@example.com,standard,US
alice_johnson_1224,test123,alice.johnson1224@example.com,premium,US
john_brown_1225,test123,john.brown1225@example.com,standard,EU
frank_anderson_1226,test123,frank.anderson1226@example.com,standard,US
eva_wilson_1227,test123,eva.wilson1227@example.com,standard,US
john_moore_1228,test123,john.moore1228@example.com,standard,APAC
frank_johnson_1229,test123,frank.johnson1229@example.com,standard,US
alice_brown_1230,test123,alice.brown1230@example.com,standard,APAC
alice_anderson_1231,test123,alice.anderson1231@example.com,standard,US
henry_anderson_1232,test123,henry.anderson1232@example.com,premium,US
charlie_wilson_1233,test123,charlie.wilson1233@example.com,standard,APAC
henry_thomas_1234,test123,henry.thomas1234@example.com,standard,US
jane_anderson_1235,test123,jane.anderson1235@example.com,standard,US
alice_brown_1236,test123,alice.brown1236@example.com,standard,US
grace_smith_1237,test123,grace.smith1237@example.com,standard,EU
frank_taylor_1238,test123,frank.taylor1238@example.com,premium,US
eva_miller_1239,test123,eva.miller1239@example.com,premium,EU
henry_brown_1240,test123,henry.brown1240@example.com,standard,US
henry_davis_1241,test123,henry.davis1241@example.com,standard,US
diana_brown_1242,test123,diana.brown1242@example.com,standard,APAC
diana_moore_1243,test123,diana.moore1243@example.com,premium,US
charlie_taylor_1244,test123,charlie.taylor1244@example.com,standard,US
frank_thomas_1245,test123,frank.thomas1245@example.com,standard,US
eva_smith_1246,test123,eva.smith1246@example.com,standard,US
eva_anderson_1247,test123,eva.anderson1247@example.com,admin,APAC
jane_anderson_1248,test123,jane.anderson1248@example.com,standard,US
charlie_taylor_1249,test123,charlie.taylor1249@example.com,premium,US
henry_thomas_1250,test123,henry.thomas1250@example.com,premium,US
henry_moore_1251,test123,henry.moore1251@example.com,premium,US
jane_anderson_1252,test123,jane.anderson1252@example.com,standard,EU
grace_davis_1253,test123,grace.davis1253@example.com,premium,US
alice_johnson_1254,test123,alice.johnson1254@example.com,standard,US
john_thomas_1255,test123,john.thomas1255@example.com,standard,EU
frank_johnson_1256,test123,frank.johnson1256@example.com,standard,US
diana_wilson_1257,test123,diana.wilson1257@example.com,standard,US
charlie_johnson_1258,test123,charlie.johnson1258@example.com,standard,EU
john_anderson_1259,test123,john.anderson1259@example.com,standard,EU
grace_taylor_1260,test123,grace.taylor1260@example.com,premium,APAC
bob_brown_1261,test123,bob.brown1261@example.com,premium,US
charlie_miller_1262,test123,charlie.miller1262@example.com,standard,EU
jane_taylor_1263,test123,jane.taylor1263@example.com,premium,EU
diana_anderson_1264,test123,diana.anderson1264@example.com,standard,APAC
diana_moore_1265,test123,diana.moore1265@example.com,standard,US
diana_miller_1266,test123,diana.miller1266@example.com,premium,EU
jane_davis_1267,test123,jane.davis1267@example.com,admin,APAC
john_smith_1268,test123,john.smith1268@example.com,standard,US
john_brown_1269,test123,john.brown1269@example.com,admin,US
frank_anderson_1270,test123,frank.anderson1270@example.com,standard,APAC
henry_taylor_1271,test123,henry.taylor1271@example.com,premium,US
henry_brown_1272,test123,henry.brown1272@example.com,standard,US
jane_brown_1273,test123,jane.brown1273@example.com,standard,APAC
eva_wilson_1274,test123,eva.wilson1274@example.com,standard,APAC
henry_johnson_1275,test123,henry.johnson1275@example.com,premium,APAC
charlie_taylor_1276,test123,charlie.taylor1276@example.com,standard,APAC
grace_miller_1277,test123,grace.miller1277@example.com,standard,EU
henry_taylor_1278,test123,henry.taylor1278@example.com,premium,APAC
charlie_anderson_1279,test123,charlie.anderson1279@example.com,premium,US
henry_miller_1280,test123,henry.miller1280@example.com,standard,US
frank_smith_1281,test123,frank.smith1281@example.com,premium,EU
frank_anderson_1282,test123,frank.anderson1282@example.com,standard,APAC
frank_johnson_1283,test123,frank.johnson1283@example.com,premium,EU
diana_thomas_1284,test123,diana.thomas1284@example.com,standard,APAC
charlie_wilson_1285,test123,charlie.wilson1285@example.com,premium,APAC
jane_miller_1286,test123,jane.miller1286@example.com,standard,US
diana_miller_1287,test123,diana.miller1287@example.com,standard,EU
grace_davis_1288,test123,grace.davis1288@example.com,standard,US
bob_miller_1289,test123,bob.miller1289@example.com,standard,US
henry_davis_1290,test123,henry.davis1290@example.com,standard,US
grace_brown_1291,test123,grace.brown1291@example.com,standard,EU
john_johnson_1292,test123,john.johnson1292@example.com,standard,US
charlie_smith_1293,test123,charlie.smith1293@example.com,standard,US
jane_thomas_1294,test123,jane.thomas1294@example.com,standard,US
john_johnson_1295,test123,john.johnson1295@example.com,premium,US
diana_thomas_1296,test123,diana.thomas1296@example.com,standard,US
bob_brown_1297,test123,bob.brown1297@example.com,standard,US
bob_wilson_1298,test123,bob.wilson1298@example.com,premium,APAC
grace_anderson_1299,test123,grace.anderson1299@example.com,standard,US
jane_moore_1300,test123,jane.moore1300@example.com,standard,US
john_moore_1301,test123,john.moore1301@example.com,standard,US
frank_smith_1302,test123,frank.smith1302@example.com,standard,US
diana_johnson_1303,test123,diana.johnson1303@example.com,standard,US
diana_miller_1304,test123,diana.miller1304@example.com,standard,EU
grace_anderson_1305,test123,grace.anderson1305@example.com,standard,EU
alice_moore_1306,test123,alice.moore1306@example.com,premium,APAC
henry_brown_1307,test123,henry.brown1307@example.com,standard,APAC
alice_taylor_1308,test123,alice.taylor1308@example.com,standard,US
charlie_miller_1309,test123,charlie.miller1309@example.com,standard,US
diana_miller_1310,test123,diana.miller1310@example.com,premium,US
grace_johnson_1311,test123,grace.johnson1311@example.com,standard,EU
henry_miller_1312,test123,henry.miller1312@example.com,standard,EU
frank_miller_1313,test123,frank.miller1313@example.com,premium,US
alice_davis_1314,test123,alice.davis1314@example.com,standard,EU
eva_davis_1315,test123,eva.davis1315@example.com,premium,US
bob_miller_1316,test123,bob.miller1316@example.com,standard,APAC
diana_anderson_1317,test123,diana.anderson1317@example.com,standard,US
bob_wilson_1318,test123,bob.wilson1318@example.com,premium,EU
diana_anderson_1319,test123,diana.anderson1319@example.com,standard,US
diana_moore_1320,test123,diana.moore1320@example.com,standard,EU
john_anderson_1321,test123,john.anderson1321@example.com,standard,EU
john_davis_1322,test123,john.davis1322@example.com,standard,US
eva_johnson_1323,test123,eva.johnson1323@example.com,standard,US
alice_moore_1324,test123,alice.moore1324@example.com,standard,EU
frank_davis_1325,test123,frank.davis1325@example.com,premium,EU
frank_brown_1326,test123,frank.brown1326@example.com,standard,US
eva_davis_1327,test123,eva.davis1327@example.com,premium,APAC
diana_miller_1328,test123,diana.miller1328@example.com,premium,US
john_thomas_1329,test123,john.thomas1329@example.com,standard,US
alice_wilson_1330,test123,alice.wilson1330@example.com,standard,US
jane_davis_1331,test123,jane.davis1331@example.com,standard,EU
eva_smith_1332,test123,eva.smith1332@example.com,standard,APAC
diana_taylor_1333,test123,diana.taylor1333@example.com,standard,US
alice_davis_1334,test123,alice.davis1334@example.com,standard,US
grace_johnson_1335,test123,grace.johnson1335@example.com,standard,EU
jane_brown_1336,test123,jane.brown1336@example.com,standard,US
diana_davis_1337,test123,diana.davis1337@example.com,standard,EU
charlie_smith_1338,test123,charlie.smith1338@example.com,premium,US
eva_johnson_1339,test123,eva.johnson1339@example.com,standard,US
john_moore_1340,test123,john.moore1340@example.com,standard,US
frank_anderson_1341,test123,frank.anderson1341@example.com,standard,US
eva_anderson_1342,test123,eva.anderson1342@example.com,standard,APAC
henry_johnson_1343,test123,henry.johnson1343@example.com,premium,US
grace_moore_1344,test123,grace.moore1344@example.com,premium,EU
diana_moore_1345,test123,diana.moore1345@example.com,standard,US
jane_johnson_1346,test123,jane.johnson1346@example.com,admin,EU
grace_thomas_1347,test123,grace.thomas1347@example.com,premium,US
john_brown_1348,test123,john.brown1348@example.com,standard,EU
john_smith_1349,test123,john.smith1349@example.com,standard,US
charlie_thomas_1350,test123,charlie.thomas1350@example.com,standard,US
jane_brown_1351,test123,jane.brown1351@example.com,standard,US
charlie_miller_1352,test123,charlie.miller1352@example.com,standard,US
henry_davis_1353,test123,henry.davis1353@example.com,standard,EU
eva_thomas_1354,test123,eva.thomas1354@example.com,standard,EU
alice_taylor_1355,test123,alice.taylor1355@example.com,standard,US
jane_brown_1356,test123,jane.brown1356@example.com,premium,US
diana_taylor_1357,test123,diana.taylor1357@example.com,standard,US
henry_smith_1358,test123,henry.smith1358@example.com,standard,APAC
eva_davis_1359,test123,eva.davis1359@example.com,standard,US
alice_brown_1360,test123,alice.brown1360@example.com,standard,EU
grace_taylor_1361,test123,grace.taylor1361@example.com,standard,US
alice_anderson_1362,test123,alice.anderson1362@example.com,standard,US
alice_taylor_1363,test123,alice.taylor1363@example.com,standard,APAC
diana_johnson_1364,test123,diana.johnson1364@example.com,premium,US
john_moore_1365,test123,john.moore1365@example.com,standard,EU
bob_anderson_1366,test123,bob.anderson1366@example.com,standard,US
frank_johnson_1367,test123,frank.johnson1367@example.com,premium,US
grace_taylor_1368,test123,grace.taylor1368@example.com,admin,US
henry_miller_1369,test123,henry.miller1369@example.com,standard,EU
bob_moore_1370,test123,bob.moore1370@example.com,standard,US
jane_davis_1371,test123,jane.davis1371@example.com,standard,APAC
alice_johnson_1372,test123,alice.johnson1372@example.com,premium,US
eva_anderson_1373,test123,eva.anderson1373@example.com,admin,EU
frank_miller_1374,test123,frank.miller1374@example.com,standard,US
frank_taylor_1375,test123,frank.taylor1375@example.com,standard,US
frank_moore_1376,test123,frank.moore1376@example.com,standard,US
jane_anderson_1377,test123,jane.anderson1377@example.com,standard,EU
diana_smith_1378,test123,diana.smith1378@example.com,standard,US
grace_taylor_1379,test123,grace.taylor1379@example.com,admin,US
john_wilson_1380,test123,john.wilson1380@example.com,admin,APAC
john_thomas_1381,test123,john.thomas1381@example.com,premium,EU
john_thomas_1382,test123,john.thomas1382@example.com,standard,US
jane_miller_1383,test123,jane.miller1383@example.com,standard,US
john_anderson_1384,test123,john.anderson1384@example.com,standard,US
jane_brown_1385,test123,jane.brown1385@example.com,standard,US
john_davis_1386,test123,john.davis1386@example.com,premium,US
jane_brown_1387,test123,jane.brown1387@example.com,standard,APAC
grace_davis_1388,test123,grace.davis1388@example.com,standard,US
grace_anderson_1389,test123,grace.anderson1389@example.com,standard,US
diana_miller_1390,test123,diana.miller1390@example.com,premium,EU
henry_johnson_1391,test123,henry.johnson1391@example.com,admin,US
diana_wilson_1392,test123,diana.wilson1392@example.com,standard,US
frank_anderson_1393,test123,frank.anderson1393@example.com,standard,APAC
jane_brown_1394,test123,jane.brown1394@example.com,standard,US
frank_johnson_1395,test123,frank.johnson1395@example.com,premium,US
eva_anderson_1396,test123,eva.anderson1396@example.com,standard,US
frank_smith_1397,test123,frank.smith1397@example.com,premium,US
jane_wilson_1398,test123,jane.wilson1398@example.com,standard,US
jane_moore_1399,test123,jane.moore1399@example.com,premium,APAC
bob_johnson_1400,test123,bob.johnson1400@example.com,standard,US
diana_johnson_1401,test123,diana.johnson1401@example.com,standard,US
charlie_smith_1402,test123,charlie.smith1402@example.com,standard,EU
eva_smith_1403,test123,eva.smith1403@example.com,standard,US
eva_wilson_1404,test123,eva.wilson1404@example.com,standard,US
jane_wilson_1405,test123,jane.wilson1405@example.com,standard,US
jane_anderson_1406,test123,jane.anderson1406@example.com,premium,US
bob_johnson_1407,test123,bob.johnson1407@example.com,standard,EU
john_smith_1408,test123,john.smith1408@example.com,standard,US
john_davis_1409,test123,john.davis1409@example.com,standard,US
john_brown_1410,test123,john.brown1410@example.com,standard,US
frank_smith_1411,test123,frank.smith1411@example.com,standard,US
henry_anderson_1412,test123,henry.anderson1412@example.com,standard,EU
alice_miller_1413,test123,alice.miller1413@example.com,standard,US
eva_thomas_1414,test123,eva.thomas1414@example.com,premium,US
grace_thomas_1415,test123,grace.thomas1415@example.com,standard,US
diana_davis_1416,test123,diana.davis1416@example.com,premium,US
eva_anderson_1417,test123,eva.anderson1417@example.com,admin,US
eva_johnson_1418,test123,eva.johnson1418@example.com,premium,EU
grace_thomas_1419,test123,grace.thomas1419@example.com,premium,US
bob_miller_1420,test123,bob.miller1420@example.com,standard,EU
bob_anderson_1421,test123,bob.anderson1421@example.com,premium,EU
john_moore_1422,test123,john.moore1422@example.com,premium,US
alice_thomas_1423,test123,alice.thomas1423@example.com,standard,EU
charlie_wilson_1424,test123,charlie.wilson1424@example.com,premium,EU
henry_taylor_1425,test123,henry.taylor1425@example.com,standard,US
alice_anderson_1426,test123,alice.anderson1426@example.com,standard,APAC
alice_johnson_1427,test123,alice.johnson1427@example.com,standard,US
frank_davis_1428,test123,frank.davis1428@example.com,standard,US
eva_brown_1429,test123,eva.brown1429@example.com,standard,EU
grace_taylor_1430,test123,grace.taylor1430@example.com,standard,US
john_taylor_1431,test123,john.taylor1431@example.com,premium,US
alice_brown_1432,test123,alice.brown1432@example.com,admin,EU
eva_davis_1433,test123,eva.davis1433@example.com,standard,US
alice_miller_1434,test123,alice.miller1434@example.com,standard,US
john_brown_1435,test123,john.brown1435@example.com,standard,US
henry_wilson_1436,test123,henry.wilson1436@example.com,premium,EU
frank_taylor_1437,test123,frank.taylor1437@example.com,standard,US
bob_johnson_1438,test123,bob.johnson1438@example.com,standard,US
bob_thomas_1439,test123,bob.thomas1439@example.com,standard,US
diana_taylor_1440,test123,diana.taylor1440@example.com,premium,APAC
bob_thomas_1441,test123,bob.thomas1441@example.com,standard,US
diana_davis_1442,test123,diana.davis1442@example.com,premium,EU
diana_brown_1443,test123,diana.brown1443@example.com,standard,US
grace_johnson_1444,test123,grace.johnson1444@example.com,premium,US
jane_brown_1445,test123,jane.brown1445@example.com,standard,US
jane_brown_1446,test123,jane.brown1446@example.com,standard,EU
alice_moore_1447,test123,alice.moore1447@example.com,premium,EU
charlie_thomas_1448,test123,charlie.thomas1448@example.com,admin,US
henry_smith_1449,test123,henry.smith1449@example.com,standard,US
john_brown_1450,test123,john.brown1450@example.com,standard,EU
henry_thomas_1451,test123,henry.thomas1451@example.com,standard,US
charlie_brown_1452,test123,charlie.brown1452@example.com,premium,US
charlie_davis_1453,test123,charlie.davis1453@example.com,standard,US
grace_wilson_1454,test123,grace.wilson1454@example.com,admin,US
frank_anderson_1455,test123,frank.anderson1455@example.com,premium,EU
frank_miller_1456,test123,frank.miller1456@example.com,standard,US
charlie_moore_1457,test123,charlie.moore1457@example.com,premium,US
bob_brown_1458,test123,bob.brown1458@example.com,premium,EU
frank_miller_1459,test123,frank.miller1459@example.com,premium,US
grace_johnson_1460,test123,grace.johnson1460@example.com,premium,EU
alice_davis_1461,test123,alice.davis1461@example.com,standard,US
bob_davis_1462,test123,bob.davis1462@example.com,admin,US
jane_thomas_1463,test123,jane.thomas1463@example.com,premium,US
alice_moore_1464,test123,alice.moore1464@example.com,premium,EU
john_smith_1465,test123,john.smith1465@example.com,standard,EU
grace_taylor_1466,test123,grace.taylor1466@example.com,standard,EU
grace_wilson_1467,test123,grace.wilson1467@example.com,standard,US
bob_taylor_1468,test123,bob.taylor1468@example.com,standard,US
john_brown_1469,test123,john.brown1469@example.com,premium,EU
charlie_smith_1470,test123,charlie.smith1470@example.com,standard,US
frank_moore_1471,test123,frank.moore1471@example.com,standard,US
jane_thomas_1472,test123,jane.thomas1472@example.com,standard,US
charlie_davis_1473,test123,charlie.davis1473@example.com,standard,US
grace_moore_1474,test123,grace.moore1474@example.com,standard,US
charlie_taylor_1475,test123,charlie.taylor1475@example.com,admin,US
grace_miller_1476,test123,grace.miller1476@example.com,standard,US
eva_thomas_1477,test123,eva.thomas1477@example.com,standard,US
frank_johnson_1478,test123,frank.johnson1478@example.com,standard,APAC
eva_smith_1479,test123,eva.smith1479@example.com,premium,US
john_johnson_1480,test123,john.johnson1480@example.com,standard,US
henry_miller_1481,test123,henry.miller1481@example.com,premium,US
frank_moore_1482,test123,frank.moore1482@example.com,standard,APAC
eva_wilson_1483,test123,eva.wilson1483@example.com,standard,EU
frank_anderson_1484,test123,frank.anderson1484@example.com,standard,APAC
alice_miller_1485,test123,alice.miller1485@example.com,standard,US
john_anderson_1486,test123,john.anderson1486@example.com,premium,US
jane_brown_1487,test123,jane.brown1487@example.com,standard,US
eva_moore_1488,test123,eva.moore1488@example.com,standard,APAC
jane_johnson_1489,test123,jane.johnson1489@example.com,premium,APAC
jane_anderson_1490,test123,jane.anderson1490@example.com,standard,EU
john_thomas_1491,test123,john.thomas1491@example.com,standard,US
bob_johnson_1492,test123,bob.johnson1492@example.com,standard,US
alice_davis_1493,test123,alice.davis1493@example.com,standard,EU
jane_smith_1494,test123,jane.smith1494@example.com,standard,EU
eva_brown_1495,test123,eva.brown1495@example.com,standard,EU
john_taylor_1496,test123,john.taylor1496@example.com,standard,US
bob_wilson_1497,test123,bob.wilson1497@example.com,standard,EU
grace_anderson_1498,test123,grace.anderson1498@example.com,standard,EU
jane_wilson_1499,test123,jane.wilson1499@example.com,standard,APAC
grace_thomas_1500,test123,grace.thomas1500@example.com,premium,US
frank_moore_1501,test123,frank.moore1501@example.com,premium,US
alice_anderson_1502,test123,alice.anderson1502@example.com,standard,US
charlie_moore_1503,test123,charlie.moore1503@example.com,premium,US
bob_miller_1504,test123,bob.miller1504@example.com,standard,US
grace_davis_1505,test123,grace.davis1505@example.com,standard,US
bob_miller_1506,test123,bob.miller1506@example.com,standard,US
diana_moore_1507,test123,diana.moore1507@example.com,standard,US
eva_thomas_1508,test123,eva.thomas1508@example.com,standard,EU
charlie_taylor_1509,test123,charlie.taylor1509@example.com,standard,US
eva_smith_1510,test123,eva.smith1510@example.com,standard,US
diana_miller_1511,test123,diana.miller1511@example.com,standard,US
charlie_anderson_1512,test123,charlie.anderson1512@example.com,standard,EU
john_davis_1513,test123,john.davis1513@example.com,standard,US
alice_miller_1514,test123,alice.miller1514@example.com,standard,EU
grace_taylor_1515,test123,grace.taylor1515@example.com,standard,US
charlie_moore_1516,test123,charlie.moore1516@example.com,standard,US
frank_taylor_1517,test123,frank.taylor1517@example.com,standard,US
john_smith_1518,test123,john.smith1518@example.com,standard,US
henry_anderson_1519,test123,henry.anderson1519@example.com,standard,APAC
eva_johnson_1520,test123,eva.johnson1520@example.com,standard,US
diana_moore_1521,test123,diana.moore1521@example.com,standard,EU
grace_davis_1522,test123,grace.davis1522@example.com,standard,APAC
grace_anderson_1523,test123,grace.anderson1523@example.com,standard,EU
john_moore_1524,test123,john.moore1524@example.com,standard,EU
henry_johnson_1525,test123,henry.johnson1525@example.com,standard,US
eva_thomas_1526,test123,eva.thomas1526@example.com,standard,US
john_wilson_1527,test123,john.wilson1527@example.com,standard,APAC
grace_davis_1528,test123,grace.davis1528@example.com,standard,EU
john_brown_1529,test123,john.brown1529@example.com,standard,US
frank_johnson_1530,test123,frank.johnson1530@example.com,standard,US
eva_thomas_1531,test123,eva.thomas1531@example.com,standard,US
bob_anderson_1532,test123,bob.anderson1532@example.com,standard,US
grace_wilson_1533,test123,grace.wilson1533@example.com,premium,EU
henry_brown_1534,test123,henry.brown1534@example.com,standard,US
eva_thomas_1535,test123,eva.thomas1535@example.com,standard,US
bob_johnson_1536,test123,bob.johnson1536@example.com,admin,US
jane_thomas_1537,test123,jane.thomas1537@example.com,standard,US
john_smith_1538,test123,john.smith1538@example.com,standard,US
jane_anderson_1539,test123,jane.anderson1539@example.com,standard,US
bob_smith_1540,test123,bob.smith1540@example.com,standard,US
charlie_anderson_1541,test123,charlie.anderson1541@example.com,standard,US
henry_taylor_1542,test123,henry.taylor1542@example.com,premium,US
grace_taylor_1543,test123,grace.taylor1543@example.com,standard,US
henry_thomas_1544,test123,henry.thomas1544@example.com,premium,EU
john_thomas_1545,test123,john.thomas1545@example.com,premium,US
jane_smith_1546,test123,jane.smith1546@example.com,standard,APAC
charlie_miller_1547,test123,charlie.miller1547@example.com,premium,US
grace_miller_1548,test123,grace.miller1548@example.com,standard,US
charlie_davis_1549,test123,charlie.davis1549@example.com,standard,EU
bob_wilson_1550,test123,bob.wilson1550@example.com,standard,US
diana_wilson_1551,test123,diana.wilson1551@example.com,standard,US
bob_miller_1552,test123,bob.miller1552@example.com,standard,EU
eva_smith_1553,test123,eva.smith1553@example.com,standard,US
bob_davis_1554,test123,bob.davis1554@example.com,standard,US
diana_davis_1555,test123,diana.davis1555@example.com,standard,US
alice_johnson_1556,test123,alice.johnson1556@example.com,premium,EU
grace_thomas_1557,test123,grace.thomas1557@example.com,standard,APAC
frank_brown_1558,test123,frank.brown1558@example.com,standard,EU
john_smith_1559,test123,john.smith1559@example.com,premium,US
frank_taylor_1560,test123,frank.taylor1560@example.com,standard,US
grace_brown_1561,test123,grace.brown1561@example.com,standard,EU
grace_davis_1562,test123,grace.davis1562@example.com,standard,US
john_miller_1563,test123,john.miller1563@example.com,premium,US
eva_brown_1564,test123,eva.brown1564@example.com,standard,US
henry_thomas_1565,test123,henry.thomas1565@example.com,standard,US
alice_moore_1566,test123,alice.moore1566@example.com,standard,EU
charlie_moore_1567,test123,charlie.moore1567@example.com,standard,EU
frank_johnson_1568,test123,frank.johnson1568@example.com,premium,US
eva_davis_1569,test123,eva.davis1569@example.com,standard,APAC
frank_anderson_1570,test123,frank.anderson1570@example.com,premium,US
alice_wilson_1571,test123,alice.wilson1571@example.com,standard,US
charlie_davis_1572,test123,charlie.davis1572@example.com,standard,US
diana_johnson_1573,test123,diana.johnson1573@example.com,standard,US
jane_taylor_1574,test123,jane.taylor1574@example.com,standard,US
charlie_thomas_1575,test123,charlie.thomas1575@example.com,standard,US
john_moore_1576,test123,john.moore1576@example.com,standard,EU
frank_miller_1577,test123,frank.miller1577@example.com,standard,US
frank_brown_1578,test123,frank.brown1578@example.com,premium,US
eva_thomas_1579,test123,eva.thomas1579@example.com,standard,EU
charlie_taylor_1580,test123,charlie.taylor1580@example.com,standard,US
bob_moore_1581,test123,bob.moore1581@example.com,standard,US
diana_moore_1582,test123,diana.moore1582@example.com,standard,US
bob_wilson_1583,test123,bob.wilson1583@example.com,premium,US
eva_smith_1584,test123,eva.smith1584@example.com,standard,US
eva_anderson_1585,test123,eva.anderson1585@example.com,premium,US
john_davis_1586,test123,john.davis1586@example.com,standard,US
bob_wilson_1587,test123,bob.wilson1587@example.com,standard,EU
jane_thomas_1588,test123,jane.thomas1588@example.com,standard,EU
bob_brown_1589,test123,bob.brown1589@example.com,standard,US
henry_wilson_1590,test123,henry.wilson1590@example.com,standard,EU
frank_anderson_1591,test123,frank.anderson1591@example.com,standard,APAC
grace_thomas_1592,test123,grace.thomas1592@example.com,standard,US
grace_wilson_1593,test123,grace.wilson1593@example.com,premium,EU
frank_davis_1594,test123,frank.davis1594@example.com,admin,US
alice_anderson_1595,test123,alice.anderson1595@example.com,standard,APAC
eva_smith_1596,test123,eva.smith1596@example.com,premium,APAC
diana_taylor_1597,test123,diana.taylor1597@example.com,standard,EU
john_anderson_1598,test123,john.anderson1598@example.com,standard,EU
alice_davis_1599,test123,alice.davis1599@example.com,standard,US
diana_anderson_1600,test123,diana.anderson1600@example.com,standard,EU
bob_smith_1601,test123,bob.smith1601@example.com,standard,EU
diana_davis_1602,test123,diana.davis1602@example.com,premium,US
charlie_smith_1603,test123,charlie.smith1603@example.com,standard,US
frank_taylor_1604,test123,frank.taylor1604@example.com,premium,US
grace_thomas_1605,test123,grace.thomas1605@example.com,standard,US
jane_miller_1606,test123,jane.miller1606@example.com,standard,US
alice_thomas_1607,test123,alice.thomas1607@example.com,premium,US
henry_moore_1608,test123,henry.moore1608@example.com,standard,US
john_davis_1609,test123,john.davis1609@example.com,standard,EU
alice_taylor_1610,test123,alice.taylor1610@example.com,premium,APAC
grace_moore_1611,test123,grace.moore1611@example.com,standard,US
jane_thomas_1612,test123,jane.thomas1612@example.com,premium,APAC
grace_anderson_1613,test123,grace.anderson1613@example.com,premium,US
charlie_moore_1614,test123,charlie.moore1614@example.com,premium,US
bob_wilson_1615,test123,bob.wilson1615@example.com,standard,US
bob_thomas_1616,test123,bob.thomas1616@example.com,standard,US
john_wilson_1617,test123,john.wilson1617@example.com,standard,US
john_johnson_1618,test123,john.johnson1618@example.com,premium,US
eva_miller_1619,test123,eva.miller1619@example.com,standard,US
frank_moore_1620,test123,frank.moore1620@example.com,standard,US
diana_moore_1621,test123,diana.moore1621@example.com,standard,US
grace_davis_1622,test123,grace.davis1622@example.com,standard,APAC
jane_johnson_1623,test123,jane.johnson1623@example.com,premium,US
alice_anderson_1624,test123,alice.anderson1624@example.com,admin,US
diana_miller_1625,test123,diana.miller1625@example.com,standard,EU
henry_miller_1626,test123,henry.miller1626@example.com,standard,EU
bob_anderson_1627,test123,bob.anderson1627@example.com,standard,EU
grace_wilson_1628,test123,grace.wilson1628@example.com,premium,APAC
diana_brown_1629,test123,diana.brown1629@example.com,standard,US
frank_brown_1630,test123,frank.brown1630@example.com,standard,EU
grace_smith_1631,test123,grace.smith1631@example.com,premium,EU
charlie_anderson_1632,test123,charlie.anderson1632@example.com,standard,EU
grace_moore_1633,test123,grace.moore1633@example.com,standard,EU
jane_wilson_1634,test123,jane.wilson1634@example.com,standard,APAC
grace_wilson_1635,test123,grace.wilson1635@example.com,premium,US
frank_johnson_1636,test123,frank.johnson1636@example.com,standard,APAC
diana_taylor_1637,test123,diana.taylor1637@example.com,premium,US
frank_taylor_1638,test123,frank.taylor1638@example.com,standard,US
grace_anderson_1639,test123,grace.anderson1639@example.com,standard,US
john_wilson_1640,test123,john.wilson1640@example.com,standard,EU
charlie_miller_1641,test123,charlie.miller1641@example.com,standard,US
jane_wilson_1642,test123,jane.wilson1642@example.com,premium,US
alice_anderson_1643,test123,alice.anderson1643@example.com,standard,US
bob_smith_1644,test123,bob.smith1644@example.com,premium,US
jane_miller_1645,test123,jane.miller1645@example.com,standard,EU
eva_brown_1646,test123,eva.brown1646@example.com,premium,US
diana_miller_1647,test123,diana.miller1647@example.com,standard,APAC
alice_davis_1648,test123,alice.davis1648@example.com,premium,US
bob_davis_1649,test123,bob.davis1649@example.com,premium,US
diana_wilson_1650,test123,diana.wilson1650@example.com,premium,US
john_taylor_1651,test123,john.taylor1651@example.com,standard,US
frank_brown_1652,test123,frank.brown1652@example.com,standard,US
jane_anderson_1653,test123,jane.anderson1653@example.com,standard,US
diana_wilson_1654,test123,diana.wilson1654@example.com,premium,US
john_taylor_1655,test123,john.taylor1655@example.com,standard,US
jane_wilson_1656,test123,jane.wilson1656@example.com,standard,US
jane_miller_1657,test123,jane.miller1657@example.com,premium,US
frank_miller_1658,test123,frank.miller1658@example.com,admin,EU
frank_smith_1659,test123,frank.smith1659@example.com,standard,US
john_anderson_1660,test123,john.anderson1660@example.com,premium,US
diana_moore_1661,test123,diana.moore1661@example.com,standard,US
henry_davis_1662,test123,henry.davis1662@example.com,standard,US
frank_miller_1663,test123,frank.miller1663@example.com,standard,EU
diana_johnson_1664,test123,diana.johnson1664@example.com,premium,US
eva_wilson_1665,test123,eva.wilson1665@example.com,premium,US
jane_miller_1666,test123,jane.miller1666@example.com,standard,US
jane_brown_1667,test123,jane.brown1667@example.com,standard,US
charlie_anderson_1668,test123,charlie.anderson1668@example.com,standard,US
charlie_moore_1669,test123,charlie.moore1669@example.com,admin,APAC
bob_brown_1670,test123,bob.brown1670@example.com,standard,EU
grace_smith_1671,test123,grace.smith1671@example.com,premium,EU
john_miller_1672,test123,john.miller1672@example.com,standard,US
jane_thomas_1673,test123,jane.thomas1673@example.com,standard,US
diana_davis_1674,test123,diana.davis1674@example.com,standard,EU
charlie_smith_1675,test123,charlie.smith1675@example.com,standard,US
jane_wilson_1676,test123,jane.wilson1676@example.com,standard,US
diana_brown_1677,test123,diana.brown1677@example.com,standard,US
diana_anderson_1678,test123,diana.anderson1678@example.com,standard,EU
frank_moore_1679,test123,frank.moore1679@example.com,premium,EU
jane_brown_1680,test123,jane.brown1680@example.com,standard,US
diana_brown_1681,test123,diana.brown1681@example.com,premium,EU
jane_davis_1682,test123,jane.davis1682@example.com,standard,APAC
henry_anderson_1683,test123,henry.anderson1683@example.com,standard,US
eva_thomas_1684,test123,eva.thomas1684@example.com,premium,APAC
john_davis_1685,test123,john.davis1685@example.com,premium,EU
henry_davis_1686,test123,henry.davis1686@example.com,premium,US
grace_davis_1687,test123,grace.davis1687@example.com,standard,US
charlie_wilson_1688,test123,charlie.wilson1688@example.com,standard,EU
john_smith_1689,test123,john.smith1689@example.com,standard,US
henry_miller_1690,test123,henry.miller1690@example.com,standard,US
grace_anderson_1691,test123,grace.anderson1691@example.com,premium,US
bob_davis_1692,test123,bob.davis1692@example.com,standard,US
eva_wilson_1693,test123,eva.wilson1693@example.com,standard,EU
eva_moore_1694,test123,eva.moore1694@example.com,standard,EU
bob_miller_1695,test123,bob.miller1695@example.com,premium,US
diana_johnson_1696,test123,diana.johnson1696@example.com,standard,APAC
jane_brown_1697,test123,jane.brown1697@example.com,standard,US
diana_smith_1698,test123,diana.smith1698@example.com,premium,US
jane_davis_1699,test123,jane.davis1699@example.com,standard,US
grace_johnson_1700,test123,grace.johnson1700@example.com,standard,EU
diana_wilson_1701,test123,diana.wilson1701@example.com,standard,EU
grace_thomas_1702,test123,grace.thomas1702@example.com,admin,US
jane_anderson_1703,test123,jane.anderson1703@example.com,premium,US
bob_thomas_1704,test123,bob.thomas1704@example.com,standard,US
charlie_wilson_1705,test123,charlie.wilson1705@example.com,premium,EU
jane_wilson_1706,test123,jane.wilson1706@example.com,premium,US
henry_miller_1707,test123,henry.miller1707@example.com,standard,US
henry_thomas_1708,test123,henry.thomas1708@example.com,premium,US
alice_davis_1709,test123,alice.davis1709@example.com,standard,US
alice_wilson_1710,test123,alice.wilson1710@example.com,standard,APAC
diana_brown_1711,test123,diana.brown1711@example.com,standard,US
bob_miller_1712,test123,bob.miller1712@example.com,standard,US
frank_thomas_1713,test123,frank.thomas1713@example.com,standard,EU
eva_moore_1714,test123,eva.moore1714@example.com,premium,US
jane_thomas_1715,test123,jane.thomas1715@example.com,standard,APAC
charlie_thomas_1716,test123,charlie.thomas1716@example.com,standard,US
eva_anderson_1717,test123,eva.anderson1717@example.com,standard,US
bob_taylor_1718,test123,bob.taylor1718@example.com,premium,US
charlie_brown_1719,test123,charlie.brown1719@example.com,standard,US
frank_smith_1720,test123,frank.smith1720@example.com,standard,US
bob_thomas_1721,test123,bob.thomas1721@example.com,standard,US
jane_smith_1722,test123,jane.smith1722@example.com,premium,US
diana_miller_1723,test123,diana.miller1723@example.com,premium,US
eva_thomas_1724,test123,eva.thomas1724@example.com,standard,US
jane_wilson_1725,test123,jane.wilson1725@example.com,standard,APAC
jane_miller_1726,test123,jane.miller1726@example.com,standard,US
eva_anderson_1727,test123,eva.anderson1727@example.com,admin,APAC
frank_miller_1728,test123,frank.miller1728@example.com,premium,US
charlie_anderson_1729,test123,charlie.anderson1729@example.com,standard,US
frank_johnson_1730,test123,frank.johnson1730@example.com,premium,EU
alice_davis_1731,test123,alice.davis1731@example.com,standard,US
frank_miller_1732,test123,frank.miller1732@example.com,premium,EU
diana_brown_1733,test123,diana.brown1733@example.com,premium,US
jane_brown_1734,test123,jane.brown1734@example.com,admin,APAC
john_brown_1735,test123,john.brown1735@example.com,admin,US
diana_johnson_1736,test123,diana.johnson1736@example.com,premium,EU
eva_anderson_1737,test123,eva.anderson1737@example.com,standard,US
grace_wilson_1738,test123,grace.wilson1738@example.com,premium,EU
diana_johnson_1739,test123,diana.johnson1739@example.com,standard,EU
john_brown_1740,test123,john.brown1740@example.com,standard,US
charlie_johnson_1741,test123,charlie.johnson1741@example.com,standard,US
henry_miller_1742,test123,henry.miller1742@example.com,standard,APAC
eva_wilson_1743,test123,eva.wilson1743@example.com,admin,US
eva_thomas_1744,test123,eva.thomas1744@example.com,standard,APAC
bob_taylor_1745,test123,bob.taylor1745@example.com,standard,APAC
jane_smith_1746,test123,jane.smith1746@example.com,standard,US
henry_taylor_1747,test123,henry.taylor1747@example.com,standard,US
john_smith_1748,test123,john.smith1748@example.com,premium,US
diana_smith_1749,test123,diana.smith1749@example.com,standard,US
charlie_taylor_1750,test123,charlie.taylor1750@example.com,standard,US
charlie_miller_1751,test123,charlie.miller1751@example.com,standard,US
john_miller_1752,test123,john.miller1752@example.com,premium,US
diana_johnson_1753,test123,diana.johnson1753@example.com,standard,US
bob_anderson_1754,test123,bob.anderson1754@example.com,premium,US
charlie_wilson_1755,test123,charlie.wilson1755@example.com,premium,US
charlie_brown_1756,test123,charlie.brown1756@example.com,standard,US
frank_miller_1757,test123,frank.miller1757@example.com,standard,APAC
grace_miller_1758,test123,grace.miller1758@example.com,standard,EU
grace_johnson_1759,test123,grace.johnson1759@example.com,premium,APAC
diana_davis_1760,test123,diana.davis1760@example.com,standard,EU
jane_brown_1761,test123,jane.brown1761@example.com,standard,EU
grace_davis_1762,test123,grace.davis1762@example.com,standard,US
charlie_taylor_1763,test123,charlie.taylor1763@example.com,admin,EU
bob_anderson_1764,test123,bob.anderson1764@example.com,premium,US
diana_smith_1765,test123,diana.smith1765@example.com,standard,US
diana_smith_1766,test123,diana.smith1766@example.com,premium,US
diana_wilson_1767,test123,diana.wilson1767@example.com,standard,US
john_davis_1768,test123,john.davis1768@example.com,premium,EU
eva_wilson_1769,test123,eva.wilson1769@example.com,standard,US
john_miller_1770,test123,john.miller1770@example.com,standard,US
henry_smith_1771,test123,henry.smith1771@example.com,standard,US
charlie_taylor_1772,test123,charlie.taylor1772@example.com,standard,EU
eva_brown_1773,test123,eva.brown1773@example.com,standard,US
diana_davis_1774,test123,diana.davis1774@example.com,premium,APAC
bob_taylor_1775,test123,bob.taylor1775@example.com,standard,US
diana_miller_1776,test123,diana.miller1776@example.com,standard,US
grace_moore_1777,test123,grace.moore1777@example.com,standard,EU
charlie_anderson_1778,test123,charlie.anderson1778@example.com,standard,US
bob_johnson_1779,test123,bob.johnson1779@example.com,standard,US
alice_smith_1780,test123,alice.smith1780@example.com,premium,US
henry_smith_1781,test123,henry.smith1781@example.com,standard,EU
grace_johnson_1782,test123,grace.johnson1782@example.com,standard,US
grace_thomas_1783,test123,grace.thomas1783@example.com,standard,US
jane_davis_1784,test123,jane.davis1784@example.com,premium,US
john_miller_1785,test123,john.miller1785@example.com,standard,US
john_moore_1786,test123,john.moore1786@example.com,standard,US
john_miller_1787,test123,john.miller1787@example.com,premium,EU
grace_brown_1788,test123,grace.brown1788@example.com,standard,EU
henry_taylor_1789,test123,henry.taylor1789@example.com,standard,US
frank_smith_1790,test123,frank.smith1790@example.com,standard,EU
jane_smith_1791,test123,jane.smith1791@example.com,standard,EU
bob_taylor_1792,test123,bob.taylor1792@example.com,standard,US
diana_thomas_1793,test123,diana.thomas1793@example.com,premium,US
jane_miller_1794,test123,jane.miller1794@example.com,premium,US
charlie_thomas_1795,test123,charlie.thomas1795@example.com,standard,APAC
john_moore_1796,test123,john.moore1796@example.com,standard,US
bob_brown_1797,test123,bob.brown1797@example.com,standard,APAC
alice_miller_1798,test123,alice.miller1798@example.com,premium,US
alice_moore_1799,test123,alice.moore1799@example.com,standard,US
grace_miller_1800,test123,grace.miller1800@example.com,premium,US
john_moore_1801,test123,john.moore1801@example.com,standard,EU
diana_taylor_1802,test123,diana.taylor1802@example.com,premium,US
diana_thomas_1803,test123,diana.thomas1803@example.com,standard,US
henry_miller_1804,test123,henry.miller1804@example.com,premium,EU
jane_anderson_1805,test123,jane.anderson1805@example.com,standard,EU
alice_miller_1806,test123,alice.miller1806@example.com,premium,US
frank_anderson_1807,test123,frank.anderson1807@example.com,standard,US
henry_taylor_1808,test123,henry.taylor1808@example.com,standard,US
grace_miller_1809,test123,grace.miller1809@example.com,standard,US
diana_miller_1810,test123,diana.miller1810@example.com,premium,APAC
john_brown_1811,test123,john.brown1811@example.com,standard,US
john_davis_1812,test123,john.davis1812@example.com,premium,EU
diana_davis_1813,test123,diana.davis1813@example.com,standard,US
john_smith_1814,test123,john.smith1814@example.com,standard,US
henry_anderson_1815,test123,henry.anderson1815@example.com,standard,US
jane_wilson_1816,test123,jane.wilson1816@example.com,premium,US
eva_wilson_1817,test123,eva.wilson1817@example.com,standard,US
alice_johnson_1818,test123,alice.johnson1818@example.com,standard,US
henry_anderson_1819,test123,henry.anderson1819@example.com,premium,US
henry_smith_1820,test123,henry.smith1820@example.com,standard,EU
charlie_davis_1821,test123,charlie.davis1821@example.com,standard,US
grace_davis_1822,test123,grace.davis1822@example.com,standard,US
alice_thomas_1823,test123,alice.thomas1823@example.com,premium,EU
eva_johnson_1824,test123,eva.johnson1824@example.com,standard,US
jane_moore_1825,test123,jane.moore1825@example.com,premium,APAC
frank_wilson_1826,test123,frank.wilson1826@example.com,premium,EU
alice_smith_1827,test123,alice.smith1827@example.com,premium,US
john_miller_1828,test123,john.miller1828@example.com,standard,US
grace_smith_1829,test123,grace.smith1829@example.com,standard,US
john_thomas_1830,test123,john.thomas1830@example.com,standard,EU
bob_thomas_1831,test123,bob.thomas1831@example.com,premium,US
diana_davis_1832,test123,diana.davis1832@example.com,standard,US
alice_smith_1833,test123,alice.smith1833@example.com,standard,APAC
eva_brown_1834,test123,eva.brown1834@example.com,standard,EU
grace_johnson_1835,test123,grace.johnson1835@example.com,standard,US
frank_thomas_1836,test123,frank.thomas1836@example.com,standard,US
charlie_moore_1837,test123,charlie.moore1837@example.com,standard,US
alice_thomas_1838,test123,alice.thomas1838@example.com,standard,US
jane_moore_1839,test123,jane.moore1839@example.com,premium,US
eva_brown_1840,test123,eva.brown1840@example.com,standard,US
john_anderson_1841,test123,john.anderson1841@example.com,standard,US
charlie_wilson_1842,test123,charlie.wilson1842@example.com,admin,US
diana_anderson_1843,test123,diana.anderson1843@example.com,standard,EU
charlie_johnson_1844,test123,charlie.johnson1844@example.com,standard,APAC
henry_wilson_1845,test123,henry.wilson1845@example.com,admin,EU
john_anderson_1846,test123,john.anderson1846@example.com,premium,EU
jane_anderson_1847,test123,jane.anderson1847@example.com,premium,US
frank_johnson_1848,test123,frank.johnson1848@example.com,premium,US
bob_taylor_1849,test123,bob.taylor1849@example.com,standard,US
jane_wilson_1850,test123,jane.wilson1850@example.com,standard,APAC
henry_wilson_1851,test123,henry.wilson1851@example.com,standard,US
charlie_davis_1852,test123,charlie.davis1852@example.com,standard,US
frank_anderson_1853,test123,frank.anderson1853@example.com,standard,EU
jane_thomas_1854,test123,jane.thomas1854@example.com,premium,EU
grace_davis_1855,test123,grace.davis1855@example.com,standard,US
bob_brown_1856,test123,bob.brown1856@example.com,standard,APAC
grace_anderson_1857,test123,grace.anderson1857@example.com,premium,US
charlie_davis_1858,test123,charlie.davis1858@example.com,premium,US
jane_wilson_1859,test123,jane.wilson1859@example.com,premium,US
grace_thomas_1860,test123,grace.thomas1860@example.com,standard,US
diana_davis_1861,test123,diana.davis1861@example.com,premium,US
eva_taylor_1862,test123,eva.taylor1862@example.com,standard,US
frank_davis_1863,test123,frank.davis1863@example.com,standard,US
alice_johnson_1864,test123,alice.johnson1864@example.com,standard,APAC
diana_wilson_1865,test123,diana.wilson1865@example.com,standard,US
diana_smith_1866,test123,diana.smith1866@example.com,standard,EU
bob_wilson_1867,test123,bob.wilson1867@example.com,standard,APAC
eva_thomas_1868,test123,eva.thomas1868@example.com,premium,US
jane_anderson_1869,test123,jane.anderson1869@example.com,standard,EU
frank_wilson_1870,test123,frank.wilson1870@example.com,standard,US
john_wilson_1871,test123,john.wilson1871@example.com,standard,EU
alice_wilson_1872,test123,alice.wilson1872@example.com,standard,US
eva_wilson_1873,test123,eva.wilson1873@example.com,premium,US
diana_davis_1874,test123,diana.davis1874@example.com,standard,APAC
alice_miller_1875,test123,alice.miller1875@example.com,standard,APAC
john_taylor_1876,test123,john.taylor1876@example.com,premium,US
alice_wilson_1877,test123,alice.wilson1877@example.com,premium,US
frank_wilson_1878,test123,frank.wilson1878@example.com,premium,EU
diana_miller_1879,test123,diana.miller1879@example.com,standard,EU
alice_anderson_1880,test123,alice.anderson1880@example.com,premium,EU
john_taylor_1881,test123,john.taylor1881@example.com,premium,US
bob_brown_1882,test123,bob.brown1882@example.com,standard,APAC
bob_taylor_1883,test123,bob.taylor1883@example.com,premium,US
diana_brown_1884,test123,diana.brown1884@example.com,admin,EU
john_miller_1885,test123,john.miller1885@example.com,standard,APAC
alice_smith_1886,test123,alice.smith1886@example.com,premium,US
grace_brown_1887,test123,grace.brown1887@example.com,premium,APAC
frank_thomas_1888,test123,frank.thomas1888@example.com,standard,US
eva_taylor_1889,test123,eva.taylor1889@example.com,standard,EU
jane_taylor_1890,test123,jane.taylor1890@example.com,standard,US
diana_miller_1891,test123,diana.miller1891@example.com,standard,US
jane_davis_1892,test123,jane.davis1892@example.com,premium,EU
frank_miller_1893,test123,frank.miller1893@example.com,standard,US
alice_davis_1894,test123,alice.davis1894@example.com,premium,US
henry_thomas_1895,test123,henry.thomas1895@example.com,standard,EU
alice_thomas_1896,test123,alice.thomas1896@example.com,standard,US
bob_brown_1897,test123,bob.brown1897@example.com,premium,EU
grace_wilson_1898,test123,grace.wilson1898@example.com,standard,US
diana_brown_1899,test123,diana.brown1899@example.com,standard,US
henry_miller_1900,test123,henry.miller1900@example.com,standard,US
diana_brown_1901,test123,diana.brown1901@example.com,standard,EU
charlie_miller_1902,test123,charlie.miller1902@example.com,standard,US
frank_johnson_1903,test123,frank.johnson1903@example.com,standard,APAC
bob_davis_1904,test123,bob.davis1904@example.com,standard,US
grace_anderson_1905,test123,grace.anderson1905@example.com,standard,EU
charlie_wilson_1906,test123,charlie.wilson1906@example.com,premium,US
charlie_davis_1907,test123,charlie.davis1907@example.com,standard,US
jane_taylor_1908,test123,jane.taylor1908@example.com,admin,APAC
bob_johnson_1909,test123,bob.johnson1909@example.com,standard,US
john_miller_1910,test123,john.miller1910@example.com,premium,EU
alice_miller_1911,test123,alice.miller1911@example.com,standard,EU
henry_johnson_1912,test123,henry.johnson1912@example.com,standard,EU
jane_moore_1913,test123,jane.moore1913@example.com,standard,US
john_johnson_1914,test123,john.johnson1914@example.com,standard,US
bob_moore_1915,test123,bob.moore1915@example.com,standard,US
charlie_smith_1916,test123,charlie.smith1916@example.com,standard,EU
bob_miller_1917,test123,bob.miller1917@example.com,standard,EU
eva_thomas_1918,test123,eva.thomas1918@example.com,standard,US
diana_miller_1919,test123,diana.miller1919@example.com,standard,EU
diana_thomas_1920,test123,diana.thomas1920@example.com,standard,US
jane_anderson_1921,test123,jane.anderson1921@example.com,standard,US
jane_brown_1922,test123,jane.brown1922@example.com,standard,US
diana_thomas_1923,test123,diana.thomas1923@example.com,standard,EU
frank_davis_1924,test123,frank.davis1924@example.com,standard,US
henry_smith_1925,test123,henry.smith1925@example.com,standard,US
bob_wilson_1926,test123,bob.wilson1926@example.com,standard,US
frank_johnson_1927,test123,frank.johnson1927@example.com,standard,EU
grace_brown_1928,test123,grace.brown1928@example.com,standard,APAC
bob_brown_1929,test123,bob.brown1929@example.com,premium,US
bob_smith_1930,test123,bob.smith1930@example.com,standard,EU
henry_miller_1931,test123,henry.miller1931@example.com,standard,US
charlie_smith_1932,test123,charlie.smith1932@example.com,standard,APAC
diana_thomas_1933,test123,diana.thomas1933@example.com,standard,US
john_wilson_1934,test123,john.wilson1934@example.com,standard,US
henry_taylor_1935,test123,henry.taylor1935@example.com,standard,APAC
jane_johnson_1936,test123,jane.johnson1936@example.com,standard,EU
frank_anderson_1937,test123,frank.anderson1937@example.com,standard,APAC
frank_taylor_1938,test123,frank.taylor1938@example.com,standard,US
diana_wilson_1939,test123,diana.wilson1939@example.com,standard,APAC
alice_johnson_1940,test123,alice.johnson1940@example.com,standard,US
bob_moore_1941,test123,bob.moore1941@example.com,standard,EU
eva_wilson_1942,test123,eva.wilson1942@example.com,premium,EU
charlie_moore_1943,test123,charlie.moore1943@example.com,standard,US
bob_taylor_1944,test123,bob.taylor1944@example.com,standard,EU
alice_davis_1945,test123,alice.davis1945@example.com,standard,US
diana_johnson_1946,test123,diana.johnson1946@example.com,standard,EU
frank_thomas_1947,test123,frank.thomas1947@example.com,standard,EU
charlie_brown_1948,test123,charlie.brown1948@example.com,standard,EU
frank_wilson_1949,test123,frank.wilson1949@example.com,standard,US
henry_smith_1950,test123,henry.smith1950@example.com,premium,APAC
henry_taylor_1951,test123,henry.taylor1951@example.com,premium,US
jane_taylor_1952,test123,jane.taylor1952@example.com,premium,APAC
bob_smith_1953,test123,bob.smith1953@example.com,standard,APAC
alice_brown_1954,test123,alice.brown1954@example.com,standard,EU
john_moore_1955,test123,john.moore1955@example.com,premium,EU
henry_miller_1956,test123,henry.miller1956@example.com,standard,APAC
jane_davis_1957,test123,jane.davis1957@example.com,premium,APAC
john_thomas_1958,test123,john.thomas1958@example.com,standard,APAC
eva_brown_1959,test123,eva.brown1959@example.com,standard,APAC
john_moore_1960,test123,john.moore1960@example.com,standard,US
john_anderson_1961,test123,john.anderson1961@example.com,standard,US
grace_moore_1962,test123,grace.moore1962@example.com,premium,APAC
eva_smith_1963,test123,eva.smith1963@example.com,standard,US
alice_davis_1964,test123,alice.davis1964@example.com,standard,US
charlie_davis_1965,test123,charlie.davis1965@example.com,premium,US
john_johnson_1966,test123,john.johnson1966@example.com,standard,US
eva_brown_1967,test123,eva.brown1967@example.com,standard,APAC
grace_wilson_1968,test123,grace.wilson1968@example.com,standard,US
eva_wilson_1969,test123,eva.wilson1969@example.com,standard,EU
jane_anderson_1970,test123,jane.anderson1970@example.com,standard,EU
diana_davis_1971,test123,diana.davis1971@example.com,standard,APAC
charlie_thomas_1972,test123,charlie.thomas1972@example.com,standard,APAC
diana_davis_1973,test123,diana.davis1973@example.com,standard,APAC
charlie_johnson_1974,test123,charlie.johnson1974@example.com,standard,US
charlie_johnson_1975,test123,charlie.johnson1975@example.com,standard,EU
alice_miller_1976,test123,alice.miller1976@example.com,standard,US
frank_smith_1977,test123,frank.smith1977@example.com,standard,US
bob_miller_1978,test123,bob.miller1978@example.com,standard,EU
grace_johnson_1979,test123,grace.johnson1979@example.com,standard,US
bob_wilson_1980,test123,bob.wilson1980@example.com,standard,US
eva_anderson_1981,test123,eva.anderson1981@example.com,standard,US
bob_johnson_1982,test123,bob.johnson1982@example.com,premium,US
jane_brown_1983,test123,jane.brown1983@example.com,standard,US
jane_anderson_1984,test123,jane.anderson1984@example.com,premium,US
frank_johnson_1985,test123,frank.johnson1985@example.com,standard,EU
henry_brown_1986,test123,henry.brown1986@example.com,standard,US
frank_davis_1987,test123,frank.davis1987@example.com,standard,EU
alice_johnson_1988,test123,alice.johnson1988@example.com,standard,US
jane_thomas_1989,test123,jane.thomas1989@example.com,standard,US
jane_miller_1990,test123,jane.miller1990@example.com,standard,US
frank_brown_1991,test123,frank.brown1991@example.com,premium,US
charlie_taylor_1992,test123,charlie.taylor1992@example.com,premium,EU
grace_smith_1993,test123,grace.smith1993@example.com,standard,US
alice_moore_1994,test123,alice.moore1994@example.com,standard,US
frank_moore_1995,test123,frank.moore1995@example.com,standard,EU
charlie_moore_1996,test123,charlie.moore1996@example.com,admin,US
frank_miller_1997,test123,frank.miller1997@example.com,premium,US
eva_davis_1998,test123,eva.davis1998@example.com,standard,US
jane_anderson_1999,test123,jane.anderson1999@example.com,premium,APAC
alice_johnson_2000,test123,alice.johnson2000@example.com,standard,EU
jane_davis_2001,test123,jane.davis2001@example.com,premium,US
charlie_smith_2002,test123,charlie.smith2002@example.com,premium,EU
diana_davis_2003,test123,diana.davis2003@example.com,premium,US
grace_johnson_2004,test123,grace.johnson2004@example.com,standard,US
charlie_thomas_2005,test123,charlie.thomas2005@example.com,standard,APAC
jane_taylor_2006,test123,jane.taylor2006@example.com,standard,EU
frank_thomas_2007,test123,frank.thomas2007@example.com,standard,US
bob_thomas_2008,test123,bob.thomas2008@example.com,standard,US
henry_taylor_2009,test123,henry.taylor2009@example.com,standard,US
henry_thomas_2010,test123,henry.thomas2010@example.com,premium,US
bob_davis_2011,test123,bob.davis2011@example.com,standard,US
henry_johnson_2012,test123,henry.johnson2012@example.com,premium,US
john_johnson_2013,test123,john.johnson2013@example.com,standard,EU
frank_davis_2014,test123,frank.davis2014@example.com,standard,APAC
henry_wilson_2015,test123,henry.wilson2015@example.com,premium,US
frank_anderson_2016,test123,frank.anderson2016@example.com,premium,US
alice_smith_2017,test123,alice.smith2017@example.com,standard,US
grace_davis_2018,test123,grace.davis2018@example.com,standard,US
bob_thomas_2019,test123,bob.thomas2019@example.com,premium,APAC
eva_thomas_2020,test123,eva.thomas2020@example.com,standard,APAC
frank_thomas_2021,test123,frank.thomas2021@example.com,premium,US
eva_miller_2022,test123,eva.miller2022@example.com,standard,US
charlie_smith_2023,test123,charlie.smith2023@example.com,admin,US
frank_brown_2024,test123,frank.brown2024@example.com,standard,EU
john_johnson_2025,test123,john.johnson2025@example.com,standard,APAC
charlie_davis_2026,test123,charlie.davis2026@example.com,standard,US
bob_davis_2027,test123,bob.davis2027@example.com,admin,US
jane_davis_2028,test123,jane.davis2028@example.com,standard,US
bob_smith_2029,test123,bob.smith2029@example.com,premium,EU
charlie_miller_2030,test123,charlie.miller2030@example.com,premium,US
bob_brown_2031,test123,bob.brown2031@example.com,standard,US
eva_davis_2032,test123,eva.davis2032@example.com,standard,EU
diana_miller_2033,test123,diana.miller2033@example.com,standard,US
henry_johnson_2034,test123,henry.johnson2034@example.com,premium,EU
charlie_thomas_2035,test123,charlie.thomas2035@example.com,premium,EU
john_anderson_2036,test123,john.anderson2036@example.com,standard,US
diana_moore_2037,test123,diana.moore2037@example.com,standard,US
diana_moore_2038,test123,diana.moore2038@example.com,standard,US
alice_brown_2039,test123,alice.brown2039@example.com,premium,EU
grace_miller_2040,test123,grace.miller2040@example.com,standard,APAC
bob_smith_2041,test123,bob.smith2041@example.com,standard,EU
john_brown_2042,test123,john.brown2042@example.com,premium,US
eva_moore_2043,test123,eva.moore2043@example.com,standard,US
charlie_smith_2044,test123,charlie.smith2044@example.com,standard,APAC
frank_smith_2045,test123,frank.smith2045@example.com,standard,APAC
frank_wilson_2046,test123,frank.wilson2046@example.com,premium,US
alice_brown_2047,test123,alice.brown2047@example.com,premium,APAC
frank_anderson_2048,test123,frank.anderson2048@example.com,standard,EU
grace_anderson_2049,test123,grace.anderson2049@example.com,standard,US
eva_davis_2050,test123,eva.davis2050@example.com,standard,EU
jane_taylor_2051,test123,jane.taylor2051@example.com,standard,US
bob_smith_2052,test123,bob.smith2052@example.com,standard,APAC
john_johnson_2053,test123,john.johnson2053@example.com,admin,US
bob_moore_2054,test123,bob.moore2054@example.com,standard,US
charlie_smith_2055,test123,charlie.smith2055@example.com,standard,EU
grace_smith_2056,test123,grace.smith2056@example.com,standard,US
bob_smith_2057,test123,bob.smith2057@example.com,premium,US
bob_davis_2058,test123,bob.davis2058@example.com,premium,US
charlie_wilson_2059,test123,charlie.wilson2059@example.com,standard,US
jane_anderson_2060,test123,jane.anderson2060@example.com,standard,US
alice_davis_2061,test123,alice.davis2061@example.com,premium,US
bob_johnson_2062,test123,bob.johnson2062@example.com,standard,US
frank_smith_2063,test123,frank.smith2063@example.com,standard,US
frank_brown_2064,test123,frank.brown2064@example.com,standard,EU
henry_wilson_2065,test123,henry.wilson2065@example.com,premium,US
eva_miller_2066,test123,eva.miller2066@example.com,premium,US
bob_thomas_2067,test123,bob.thomas2067@example.com,premium,US
charlie_davis_2068,test123,charlie.davis2068@example.com,standard,US
henry_brown_2069,test123,henry.brown2069@example.com,standard,US
jane_moore_2070,test123,jane.moore2070@example.com,standard,US
eva_taylor_2071,test123,eva.taylor2071@example.com,standard,US
bob_smith_2072,test123,bob.smith2072@example.com,premium,APAC
grace_anderson_2073,test123,grace.anderson2073@example.com,premium,EU
eva_anderson_2074,test123,eva.anderson2074@example.com,premium,US
eva_moore_2075,test123,eva.moore2075@example.com,premium,US
john_moore_2076,test123,john.moore2076@example.com,standard,US
charlie_johnson_2077,test123,charlie.johnson2077@example.com,standard,EU
grace_thomas_2078,test123,grace.thomas2078@example.com,premium,APAC
henry_miller_2079,test123,henry.miller2079@example.com,standard,US
bob_wilson_2080,test123,bob.wilson2080@example.com,standard,US
diana_wilson_2081,test123,diana.wilson2081@example.com,standard,EU
henry_moore_2082,test123,henry.moore2082@example.com,standard,US
charlie_brown_2083,test123,charlie.brown2083@example.com,standard,EU
grace_anderson_2084,test123,grace.anderson2084@example.com,standard,US
diana_thomas_2085,test123,diana.thomas2085@example.com,standard,US
john_wilson_2086,test123,john.wilson2086@example.com,standard,US
john_smith_2087,test123,john.smith2087@example.com,standard,APAC
frank_moore_2088,test123,frank.moore2088@example.com,premium,EU
bob_johnson_2089,test123,bob.johnson2089@example.com,admin,US
john_thomas_2090,test123,john.thomas2090@example.com,standard,APAC
eva_moore_2091,test123,eva.moore2091@example.com,standard,US
eva_taylor_2092,test123,eva.taylor2092@example.com,premium,US
charlie_davis_2093,test123,charlie.davis2093@example.com,premium,US
grace_anderson_2094,test123,grace.anderson2094@example.com,standard,US
bob_brown_2095,test123,bob.brown2095@example.com,standard,US
john_wilson_2096,test123,john.wilson2096@example.com,premium,US
henry_moore_2097,test123,henry.moore2097@example.com,standard,US
john_thomas_2098,test123,john.thomas2098@example.com,standard,US
grace_wilson_2099,test123,grace.wilson2099@example.com,standard,APAC
charlie_thomas_2100,test123,charlie.thomas2100@example.com,standard,US
grace_moore_2101,test123,grace.moore2101@example.com,standard,US
alice_moore_2102,test123,alice.moore2102@example.com,premium,EU
grace_miller_2103,test123,grace.miller2103@example.com,standard,US
charlie_thomas_2104,test123,charlie.thomas2104@example.com,standard,EU
alice_wilson_2105,test123,alice.wilson2105@example.com,premium,US
grace_taylor_2106,test123,grace.taylor2106@example.com,standard,US
bob_davis_2107,test123,bob.davis2107@example.com,premium,US
alice_davis_2108,test123,alice.davis2108@example.com,admin,US
frank_miller_2109,test123,frank.miller2109@example.com,standard,APAC
henry_brown_2110,test123,henry.brown2110@example.com,standard,EU
frank_miller_2111,test123,frank.miller2111@example.com,premium,EU
henry_johnson_2112,test123,henry.johnson2112@example.com,standard,US
bob_moore_2113,test123,bob.moore2113@example.com,standard,US
henry_johnson_2114,test123,henry.johnson2114@example.com,premium,US
frank_anderson_2115,test123,frank.anderson2115@example.com,standard,US
charlie_miller_2116,test123,charlie.miller2116@example.com,standard,US
eva_davis_2117,test123,eva.davis2117@example.com,standard,US
charlie_thomas_2118,test123,charlie.thomas2118@example.com,standard,EU
bob_anderson_2119,test123,bob.anderson2119@example.com,standard,US
alice_davis_2120,test123,alice.davis2120@example.com,standard,US
alice_davis_2121,test123,alice.davis2121@example.com,premium,US
john_smith_2122,test123,john.smith2122@example.com,admin,US
eva_taylor_2123,test123,eva.taylor2123@example.com,standard,US
henry_johnson_2124,test123,henry.johnson2124@example.com,standard,EU
jane_davis_2125,test123,jane.davis2125@example.com,standard,US
john_davis_2126,test123,john.davis2126@example.com,standard,EU
henry_smith_2127,test123,henry.smith2127@example.com,standard,US
john_anderson_2128,test123,john.anderson2128@example.com,standard,APAC
alice_brown_2129,test123,alice.brown2129@example.com,premium,US
grace_miller_2130,test123,grace.miller2130@example.com,admin,US
diana_johnson_2131,test123,diana.johnson2131@example.com,standard,US
grace_miller_2132,test123,grace.miller2132@example.com,standard,US
john_thomas_2133,test123,john.thomas2133@example.com,standard,US
diana_thomas_2134,test123,diana.thomas2134@example.com,standard,US
jane_anderson_2135,test123,jane.anderson2135@example.com,premium,APAC
alice_miller_2136,test123,alice.miller2136@example.com,standard,US
jane_anderson_2137,test123,jane.anderson2137@example.com,standard,US
bob_davis_2138,test123,bob.davis2138@example.com,premium,EU
jane_smith_2139,test123,jane.smith2139@example.com,standard,EU
henry_smith_2140,test123,henry.smith2140@example.com,standard,EU
frank_wilson_2141,test123,frank.wilson2141@example.com,standard,US
john_johnson_2142,test123,john.johnson2142@example.com,standard,APAC
henry_moore_2143,test123,henry.moore2143@example.com,standard,US
frank_anderson_2144,test123,frank.anderson2144@example.com,standard,US
charlie_johnson_2145,test123,charlie.johnson2145@example.com,standard,US
frank_anderson_2146,test123,frank.anderson2146@example.com,premium,US
john_davis_2147,test123,john.davis2147@example.com,standard,US
henry_moore_2148,test123,henry.moore2148@example.com,premium,US
bob_wilson_2149,test123,bob.wilson2149@example.com,standard,US
grace_davis_2150,test123,grace.davis2150@example.com,standard,EU
charlie_moore_2151,test123,charlie.moore2151@example.com,standard,US
jane_moore_2152,test123,jane.moore2152@example.com,standard,APAC
john_taylor_2153,test123,john.taylor2153@example.com,standard,US
henry_wilson_2154,test123,henry.wilson2154@example.com,premium,US
bob_miller_2155,test123,bob.miller2155@example.com,premium,US
eva_davis_2156,test123,eva.davis2156@example.com,premium,US
bob_brown_2157,test123,bob.brown2157@example.com,standard,US
charlie_davis_2158,test123,charlie.davis2158@example.com,standard,US
henry_miller_2159,test123,henry.miller2159@example.com,standard,US
henry_brown_2160,test123,henry.brown2160@example.com,premium,APAC
diana_moore_2161,test123,diana.moore2161@example.com,standard,APAC
eva_miller_2162,test123,eva.miller2162@example.com,standard,US
grace_taylor_2163,test123,grace.taylor2163@example.com,standard,US
bob_taylor_2164,test123,bob.taylor2164@example.com,admin,APAC
john_brown_2165,test123,john.brown2165@example.com,standard,US
diana_moore_2166,test123,diana.moore2166@example.com,standard,US
bob_moore_2167,test123,bob.moore2167@example.com,standard,US
jane_brown_2168,test123,jane.brown2168@example.com,standard,US
bob_taylor_2169,test123,bob.taylor2169@example.com,premium,EU
bob_taylor_2170,test123,bob.taylor2170@example.com,standard,US
grace_thomas_2171,test123,grace.thomas2171@example.com,standard,US
eva_miller_2172,test123,eva.miller2172@example.com,premium,EU
henry_moore_2173,test123,henry.moore2173@example.com,standard,US
grace_thomas_2174,test123,grace.thomas2174@example.com,standard,US
charlie_brown_2175,test123,charlie.brown2175@example.com,standard,US
diana_davis_2176,test123,diana.davis2176@example.com,standard,US
bob_johnson_2177,test123,bob.johnson2177@example.com,standard,US
john_moore_2178,test123,john.moore2178@example.com,standard,EU
jane_davis_2179,test123,jane.davis2179@example.com,premium,US
jane_anderson_2180,test123,jane.anderson2180@example.com,standard,US
frank_thomas_2181,test123,frank.thomas2181@example.com,premium,US
john_brown_2182,test123,john.brown2182@example.com,standard,US
frank_wilson_2183,test123,frank.wilson2183@example.com,standard,EU
alice_thomas_2184,test123,alice.thomas2184@example.com,premium,US
alice_thomas_2185,test123,alice.thomas2185@example.com,admin,APAC
charlie_miller_2186,test123,charlie.miller2186@example.com,standard,US
alice_brown_2187,test123,alice.brown2187@example.com,standard,US
bob_davis_2188,test123,bob.davis2188@example.com,standard,US
grace_thomas_2189,test123,grace.thomas2189@example.com,standard,US
charlie_anderson_2190,test123,charlie.anderson2190@example.com,premium,APAC
john_anderson_2191,test123,john.anderson2191@example.com,standard,EU
grace_brown_2192,test123,grace.brown2192@example.com,standard,US
eva_taylor_2193,test123,eva.taylor2193@example.com,standard,EU
jane_anderson_2194,test123,jane.anderson2194@example.com,standard,US
bob_anderson_2195,test123,bob.anderson2195@example.com,admin,APAC
jane_taylor_2196,test123,jane.taylor2196@example.com,standard,APAC
diana_moore_2197,test123,diana.moore2197@example.com,standard,US
eva_smith_2198,test123,eva.smith2198@example.com,premium,EU
jane_miller_2199,test123,jane.miller2199@example.com,premium,APAC
bob_moore_2200,test123,bob.moore2200@example.com,standard,US
diana_smith_2201,test123,diana.smith2201@example.com,standard,US
henry_davis_2202,test123,henry.davis2202@example.com,standard,EU
charlie_thomas_2203,test123,charlie.thomas2203@example.com,standard,US
jane_smith_2204,test123,jane.smith2204@example.com,standard,US
jane_davis_2205,test123,jane.davis2205@example.com,standard,US
grace_miller_2206,test123,grace.miller2206@example.com,standard,EU
bob_anderson_2207,test123,bob.anderson2207@example.com,standard,US
charlie_taylor_2208,test123,charlie.taylor2208@example.com,standard,US
john_wilson_2209,test123,john.wilson2209@example.com,standard,US
frank_thomas_2210,test123,frank.thomas2210@example.com,standard,EU
alice_davis_2211,test123,alice.davis2211@example.com,premium,US
frank_miller_2212,test123,frank.miller2212@example.com,standard,APAC
jane_anderson_2213,test123,jane.anderson2213@example.com,premium,EU
charlie_brown_2214,test123,charlie.brown2214@example.com,premium,APAC
frank_anderson_2215,test123,frank.anderson2215@example.com,standard,APAC
diana_taylor_2216,test123,diana.taylor2216@example.com,premium,EU
diana_wilson_2217,test123,diana.wilson2217@example.com,standard,US
charlie_brown_2218,test123,charlie.brown2218@example.com,standard,US
grace_thomas_2219,test123,grace.thomas2219@example.com,premium,US
diana_davis_2220,test123,diana.davis2220@example.com,standard,US
henry_johnson_2221,test123,henry.johnson2221@example.com,standard,US
grace_anderson_2222,test123,grace.anderson2222@example.com,premium,US
diana_moore_2223,test123,diana.moore2223@example.com,admin,EU
frank_miller_2224,test123,frank.miller2224@example.com,premium,APAC
bob_davis_2225,test123,bob.davis2225@example.com,standard,US
henry_thomas_2226,test123,henry.thomas2226@example.com,standard,US
john_thomas_2227,test123,john.thomas2227@example.com,standard,US
bob_brown_2228,test123,bob.brown2228@example.com,premium,APAC
john_taylor_2229,test123,john.taylor2229@example.com,standard,US
grace_johnson_2230,test123,grace.johnson2230@example.com,standard,US
jane_anderson_2231,test123,jane.anderson2231@example.com,standard,US
charlie_johnson_2232,test123,charlie.johnson2232@example.com,premium,APAC
bob_smith_2233,test123,bob.smith2233@example.com,standard,US
charlie_taylor_2234,test123,charlie.taylor2234@example.com,standard,US
diana_wilson_2235,test123,diana.wilson2235@example.com,standard,US
henry_davis_2236,test123,henry.davis2236@example.com,standard,US
henry_johnson_2237,test123,henry.johnson2237@example.com,standard,US
jane_taylor_2238,test123,jane.taylor2238@example.com,standard,US
jane_smith_2239,test123,jane.smith2239@example.com,standard,EU
jane_smith_2240,test123,jane.smith2240@example.com,standard,US
eva_johnson_2241,test123,eva.johnson2241@example.com,standard,APAC
charlie_smith_2242,test123,charlie.smith2242@example.com,standard,US
eva_brown_2243,test123,eva.brown2243@example.com,premium,EU
frank_johnson_2244,test123,frank.johnson2244@example.com,standard,US
john_johnson_2245,test123,john.johnson2245@example.com,admin,US
eva_wilson_2246,test123,eva.wilson2246@example.com,standard,US
jane_smith_2247,test123,jane.smith2247@example.com,standard,US
eva_anderson_2248,test123,eva.anderson2248@example.com,standard,EU
grace_brown_2249,test123,grace.brown2249@example.com,standard,EU
grace_thomas_2250,test123,grace.thomas2250@example.com,premium,US
diana_johnson_2251,test123,diana.johnson2251@example.com,standard,US
john_davis_2252,test123,john.davis2252@example.com,standard,EU
frank_brown_2253,test123,frank.brown2253@example.com,premium,US
diana_thomas_2254,test123,diana.thomas2254@example.com,admin,US
eva_moore_2255,test123,eva.moore2255@example.com,premium,EU
henry_davis_2256,test123,henry.davis2256@example.com,standard,EU
eva_smith_2257,test123,eva.smith2257@example.com,standard,EU
jane_wilson_2258,test123,jane.wilson2258@example.com,standard,US
diana_moore_2259,test123,diana.moore2259@example.com,premium,APAC
charlie_johnson_2260,test123,charlie.johnson2260@example.com,standard,US
bob_miller_2261,test123,bob.miller2261@example.com,standard,US
frank_wilson_2262,test123,frank.wilson2262@example.com,standard,EU
john_taylor_2263,test123,john.taylor2263@example.com,standard,US
grace_brown_2264,test123,grace.brown2264@example.com,standard,APAC
charlie_davis_2265,test123,charlie.davis2265@example.com,standard,US
frank_anderson_2266,test123,frank.anderson2266@example.com,standard,EU
alice_wilson_2267,test123,alice.wilson2267@example.com,premium,US
eva_moore_2268,test123,eva.moore2268@example.com,standard,US
eva_brown_2269,test123,eva.brown2269@example.com,standard,US
frank_johnson_2270,test123,frank.johnson2270@example.com,standard,EU
henry_moore_2271,test123,henry.moore2271@example.com,standard,US
eva_thomas_2272,test123,eva.thomas2272@example.com,standard,US
diana_davis_2273,test123,diana.davis2273@example.com,premium,APAC
eva_smith_2274,test123,eva.smith2274@example.com,standard,US
diana_wilson_2275,test123,diana.wilson2275@example.com,premium,US
bob_moore_2276,test123,bob.moore2276@example.com,standard,US
grace_brown_2277,test123,grace.brown2277@example.com,premium,US
bob_miller_2278,test123,bob.miller2278@example.com,standard,US
alice_anderson_2279,test123,alice.anderson2279@example.com,standard,US
charlie_moore_2280,test123,charlie.moore2280@example.com,standard,US
john_brown_2281,test123,john.brown2281@example.com,standard,US
alice_moore_2282,test123,alice.moore2282@example.com,premium,EU
diana_brown_2283,test123,diana.brown2283@example.com,standard,EU
grace_davis_2284,test123,grace.davis2284@example.com,standard,EU
eva_thomas_2285,test123,eva.thomas2285@example.com,standard,US
charlie_johnson_2286,test123,charlie.johnson2286@example.com,standard,US
henry_thomas_2287,test123,henry.thomas2287@example.com,standard,US
john_taylor_2288,test123,john.taylor2288@example.com,standard,EU
john_moore_2289,test123,john.moore2289@example.com,premium,APAC
jane_smith_2290,test123,jane.smith2290@example.com,standard,US
eva_thomas_2291,test123,eva.thomas2291@example.com,premium,US
alice_davis_2292,test123,alice.davis2292@example.com,premium,US
frank_wilson_2293,test123,frank.wilson2293@example.com,premium,EU
frank_miller_2294,test123,frank.miller2294@example.com,premium,US
charlie_thomas_2295,test123,charlie.thomas2295@example.com,premium,EU
eva_thomas_2296,test123,eva.thomas2296@example.com,standard,US
grace_davis_2297,test123,grace.davis2297@example.com,standard,US
alice_miller_2298,test123,alice.miller2298@example.com,standard,EU
grace_miller_2299,test123,grace.miller2299@example.com,standard,EU
grace_brown_2300,test123,grace.brown2300@example.com,premium,US
henry_taylor_2301,test123,henry.taylor2301@example.com,premium,US
john_brown_2302,test123,john.brown2302@example.com,standard,EU
john_anderson_2303,test123,john.anderson2303@example.com,standard,APAC
alice_smith_2304,test123,alice.smith2304@example.com,standard,EU
john_johnson_2305,test123,john.johnson2305@example.com,standard,US
john_johnson_2306,test123,john.johnson2306@example.com,standard,US
diana_moore_2307,test123,diana.moore2307@example.com,standard,US
henry_wilson_2308,test123,henry.wilson2308@example.com,premium,APAC
john_smith_2309,test123,john.smith2309@example.com,premium,US
frank_thomas_2310,test123,frank.thomas2310@example.com,standard,EU
john_smith_2311,test123,john.smith2311@example.com,admin,EU
alice_taylor_2312,test123,alice.taylor2312@example.com,standard,US
diana_johnson_2313,test123,diana.johnson2313@example.com,standard,APAC
jane_thomas_2314,test123,jane.thomas2314@example.com,admin,US
henry_taylor_2315,test123,henry.taylor2315@example.com,premium,US
grace_davis_2316,test123,grace.davis2316@example.com,standard,US
grace_johnson_2317,test123,grace.johnson2317@example.com,premium,EU
alice_miller_2318,test123,alice.miller2318@example.com,premium,US
diana_moore_2319,test123,diana.moore2319@example.com,standard,US
henry_taylor_2320,test123,henry.taylor2320@example.com,standard,US
alice_moore_2321,test123,alice.moore2321@example.com,premium,APAC
john_thomas_2322,test123,john.thomas2322@example.com,standard,EU
alice_miller_2323,test123,alice.miller2323@example.com,standard,US
frank_wilson_2324,test123,frank.wilson2324@example.com,standard,US
grace_anderson_2325,test123,grace.anderson2325@example.com,standard,EU
henry_davis_2326,test123,henry.davis2326@example.com,standard,EU
jane_thomas_2327,test123,jane.thomas2327@example.com,premium,US
bob_davis_2328,test123,bob.davis2328@example.com,premium,US
henry_smith_2329,test123,henry.smith2329@example.com,standard,US
frank_davis_2330,test123,frank.davis2330@example.com,premium,APAC
grace_taylor_2331,test123,grace.taylor2331@example.com,standard,US
henry_taylor_2332,test123,henry.taylor2332@example.com,standard,US
alice_moore_2333,test123,alice.moore2333@example.com,premium,US
grace_anderson_2334,test123,grace.anderson2334@example.com,premium,US
alice_davis_2335,test123,alice.davis2335@example.com,standard,EU
grace_thomas_2336,test123,grace.thomas2336@example.com,premium,US
jane_anderson_2337,test123,jane.anderson2337@example.com,admin,EU
jane_brown_2338,test123,jane.brown2338@example.com,premium,APAC
charlie_johnson_2339,test123,charlie.johnson2339@example.com,premium,US
jane_johnson_2340,test123,jane.johnson2340@example.com,standard,EU
henry_miller_2341,test123,henry.miller2341@example.com,standard,US
bob_davis_2342,test123,bob.davis2342@example.com,premium,US
eva_thomas_2343,test123,eva.thomas2343@example.com,standard,US
henry_taylor_2344,test123,henry.taylor2344@example.com,admin,US
grace_moore_2345,test123,grace.moore2345@example.com,premium,US
john_wilson_2346,test123,john.wilson2346@example.com,standard,EU
diana_thomas_2347,test123,diana.thomas2347@example.com,standard,APAC
grace_davis_2348,test123,grace.davis2348@example.com,standard,US
charlie_taylor_2349,test123,charlie.taylor2349@example.com,standard,EU
diana_brown_2350,test123,diana.brown2350@example.com,premium,EU
frank_brown_2351,test123,frank.brown2351@example.com,standard,US
diana_thomas_2352,test123,diana.thomas2352@example.com,standard,US
frank_anderson_2353,test123,frank.anderson2353@example.com,standard,US
diana_brown_2354,test123,diana.brown2354@example.com,standard,US
john_brown_2355,test123,john.brown2355@example.com,standard,US
alice_brown_2356,test123,alice.brown2356@example.com,premium,EU
frank_miller_2357,test123,frank.miller2357@example.com,standard,US
eva_davis_2358,test123,eva.davis2358@example.com,premium,EU
john_moore_2359,test123,john.moore2359@example.com,admin,EU
john_anderson_2360,test123,john.anderson2360@example.com,standard,APAC
diana_moore_2361,test123,diana.moore2361@example.com,standard,US
frank_taylor_2362,test123,frank.taylor2362@example.com,standard,EU
jane_miller_2363,test123,jane.miller2363@example.com,premium,EU
frank_johnson_2364,test123,frank.johnson2364@example.com,standard,US
jane_moore_2365,test123,jane.moore2365@example.com,standard,US
frank_johnson_2366,test123,frank.johnson2366@example.com,standard,US
frank_smith_2367,test123,frank.smith2367@example.com,standard,EU
alice_wilson_2368,test123,alice.wilson2368@example.com,premium,US
bob_brown_2369,test123,bob.brown2369@example.com,standard,US
diana_moore_2370,test123,diana.moore2370@example.com,standard,EU
jane_moore_2371,test123,jane.moore2371@example.com,standard,EU
diana_miller_2372,test123,diana.miller2372@example.com,premium,US
grace_miller_2373,test123,grace.miller2373@example.com,premium,US
diana_wilson_2374,test123,diana.wilson2374@example.com,standard,EU
grace_wilson_2375,test123,grace.wilson2375@example.com,standard,US
alice_johnson_2376,test123,alice.johnson2376@example.com,standard,US
bob_moore_2377,test123,bob.moore2377@example.com,premium,US
eva_anderson_2378,test123,eva.anderson2378@example.com,standard,EU
diana_johnson_2379,test123,diana.johnson2379@example.com,standard,US
alice_moore_2380,test123,alice.moore2380@example.com,standard,US
diana_thomas_2381,test123,diana.thomas2381@example.com,standard,US
frank_wilson_2382,test123,frank.wilson2382@example.com,standard,US
bob_smith_2383,test123,bob.smith2383@example.com,standard,US
john_wilson_2384,test123,john.wilson2384@example.com,standard,APAC
jane_wilson_2385,test123,jane.wilson2385@example.com,standard,US
alice_johnson_2386,test123,alice.johnson2386@example.com,standard,US
henry_taylor_2387,test123,henry.taylor2387@example.com,standard,US
john_wilson_2388,test123,john.wilson2388@example.com,standard,US
henry_johnson_2389,test123,henry.johnson2389@example.com,standard,US
alice_anderson_2390,test123,alice.anderson2390@example.com,admin,US
grace_thomas_2391,test123,grace.thomas2391@example.com,standard,US
frank_smith_2392,test123,frank.smith2392@example.com,standard,US
bob_moore_2393,test123,bob.moore2393@example.com,standard,US
eva_brown_2394,test123,eva.brown2394@example.com,admin,EU
eva_moore_2395,test123,eva.moore2395@example.com,standard,US
henry_anderson_2396,test123,henry.anderson2396@example.com,admin,EU
john_taylor_2397,test123,john.taylor2397@example.com,standard,US
charlie_taylor_2398,test123,charlie.taylor2398@example.com,standard,US
grace_johnson_2399,test123,grace.johnson2399@example.com,standard,US
henry_anderson_2400,test123,henry.anderson2400@example.com,standard,APAC
bob_davis_2401,test123,bob.davis2401@example.com,standard,US
jane_moore_2402,test123,jane.moore2402@example.com,premium,US
bob_brown_2403,test123,bob.brown2403@example.com,standard,EU
jane_wilson_2404,test123,jane.wilson2404@example.com,standard,APAC
frank_miller_2405,test123,frank.miller2405@example.com,premium,EU
john_taylor_2406,test123,john.taylor2406@example.com,premium,US
charlie_davis_2407,test123,charlie.davis2407@example.com,standard,EU
henry_davis_2408,test123,henry.davis2408@example.com,premium,EU
henry_anderson_2409,test123,henry.anderson2409@example.com,admin,APAC
grace_wilson_2410,test123,grace.wilson2410@example.com,standard,EU
alice_wilson_2411,test123,alice.wilson2411@example.com,standard,US
diana_taylor_2412,test123,diana.taylor2412@example.com,premium,US
bob_taylor_2413,test123,bob.taylor2413@example.com,standard,APAC
grace_wilson_2414,test123,grace.wilson2414@example.com,standard,US
alice_brown_2415,test123,alice.brown2415@example.com,standard,US
john_miller_2416,test123,john.miller2416@example.com,standard,EU
frank_brown_2417,test123,frank.brown2417@example.com,standard,US
henry_davis_2418,test123,henry.davis2418@example.com,standard,EU
charlie_wilson_2419,test123,charlie.wilson2419@example.com,premium,EU
diana_brown_2420,test123,diana.brown2420@example.com,standard,EU
alice_brown_2421,test123,alice.brown2421@example.com,standard,US
jane_davis_2422,test123,jane.davis2422@example.com,admin,US
eva_smith_2423,test123,eva.smith2423@example.com,premium,APAC
grace_smith_2424,test123,grace.smith2424@example.com,admin,US
grace_johnson_2425,test123,grace.johnson2425@example.com,premium,US
diana_anderson_2426,test123,diana.anderson2426@example.com,standard,US
jane_brown_2427,test123,jane.brown2427@example.com,premium,APAC
eva_moore_2428,test123,eva.moore2428@example.com,standard,US
bob_davis_2429,test123,bob.davis2429@example.com,standard,EU
frank_moore_2430,test123,frank.moore2430@example.com,premium,US
grace_moore_2431,test123,grace.moore2431@example.com,standard,US
bob_wilson_2432,test123,bob.wilson2432@example.com,standard,US
alice_smith_2433,test123,alice.smith2433@example.com,standard,APAC
frank_anderson_2434,test123,frank.anderson2434@example.com,standard,US
eva_taylor_2435,test123,eva.taylor2435@example.com,standard,US
frank_thomas_2436,test123,frank.thomas2436@example.com,standard,EU
diana_moore_2437,test123,diana.moore2437@example.com,admin,US
alice_brown_2438,test123,alice.brown2438@example.com,standard,US
grace_wilson_2439,test123,grace.wilson2439@example.com,standard,EU
jane_smith_2440,test123,jane.smith2440@example.com,standard,US
bob_johnson_2441,test123,bob.johnson2441@example.com,standard,EU
john_smith_2442,test123,john.smith2442@example.com,standard,US
charlie_davis_2443,test123,charlie.davis2443@example.com,standard,US
grace_thomas_2444,test123,grace.thomas2444@example.com,standard,US
john_miller_2445,test123,john.miller2445@example.com,standard,US
bob_anderson_2446,test123,bob.anderson2446@example.com,standard,US
jane_miller_2447,test123,jane.miller2447@example.com,standard,EU
frank_wilson_2448,test123,frank.wilson2448@example.com,standard,US
john_miller_2449,test123,john.miller2449@example.com,standard,US
jane_thomas_2450,test123,jane.thomas2450@example.com,standard,APAC
john_anderson_2451,test123,john.anderson2451@example.com,standard,APAC
charlie_wilson_2452,test123,charlie.wilson2452@example.com,premium,US
eva_anderson_2453,test123,eva.anderson2453@example.com,premium,APAC
henry_thomas_2454,test123,henry.thomas2454@example.com,admin,EU
charlie_thomas_2455,test123,charlie.thomas2455@example.com,standard,EU
eva_wilson_2456,test123,eva.wilson2456@example.com,standard,US
charlie_brown_2457,test123,charlie.brown2457@example.com,standard,EU
bob_smith_2458,test123,bob.smith2458@example.com,standard,US
john_brown_2459,test123,john.brown2459@example.com,standard,US
alice_thomas_2460,test123,alice.thomas2460@example.com,standard,US
john_thomas_2461,test123,john.thomas2461@example.com,standard,US
frank_wilson_2462,test123,frank.wilson2462@example.com,standard,US
bob_wilson_2463,test123,bob.wilson2463@example.com,standard,US
bob_taylor_2464,test123,bob.taylor2464@example.com,standard,EU
john_anderson_2465,test123,john.anderson2465@example.com,standard,US
eva_brown_2466,test123,eva.brown2466@example.com,standard,US
frank_miller_2467,test123,frank.miller2467@example.com,standard,US
charlie_taylor_2468,test123,charlie.taylor2468@example.com,standard,EU
charlie_smith_2469,test123,charlie.smith2469@example.com,standard,APAC
eva_anderson_2470,test123,eva.anderson2470@example.com,standard,US
charlie_davis_2471,test123,charlie.davis2471@example.com,admin,US
henry_miller_2472,test123,henry.miller2472@example.com,standard,US
diana_brown_2473,test123,diana.brown2473@example.com,standard,US
bob_moore_2474,test123,bob.moore2474@example.com,premium,EU
jane_moore_2475,test123,jane.moore2475@example.com,standard,APAC
jane_johnson_2476,test123,jane.johnson2476@example.com,standard,EU
henry_wilson_2477,test123,henry.wilson2477@example.com,standard,US
alice_anderson_2478,test123,alice.anderson2478@example.com,standard,US
john_thomas_2479,test123,john.thomas2479@example.com,standard,US
john_wilson_2480,test123,john.wilson2480@example.com,standard,US
frank_thomas_2481,test123,frank.thomas2481@example.com,standard,US
eva_miller_2482,test123,eva.miller2482@example.com,premium,US
jane_anderson_2483,test123,jane.anderson2483@example.com,premium,US
charlie_johnson_2484,test123,charlie.johnson2484@example.com,admin,US
henry_johnson_2485,test123,henry.johnson2485@example.com,standard,US
diana_miller_2486,test123,diana.miller2486@example.com,standard,US
jane_davis_2487,test123,jane.davis2487@example.com,standard,US
diana_brown_2488,test123,diana.brown2488@example.com,standard,US
jane_moore_2489,test123,jane.moore2489@example.com,standard,US
charlie_brown_2490,test123,charlie.brown2490@example.com,standard,EU
grace_moore_2491,test123,grace.moore2491@example.com,standard,EU
alice_brown_2492,test123,alice.brown2492@example.com,premium,EU
henry_johnson_2493,test123,henry.johnson2493@example.com,premium,US
bob_moore_2494,test123,bob.moore2494@example.com,admin,US
charlie_brown_2495,test123,charlie.brown2495@example.com,standard,US
john_moore_2496,test123,john.moore2496@example.com,standard,APAC
alice_anderson_2497,test123,alice.anderson2497@example.com,premium,EU
henry_johnson_2498,test123,henry.johnson2498@example.com,standard,US
diana_thomas_2499,test123,diana.thomas2499@example.com,standard,EU
bob_anderson_2500,test123,bob.anderson2500@example.com,premium,US
eva_brown_2501,test123,eva.brown2501@example.com,standard,EU
frank_wilson_2502,test123,frank.wilson2502@example.com,standard,US
bob_taylor_2503,test123,bob.taylor2503@example.com,premium,US
charlie_anderson_2504,test123,charlie.anderson2504@example.com,standard,EU
charlie_taylor_2505,test123,charlie.taylor2505@example.com,standard,US
grace_davis_2506,test123,grace.davis2506@example.com,standard,US
frank_smith_2507,test123,frank.smith2507@example.com,standard,APAC
grace_smith_2508,test123,grace.smith2508@example.com,standard,EU
eva_moore_2509,test123,eva.moore2509@example.com,standard,EU
alice_anderson_2510,test123,alice.anderson2510@example.com,premium,APAC
eva_davis_2511,test123,eva.davis2511@example.com,standard,US
charlie_wilson_2512,test123,charlie.wilson2512@example.com,standard,APAC
grace_moore_2513,test123,grace.moore2513@example.com,standard,EU
grace_johnson_2514,test123,grace.johnson2514@example.com,premium,US
grace_davis_2515,test123,grace.davis2515@example.com,premium,US
jane_anderson_2516,test123,jane.anderson2516@example.com,standard,EU
bob_anderson_2517,test123,bob.anderson2517@example.com,standard,US
henry_johnson_2518,test123,henry.johnson2518@example.com,standard,EU
john_smith_2519,test123,john.smith2519@example.com,standard,EU
grace_smith_2520,test123,grace.smith2520@example.com,standard,US
jane_davis_2521,test123,jane.davis2521@example.com,standard,US
diana_taylor_2522,test123,diana.taylor2522@example.com,standard,EU
henry_moore_2523,test123,henry.moore2523@example.com,standard,US
charlie_davis_2524,test123,charlie.davis2524@example.com,premium,US
charlie_miller_2525,test123,charlie.miller2525@example.com,standard,US
jane_smith_2526,test123,jane.smith2526@example.com,standard,US
diana_anderson_2527,test123,diana.anderson2527@example.com,standard,APAC
diana_miller_2528,test123,diana.miller2528@example.com,premium,EU
frank_smith_2529,test123,frank.smith2529@example.com,standard,EU
grace_smith_2530,test123,grace.smith2530@example.com,premium,US
jane_davis_2531,test123,jane.davis2531@example.com,premium,US
eva_brown_2532,test123,eva.brown2532@example.com,premium,US
henry_thomas_2533,test123,henry.thomas2533@example.com,standard,EU
john_moore_2534,test123,john.moore2534@example.com,standard,US
eva_moore_2535,test123,eva.moore2535@example.com,standard,US
jane_taylor_2536,test123,jane.taylor2536@example.com,standard,US
eva_smith_2537,test123,eva.smith2537@example.com,premium,EU
eva_wilson_2538,test123,eva.wilson2538@example.com,standard,US
john_smith_2539,test123,john.smith2539@example.com,standard,US
alice_thomas_2540,test123,alice.thomas2540@example.com,standard,APAC
john_thomas_2541,test123,john.thomas2541@example.com,standard,EU
grace_miller_2542,test123,grace.miller2542@example.com,premium,US
henry_smith_2543,test123,henry.smith2543@example.com,standard,US
frank_johnson_2544,test123,frank.johnson2544@example.com,admin,US
bob_anderson_2545,test123,bob.anderson2545@example.com,standard,US
eva_smith_2546,test123,eva.smith2546@example.com,standard,US
charlie_taylor_2547,test123,charlie.taylor2547@example.com,standard,EU
henry_anderson_2548,test123,henry.anderson2548@example.com,premium,US
jane_thomas_2549,test123,jane.thomas2549@example.com,standard,APAC
bob_thomas_2550,test123,bob.thomas2550@example.com,standard,EU
diana_thomas_2551,test123,diana.thomas2551@example.com,standard,US
eva_thomas_2552,test123,eva.thomas2552@example.com,standard,EU
john_davis_2553,test123,john.davis2553@example.com,premium,EU
john_miller_2554,test123,john.miller2554@example.com,standard,EU
henry_miller_2555,test123,henry.miller2555@example.com,premium,APAC
diana_anderson_2556,test123,diana.anderson2556@example.com,premium,US
frank_brown_2557,test123,frank.brown2557@example.com,standard,APAC
frank_brown_2558,test123,frank.brown2558@example.com,standard,US
charlie_miller_2559,test123,charlie.miller2559@example.com,standard,US
jane_smith_2560,test123,jane.smith2560@example.com,premium,US
grace_miller_2561,test123,grace.miller2561@example.com,premium,US
bob_taylor_2562,test123,bob.taylor2562@example.com,standard,US
john_taylor_2563,test123,john.taylor2563@example.com,standard,US
charlie_smith_2564,test123,charlie.smith2564@example.com,standard,US
alice_moore_2565,test123,alice.moore2565@example.com,standard,US
henry_johnson_2566,test123,henry.johnson2566@example.com,standard,US
frank_davis_2567,test123,frank.davis2567@example.com,standard,US
henry_smith_2568,test123,henry.smith2568@example.com,standard,APAC
john_taylor_2569,test123,john.taylor2569@example.com,standard,APAC
charlie_moore_2570,test123,charlie.moore2570@example.com,premium,APAC
alice_moore_2571,test123,alice.moore2571@example.com,standard,US
john_thomas_2572,test123,john.thomas2572@example.com,standard,EU
john_anderson_2573,test123,john.anderson2573@example.com,standard,US
john_wilson_2574,test123,john.wilson2574@example.com,premium,APAC
eva_wilson_2575,test123,eva.wilson2575@example.com,premium,APAC
grace_brown_2576,test123,grace.brown2576@example.com,standard,US
alice_anderson_2577,test123,alice.anderson2577@example.com,standard,APAC
alice_thomas_2578,test123,alice.thomas2578@example.com,premium,APAC
bob_johnson_2579,test123,bob.johnson2579@example.com,premium,EU
frank_miller_2580,test123,frank.miller2580@example.com,standard,US
bob_brown_2581,test123,bob.brown2581@example.com,standard,US
henry_johnson_2582,test123,henry.johnson2582@example.com,standard,US
grace_brown_2583,test123,grace.brown2583@example.com,premium,US
bob_smith_2584,test123,bob.smith2584@example.com,premium,EU
eva_moore_2585,test123,eva.moore2585@example.com,standard,US
bob_davis_2586,test123,bob.davis2586@example.com,standard,US
jane_davis_2587,test123,jane.davis2587@example.com,standard,EU
diana_miller_2588,test123,diana.miller2588@example.com,premium,EU
grace_thomas_2589,test123,grace.thomas2589@example.com,standard,EU
jane_anderson_2590,test123,jane.anderson2590@example.com,premium,US
bob_wilson_2591,test123,bob.wilson2591@example.com,standard,APAC
diana_thomas_2592,test123,diana.thomas2592@example.com,standard,US
alice_moore_2593,test123,alice.moore2593@example.com,premium,US
bob_miller_2594,test123,bob.miller2594@example.com,premium,APAC
alice_johnson_2595,test123,alice.johnson2595@example.com,standard,EU
bob_smith_2596,test123,bob.smith2596@example.com,standard,EU
henry_johnson_2597,test123,henry.johnson2597@example.com,standard,EU
henry_johnson_2598,test123,henry.johnson2598@example.com,standard,US
john_miller_2599,test123,john.miller2599@example.com,standard,APAC
eva_brown_2600,test123,eva.brown2600@example.com,standard,EU
jane_davis_2601,test123,jane.davis2601@example.com,premium,EU
grace_johnson_2602,test123,grace.johnson2602@example.com,standard,APAC
eva_johnson_2603,test123,eva.johnson2603@example.com,standard,EU
bob_thomas_2604,test123,bob.thomas2604@example.com,standard,EU
henry_brown_2605,test123,henry.brown2605@example.com,standard,US
charlie_moore_2606,test123,charlie.moore2606@example.com,premium,EU
jane_johnson_2607,test123,jane.johnson2607@example.com,standard,US
grace_johnson_2608,test123,grace.johnson2608@example.com,standard,EU
john_anderson_2609,test123,john.anderson2609@example.com,standard,US
john_johnson_2610,test123,john.johnson2610@example.com,standard,US
john_anderson_2611,test123,john.anderson2611@example.com,standard,US
diana_moore_2612,test123,diana.moore2612@example.com,premium,US
jane_miller_2613,test123,jane.miller2613@example.com,standard,US
alice_wilson_2614,test123,alice.wilson2614@example.com,premium,APAC
charlie_smith_2615,test123,charlie.smith2615@example.com,standard,US
grace_smith_2616,test123,grace.smith2616@example.com,standard,US
jane_moore_2617,test123,jane.moore2617@example.com,standard,US
bob_taylor_2618,test123,bob.taylor2618@example.com,premium,EU
alice_davis_2619,test123,alice.davis2619@example.com,standard,US
grace_anderson_2620,test123,grace.anderson2620@example.com,standard,EU
henry_johnson_2621,test123,henry.johnson2621@example.com,premium,US
eva_thomas_2622,test123,eva.thomas2622@example.com,standard,US
john_miller_2623,test123,john.miller2623@example.com,premium,US
jane_miller_2624,test123,jane.miller2624@example.com,standard,US
henry_wilson_2625,test123,henry.wilson2625@example.com,premium,EU
alice_davis_2626,test123,alice.davis2626@example.com,standard,US
john_anderson_2627,test123,john.anderson2627@example.com,standard,US
henry_brown_2628,test123,henry.brown2628@example.com,premium,US
alice_johnson_2629,test123,alice.johnson2629@example.com,standard,EU
jane_moore_2630,test123,jane.moore2630@example.com,standard,APAC
alice_smith_2631,test123,alice.smith2631@example.com,standard,EU
jane_smith_2632,test123,jane.smith2632@example.com,standard,EU
diana_brown_2633,test123,diana.brown2633@example.com,premium,US
grace_anderson_2634,test123,grace.anderson2634@example.com,standard,US
bob_anderson_2635,test123,bob.anderson2635@example.com,standard,US
alice_smith_2636,test123,alice.smith2636@example.com,standard,APAC
frank_davis_2637,test123,frank.davis2637@example.com,premium,EU
henry_anderson_2638,test123,henry.anderson2638@example.com,premium,US
henry_miller_2639,test123,henry.miller2639@example.com,standard,US
frank_johnson_2640,test123,frank.johnson2640@example.com,standard,US
jane_moore_2641,test123,jane.moore2641@example.com,premium,US
frank_davis_2642,test123,frank.davis2642@example.com,standard,US
alice_davis_2643,test123,alice.davis2643@example.com,standard,US
charlie_thomas_2644,test123,charlie.thomas2644@example.com,standard,EU
henry_johnson_2645,test123,henry.johnson2645@example.com,premium,APAC
diana_anderson_2646,test123,diana.anderson2646@example.com,standard,US
bob_miller_2647,test123,bob.miller2647@example.com,premium,US
jane_moore_2648,test123,jane.moore2648@example.com,standard,US
john_brown_2649,test123,john.brown2649@example.com,admin,US
frank_brown_2650,test123,frank.brown2650@example.com,standard,APAC
alice_thomas_2651,test123,alice.thomas2651@example.com,standard,EU
alice_wilson_2652,test123,alice.wilson2652@example.com,standard,APAC
diana_wilson_2653,test123,diana.wilson2653@example.com,premium,US
grace_smith_2654,test123,grace.smith2654@example.com,premium,US
henry_taylor_2655,test123,henry.taylor2655@example.com,standard,US
grace_johnson_2656,test123,grace.johnson2656@example.com,standard,US
diana_miller_2657,test123,diana.miller2657@example.com,standard,US
bob_thomas_2658,test123,bob.thomas2658@example.com,standard,US
eva_miller_2659,test123,eva.miller2659@example.com,premium,EU
eva_smith_2660,test123,eva.smith2660@example.com,standard,US
diana_moore_2661,test123,diana.moore2661@example.com,premium,EU
john_smith_2662,test123,john.smith2662@example.com,premium,US
bob_brown_2663,test123,bob.brown2663@example.com,standard,APAC
jane_johnson_2664,test123,jane.johnson2664@example.com,premium,US
henry_wilson_2665,test123,henry.wilson2665@example.com,standard,EU
john_moore_2666,test123,john.moore2666@example.com,premium,EU
charlie_brown_2667,test123,charlie.brown2667@example.com,standard,US
henry_johnson_2668,test123,henry.johnson2668@example.com,premium,US
john_wilson_2669,test123,john.wilson2669@example.com,standard,US
charlie_smith_2670,test123,charlie.smith2670@example.com,standard,US
eva_smith_2671,test123,eva.smith2671@example.com,premium,US
charlie_johnson_2672,test123,charlie.johnson2672@example.com,premium,US
alice_wilson_2673,test123,alice.wilson2673@example.com,premium,US
diana_brown_2674,test123,diana.brown2674@example.com,standard,US
jane_smith_2675,test123,jane.smith2675@example.com,standard,US
john_wilson_2676,test123,john.wilson2676@example.com,premium,US
henry_anderson_2677,test123,henry.anderson2677@example.com,premium,US
henry_smith_2678,test123,henry.smith2678@example.com,premium,US
charlie_thomas_2679,test123,charlie.thomas2679@example.com,premium,US
jane_anderson_2680,test123,jane.anderson2680@example.com,standard,US
john_moore_2681,test123,john.moore2681@example.com,admin,US
john_anderson_2682,test123,john.anderson2682@example.com,standard,APAC
charlie_johnson_2683,test123,charlie.johnson2683@example.com,standard,EU
john_anderson_2684,test123,john.anderson2684@example.com,admin,US
eva_smith_2685,test123,eva.smith2685@example.com,standard,US
eva_moore_2686,test123,eva.moore2686@example.com,standard,US
alice_smith_2687,test123,alice.smith2687@example.com,premium,US
bob_miller_2688,test123,bob.miller2688@example.com,standard,US
diana_davis_2689,test123,diana.davis2689@example.com,standard,US
jane_anderson_2690,test123,jane.anderson2690@example.com,premium,EU
alice_davis_2691,test123,alice.davis2691@example.com,premium,US
henry_thomas_2692,test123,henry.thomas2692@example.com,standard,EU
frank_miller_2693,test123,frank.miller2693@example.com,standard,US
jane_anderson_2694,test123,jane.anderson2694@example.com,standard,US
eva_johnson_2695,test123,eva.johnson2695@example.com,standard,APAC
alice_thomas_2696,test123,alice.thomas2696@example.com,standard,US
charlie_taylor_2697,test123,charlie.taylor2697@example.com,standard,APAC
diana_taylor_2698,test123,diana.taylor2698@example.com,standard,US
charlie_wilson_2699,test123,charlie.wilson2699@example.com,standard,US
frank_thomas_2700,test123,frank.thomas2700@example.com,standard,US
eva_miller_2701,test123,eva.miller2701@example.com,standard,US
henry_smith_2702,test123,henry.smith2702@example.com,admin,US
diana_davis_2703,test123,diana.davis2703@example.com,admin,US
bob_thomas_2704,test123,bob.thomas2704@example.com,standard,APAC
jane_miller_2705,test123,jane.miller2705@example.com,standard,APAC
eva_thomas_2706,test123,eva.thomas2706@example.com,standard,US
alice_wilson_2707,test123,alice.wilson2707@example.com,premium,US
charlie_davis_2708,test123,charlie.davis2708@example.com,standard,APAC
jane_brown_2709,test123,jane.brown2709@example.com,standard,EU
charlie_thomas_2710,test123,charlie.thomas2710@example.com,standard,EU
bob_johnson_2711,test123,bob.johnson2711@example.com,premium,APAC
alice_wilson_2712,test123,alice.wilson2712@example.com,standard,US
eva_davis_2713,test123,eva.davis2713@example.com,admin,EU
alice_taylor_2714,test123,alice.taylor2714@example.com,standard,US
grace_davis_2715,test123,grace.davis2715@example.com,standard,APAC
alice_moore_2716,test123,alice.moore2716@example.com,standard,US
eva_miller_2717,test123,eva.miller2717@example.com,standard,EU
jane_miller_2718,test123,jane.miller2718@example.com,standard,US
bob_wilson_2719,test123,bob.wilson2719@example.com,standard,US
diana_taylor_2720,test123,diana.taylor2720@example.com,premium,US
frank_davis_2721,test123,frank.davis2721@example.com,premium,US
grace_davis_2722,test123,grace.davis2722@example.com,premium,US
bob_johnson_2723,test123,bob.johnson2723@example.com,premium,APAC
frank_brown_2724,test123,frank.brown2724@example.com,premium,US
bob_thomas_2725,test123,bob.thomas2725@example.com,standard,US
eva_smith_2726,test123,eva.smith2726@example.com,premium,EU
grace_moore_2727,test123,grace.moore2727@example.com,standard,US
alice_taylor_2728,test123,alice.taylor2728@example.com,premium,APAC
alice_davis_2729,test123,alice.davis2729@example.com,standard,US
alice_brown_2730,test123,alice.brown2730@example.com,standard,US
bob_moore_2731,test123,bob.moore2731@example.com,standard,EU
bob_moore_2732,test123,bob.moore2732@example.com,premium,US
bob_wilson_2733,test123,bob.wilson2733@example.com,standard,EU
diana_wilson_2734,test123,diana.wilson2734@example.com,admin,EU
jane_wilson_2735,test123,jane.wilson2735@example.com,standard,US
henry_miller_2736,test123,henry.miller2736@example.com,standard,US
grace_taylor_2737,test123,grace.taylor2737@example.com,premium,APAC
diana_taylor_2738,test123,diana.taylor2738@example.com,standard,APAC
jane_davis_2739,test123,jane.davis2739@example.com,standard,APAC
jane_taylor_2740,test123,jane.taylor2740@example.com,premium,US
jane_davis_2741,test123,jane.davis2741@example.com,premium,US
grace_johnson_2742,test123,grace.johnson2742@example.com,standard,US
charlie_davis_2743,test123,charlie.davis2743@example.com,standard,EU
frank_moore_2744,test123,frank.moore2744@example.com,premium,US
john_thomas_2745,test123,john.thomas2745@example.com,standard,US
henry_davis_2746,test123,henry.davis2746@example.com,premium,EU
bob_taylor_2747,test123,bob.taylor2747@example.com,standard,EU
grace_davis_2748,test123,grace.davis2748@example.com,premium,APAC
frank_moore_2749,test123,frank.moore2749@example.com,admin,US
henry_johnson_2750,test123,henry.johnson2750@example.com,standard,APAC
alice_anderson_2751,test123,alice.anderson2751@example.com,standard,US
alice_moore_2752,test123,alice.moore2752@example.com,standard,US
diana_smith_2753,test123,diana.smith2753@example.com,standard,US
diana_wilson_2754,test123,diana.wilson2754@example.com,standard,APAC
diana_anderson_2755,test123,diana.anderson2755@example.com,premium,APAC
grace_johnson_2756,test123,grace.johnson2756@example.com,premium,US
alice_anderson_2757,test123,alice.anderson2757@example.com,standard,US
henry_wilson_2758,test123,henry.wilson2758@example.com,standard,US
jane_johnson_2759,test123,jane.johnson2759@example.com,premium,EU
charlie_thomas_2760,test123,charlie.thomas2760@example.com,standard,US
alice_smith_2761,test123,alice.smith2761@example.com,standard,EU
diana_moore_2762,test123,diana.moore2762@example.com,premium,APAC
charlie_moore_2763,test123,charlie.moore2763@example.com,standard,EU
charlie_brown_2764,test123,charlie.brown2764@example.com,standard,US
charlie_brown_2765,test123,charlie.brown2765@example.com,standard,US
charlie_johnson_2766,test123,charlie.johnson2766@example.com,standard,US
diana_johnson_2767,test123,diana.johnson2767@example.com,standard,EU
alice_johnson_2768,test123,alice.johnson2768@example.com,standard,US
jane_anderson_2769,test123,jane.anderson2769@example.com,standard,US
henry_thomas_2770,test123,henry.thomas2770@example.com,premium,US
bob_brown_2771,test123,bob.brown2771@example.com,premium,US
diana_johnson_2772,test123,diana.johnson2772@example.com,standard,US
eva_smith_2773,test123,eva.smith2773@example.com,standard,US
alice_moore_2774,test123,alice.moore2774@example.com,standard,EU
charlie_taylor_2775,test123,charlie.taylor2775@example.com,standard,US
jane_thomas_2776,test123,jane.thomas2776@example.com,standard,EU
grace_anderson_2777,test123,grace.anderson2777@example.com,standard,APAC
henry_brown_2778,test123,henry.brown2778@example.com,standard,EU
diana_smith_2779,test123,diana.smith2779@example.com,standard,US
frank_taylor_2780,test123,frank.taylor2780@example.com,premium,US
bob_brown_2781,test123,bob.brown2781@example.com,standard,EU
alice_miller_2782,test123,alice.miller2782@example.com,standard,US
bob_smith_2783,test123,bob.smith2783@example.com,standard,APAC
jane_moore_2784,test123,jane.moore2784@example.com,premium,US
charlie_brown_2785,test123,charlie.brown2785@example.com,standard,APAC
john_smith_2786,test123,john.smith2786@example.com,premium,US
henry_thomas_2787,test123,henry.thomas2787@example.com,standard,US
charlie_wilson_2788,test123,charlie.wilson2788@example.com,standard,US
frank_johnson_2789,test123,frank.johnson2789@example.com,standard,US
john_anderson_2790,test123,john.anderson2790@example.com,premium,EU
eva_moore_2791,test123,eva.moore2791@example.com,standard,APAC
henry_anderson_2792,test123,henry.anderson2792@example.com,standard,EU
jane_thomas_2793,test123,jane.thomas2793@example.com,standard,US
henry_anderson_2794,test123,henry.anderson2794@example.com,premium,APAC
diana_brown_2795,test123,diana.brown2795@example.com,standard,APAC
charlie_brown_2796,test123,charlie.brown2796@example.com,premium,US
bob_brown_2797,test123,bob.brown2797@example.com,standard,US
john_anderson_2798,test123,john.anderson2798@example.com,standard,EU
john_brown_2799,test123,john.brown2799@example.com,premium,US
charlie_thomas_2800,test123,charlie.thomas2800@example.com,admin,EU
eva_moore_2801,test123,eva.moore2801@example.com,standard,APAC
charlie_smith_2802,test123,charlie.smith2802@example.com,standard,US
grace_anderson_2803,test123,grace.anderson2803@example.com,standard,EU
frank_miller_2804,test123,frank.miller2804@example.com,standard,EU
frank_thomas_2805,test123,frank.thomas2805@example.com,standard,US
eva_wilson_2806,test123,eva.wilson2806@example.com,standard,US
alice_anderson_2807,test123,alice.anderson2807@example.com,admin,US
henry_smith_2808,test123,henry.smith2808@example.com,standard,APAC
grace_wilson_2809,test123,grace.wilson2809@example.com,premium,US
grace_davis_2810,test123,grace.davis2810@example.com,premium,EU
diana_miller_2811,test123,diana.miller2811@example.com,admin,US
charlie_thomas_2812,test123,charlie.thomas2812@example.com,standard,US
charlie_smith_2813,test123,charlie.smith2813@example.com,premium,EU
eva_brown_2814,test123,eva.brown2814@example.com,standard,APAC
eva_taylor_2815,test123,eva.taylor2815@example.com,standard,US
grace_moore_2816,test123,grace.moore2816@example.com,standard,US
alice_wilson_2817,test123,alice.wilson2817@example.com,standard,EU
jane_taylor_2818,test123,jane.taylor2818@example.com,standard,EU
eva_thomas_2819,test123,eva.thomas2819@example.com,standard,EU
grace_thomas_2820,test123,grace.thomas2820@example.com,standard,APAC
diana_miller_2821,test123,diana.miller2821@example.com,premium,US
jane_wilson_2822,test123,jane.wilson2822@example.com,standard,US
alice_smith_2823,test123,alice.smith2823@example.com,standard,EU
charlie_brown_2824,test123,charlie.brown2824@example.com,standard,US
grace_taylor_2825,test123,grace.taylor2825@example.com,standard,EU
john_wilson_2826,test123,john.wilson2826@example.com,standard,EU
eva_brown_2827,test123,eva.brown2827@example.com,standard,US
jane_johnson_2828,test123,jane.johnson2828@example.com,standard,US
charlie_taylor_2829,test123,charlie.taylor2829@example.com,standard,EU
bob_moore_2830,test123,bob.moore2830@example.com,premium,US
diana_smith_2831,test123,diana.smith2831@example.com,premium,US
john_moore_2832,test123,john.moore2832@example.com,standard,US
john_miller_2833,test123,john.miller2833@example.com,premium,US
charlie_thomas_2834,test123,charlie.thomas2834@example.com,standard,EU
diana_anderson_2835,test123,diana.anderson2835@example.com,standard,US
henry_davis_2836,test123,henry.davis2836@example.com,standard,EU
henry_davis_2837,test123,henry.davis2837@example.com,standard,US
frank_davis_2838,test123,frank.davis2838@example.com,standard,APAC
jane_taylor_2839,test123,jane.taylor2839@example.com,standard,US
charlie_thomas_2840,test123,charlie.thomas2840@example.com,standard,APAC
eva_anderson_2841,test123,eva.anderson2841@example.com,standard,US
diana_wilson_2842,test123,diana.wilson2842@example.com,admin,APAC
bob_taylor_2843,test123,bob.taylor2843@example.com,premium,US
alice_davis_2844,test123,alice.davis2844@example.com,premium,EU
frank_moore_2845,test123,frank.moore2845@example.com,premium,EU
bob_anderson_2846,test123,bob.anderson2846@example.com,standard,US
bob_brown_2847,test123,bob.brown2847@example.com,standard,EU
henry_taylor_2848,test123,henry.taylor2848@example.com,standard,EU
frank_johnson_2849,test123,frank.johnson2849@example.com,premium,APAC
john_thomas_2850,test123,john.thomas2850@example.com,premium,US
alice_thomas_2851,test123,alice.thomas2851@example.com,standard,EU
henry_moore_2852,test123,henry.moore2852@example.com,standard,EU
diana_wilson_2853,test123,diana.wilson2853@example.com,standard,EU
john_brown_2854,test123,john.brown2854@example.com,standard,US
frank_wilson_2855,test123,frank.wilson2855@example.com,standard,EU
charlie_taylor_2856,test123,charlie.taylor2856@example.com,premium,EU
jane_miller_2857,test123,jane.miller2857@example.com,standard,US
eva_johnson_2858,test123,eva.johnson2858@example.com,premium,US
eva_moore_2859,test123,eva.moore2859@example.com,standard,EU
grace_davis_2860,test123,grace.davis2860@example.com,standard,US
charlie_thomas_2861,test123,charlie.thomas2861@example.com,standard,EU
john_davis_2862,test123,john.davis2862@example.com,premium,US
henry_davis_2863,test123,henry.davis2863@example.com,standard,EU
grace_miller_2864,test123,grace.miller2864@example.com,standard,US
alice_moore_2865,test123,alice.moore2865@example.com,standard,US
diana_thomas_2866,test123,diana.thomas2866@example.com,premium,US
charlie_brown_2867,test123,charlie.brown2867@example.com,standard,EU
diana_taylor_2868,test123,diana.taylor2868@example.com,premium,US
jane_davis_2869,test123,jane.davis2869@example.com,admin,US
bob_miller_2870,test123,bob.miller2870@example.com,premium,EU
eva_taylor_2871,test123,eva.taylor2871@example.com,standard,US
grace_smith_2872,test123,grace.smith2872@example.com,standard,US
henry_davis_2873,test123,henry.davis2873@example.com,standard,EU
diana_johnson_2874,test123,diana.johnson2874@example.com,admin,EU
eva_wilson_2875,test123,eva.wilson2875@example.com,premium,APAC
eva_miller_2876,test123,eva.miller2876@example.com,standard,US
henry_moore_2877,test123,henry.moore2877@example.com,standard,US
frank_moore_2878,test123,frank.moore2878@example.com,standard,US
bob_taylor_2879,test123,bob.taylor2879@example.com,standard,US
diana_johnson_2880,test123,diana.johnson2880@example.com,premium,US
frank_smith_2881,test123,frank.smith2881@example.com,premium,EU
john_moore_2882,test123,john.moore2882@example.com,premium,US
charlie_taylor_2883,test123,charlie.taylor2883@example.com,premium,APAC
frank_brown_2884,test123,frank.brown2884@example.com,standard,EU
bob_taylor_2885,test123,bob.taylor2885@example.com,premium,US
alice_anderson_2886,test123,alice.anderson2886@example.com,standard,US
alice_moore_2887,test123,alice.moore2887@example.com,admin,APAC
eva_miller_2888,test123,eva.miller2888@example.com,premium,APAC
bob_johnson_2889,test123,bob.johnson2889@example.com,premium,APAC
henry_thomas_2890,test123,henry.thomas2890@example.com,standard,US
diana_anderson_2891,test123,diana.anderson2891@example.com,standard,US
eva_miller_2892,test123,eva.miller2892@example.com,standard,US
grace_moore_2893,test123,grace.moore2893@example.com,standard,US
eva_anderson_2894,test123,eva.anderson2894@example.com,standard,EU
diana_smith_2895,test123,diana.smith2895@example.com,standard,US
charlie_wilson_2896,test123,charlie.wilson2896@example.com,standard,US
bob_davis_2897,test123,bob.davis2897@example.com,premium,US
eva_smith_2898,test123,eva.smith2898@example.com,standard,US
diana_thomas_2899,test123,diana.thomas2899@example.com,admin,US
grace_wilson_2900,test123,grace.wilson2900@example.com,premium,US
diana_brown_2901,test123,diana.brown2901@example.com,standard,US
eva_johnson_2902,test123,eva.johnson2902@example.com,standard,US
eva_thomas_2903,test123,eva.thomas2903@example.com,standard,US
frank_anderson_2904,test123,frank.anderson2904@example.com,premium,US
frank_smith_2905,test123,frank.smith2905@example.com,admin,EU
henry_taylor_2906,test123,henry.taylor2906@example.com,premium,EU
frank_johnson_2907,test123,frank.johnson2907@example.com,standard,US
henry_johnson_2908,test123,henry.johnson2908@example.com,standard,US
jane_moore_2909,test123,jane.moore2909@example.com,standard,US
frank_johnson_2910,test123,frank.johnson2910@example.com,premium,EU
bob_anderson_2911,test123,bob.anderson2911@example.com,premium,APAC
eva_smith_2912,test123,eva.smith2912@example.com,standard,US
bob_anderson_2913,test123,bob.anderson2913@example.com,standard,US
alice_moore_2914,test123,alice.moore2914@example.com,standard,US
jane_wilson_2915,test123,jane.wilson2915@example.com,standard,EU
henry_davis_2916,test123,henry.davis2916@example.com,admin,US
charlie_davis_2917,test123,charlie.davis2917@example.com,standard,EU
diana_smith_2918,test123,diana.smith2918@example.com,premium,APAC
bob_johnson_2919,test123,bob.johnson2919@example.com,standard,US
jane_anderson_2920,test123,jane.anderson2920@example.com,standard,EU
charlie_thomas_2921,test123,charlie.thomas2921@example.com,premium,APAC
bob_taylor_2922,test123,bob.taylor2922@example.com,standard,US
jane_wilson_2923,test123,jane.wilson2923@example.com,standard,US
eva_taylor_2924,test123,eva.taylor2924@example.com,standard,EU
bob_wilson_2925,test123,bob.wilson2925@example.com,standard,US
frank_johnson_2926,test123,frank.johnson2926@example.com,premium,US
charlie_miller_2927,test123,charlie.miller2927@example.com,standard,EU
grace_davis_2928,test123,grace.davis2928@example.com,standard,EU
diana_moore_2929,test123,diana.moore2929@example.com,standard,US
henry_brown_2930,test123,henry.brown2930@example.com,premium,US
diana_smith_2931,test123,diana.smith2931@example.com,standard,US
diana_davis_2932,test123,diana.davis2932@example.com,standard,APAC
diana_taylor_2933,test123,diana.taylor2933@example.com,standard,APAC
jane_thomas_2934,test123,jane.thomas2934@example.com,standard,EU
alice_miller_2935,test123,alice.miller2935@example.com,admin,US
diana_smith_2936,test123,diana.smith2936@example.com,standard,US
henry_taylor_2937,test123,henry.taylor2937@example.com,standard,US
jane_brown_2938,test123,jane.brown2938@example.com,standard,US
diana_brown_2939,test123,diana.brown2939@example.com,premium,US
charlie_anderson_2940,test123,charlie.anderson2940@example.com,premium,US
frank_davis_2941,test123,frank.davis2941@example.com,premium,APAC
john_moore_2942,test123,john.moore2942@example.com,standard,EU
jane_taylor_2943,test123,jane.taylor2943@example.com,premium,US
bob_taylor_2944,test123,bob.taylor2944@example.com,premium,US
diana_brown_2945,test123,diana.brown2945@example.com,standard,US
alice_wilson_2946,test123,alice.wilson2946@example.com,standard,US
jane_moore_2947,test123,jane.moore2947@example.com,standard,US
diana_davis_2948,test123,diana.davis2948@example.com,standard,US
alice_thomas_2949,test123,alice.thomas2949@example.com,standard,APAC
john_davis_2950,test123,john.davis2950@example.com,premium,US
jane_miller_2951,test123,jane.miller2951@example.com,standard,EU
jane_wilson_2952,test123,jane.wilson2952@example.com,standard,EU
bob_moore_2953,test123,bob.moore2953@example.com,standard,US
grace_anderson_2954,test123,grace.anderson2954@example.com,premium,APAC
henry_brown_2955,test123,henry.brown2955@example.com,standard,US
grace_moore_2956,test123,grace.moore2956@example.com,premium,US
eva_davis_2957,test123,eva.davis2957@example.com,standard,US
grace_wilson_2958,test123,grace.wilson2958@example.com,standard,US
diana_anderson_2959,test123,diana.anderson2959@example.com,premium,APAC
charlie_smith_2960,test123,charlie.smith2960@example.com,standard,US
john_anderson_2961,test123,john.anderson2961@example.com,standard,EU
jane_thomas_2962,test123,jane.thomas2962@example.com,premium,US
eva_wilson_2963,test123,eva.wilson2963@example.com,standard,US
alice_taylor_2964,test123,alice.taylor2964@example.com,standard,EU
henry_moore_2965,test123,henry.moore2965@example.com,premium,EU
grace_thomas_2966,test123,grace.thomas2966@example.com,standard,US
bob_thomas_2967,test123,bob.thomas2967@example.com,premium,US
henry_smith_2968,test123,henry.smith2968@example.com,premium,US
eva_taylor_2969,test123,eva.taylor2969@example.com,standard,APAC
diana_moore_2970,test123,diana.moore2970@example.com,premium,US
henry_anderson_2971,test123,henry.anderson2971@example.com,admin,APAC
eva_taylor_2972,test123,eva.taylor2972@example.com,standard,APAC
diana_miller_2973,test123,diana.miller2973@example.com,standard,US
alice_anderson_2974,test123,alice.anderson2974@example.com,standard,US
alice_taylor_2975,test123,alice.taylor2975@example.com,premium,APAC
bob_miller_2976,test123,bob.miller2976@example.com,premium,EU
grace_miller_2977,test123,grace.miller2977@example.com,premium,APAC
charlie_thomas_2978,test123,charlie.thomas2978@example.com,premium,EU
eva_taylor_2979,test123,eva.taylor2979@example.com,standard,EU
eva_brown_2980,test123,eva.brown2980@example.com,standard,EU
jane_thomas_2981,test123,jane.thomas2981@example.com,standard,US
charlie_thomas_2982,test123,charlie.thomas2982@example.com,standard,EU
henry_moore_2983,test123,henry.moore2983@example.com,standard,US
eva_smith_2984,test123,eva.smith2984@example.com,standard,US
jane_moore_2985,test123,jane.moore2985@example.com,premium,APAC
jane_davis_2986,test123,jane.davis2986@example.com,standard,EU
jane_miller_2987,test123,jane.miller2987@example.com,standard,EU
alice_davis_2988,test123,alice.davis2988@example.com,standard,APAC
bob_davis_2989,test123,bob.davis2989@example.com,standard,US
frank_johnson_2990,test123,frank.johnson2990@example.com,standard,US
charlie_wilson_2991,test123,charlie.wilson2991@example.com,standard,US
henry_moore_2992,test123,henry.moore2992@example.com,standard,US
frank_moore_2993,test123,frank.moore2993@example.com,standard,US
diana_taylor_2994,test123,diana.taylor2994@example.com,premium,APAC
grace_moore_2995,test123,grace.moore2995@example.com,standard,US
alice_smith_2996,test123,alice.smith2996@example.com,standard,EU
john_taylor_2997,test123,john.taylor2997@example.com,premium,APAC
bob_johnson_2998,test123,bob.johnson2998@example.com,standard,US
eva_brown_2999,test123,eva.brown2999@example.com,standard,US
alice_taylor_3000,test123,alice.taylor3000@example.com,standard,US
eva_anderson_3001,test123,eva.anderson3001@example.com,premium,EU
charlie_miller_3002,test123,charlie.miller3002@example.com,standard,EU
jane_smith_3003,test123,jane.smith3003@example.com,standard,US
diana_brown_3004,test123,diana.brown3004@example.com,premium,APAC
henry_moore_3005,test123,henry.moore3005@example.com,premium,US
henry_johnson_3006,test123,henry.johnson3006@example.com,admin,US
grace_brown_3007,test123,grace.brown3007@example.com,premium,APAC
eva_brown_3008,test123,eva.brown3008@example.com,standard,EU
grace_johnson_3009,test123,grace.johnson3009@example.com,standard,APAC
jane_miller_3010,test123,jane.miller3010@example.com,premium,US
bob_brown_3011,test123,bob.brown3011@example.com,standard,US
grace_johnson_3012,test123,grace.johnson3012@example.com,premium,EU
frank_moore_3013,test123,frank.moore3013@example.com,premium,EU
grace_taylor_3014,test123,grace.taylor3014@example.com,admin,US
henry_wilson_3015,test123,henry.wilson3015@example.com,premium,US
bob_moore_3016,test123,bob.moore3016@example.com,standard,US
frank_brown_3017,test123,frank.brown3017@example.com,premium,US
jane_smith_3018,test123,jane.smith3018@example.com,standard,US
eva_taylor_3019,test123,eva.taylor3019@example.com,standard,US
diana_miller_3020,test123,diana.miller3020@example.com,standard,EU
jane_anderson_3021,test123,jane.anderson3021@example.com,standard,US
bob_taylor_3022,test123,bob.taylor3022@example.com,premium,US
eva_wilson_3023,test123,eva.wilson3023@example.com,premium,US
grace_moore_3024,test123,grace.moore3024@example.com,premium,US
john_taylor_3025,test123,john.taylor3025@example.com,standard,US
henry_davis_3026,test123,henry.davis3026@example.com,premium,US
bob_moore_3027,test123,bob.moore3027@example.com,standard,US
charlie_smith_3028,test123,charlie.smith3028@example.com,standard,US
alice_anderson_3029,test123,alice.anderson3029@example.com,standard,US
eva_davis_3030,test123,eva.davis3030@example.com,standard,US
frank_taylor_3031,test123,frank.taylor3031@example.com,standard,APAC
jane_smith_3032,test123,jane.smith3032@example.com,standard,US
diana_davis_3033,test123,diana.davis3033@example.com,standard,US
eva_thomas_3034,test123,eva.thomas3034@example.com,premium,APAC
john_taylor_3035,test123,john.taylor3035@example.com,premium,US
eva_anderson_3036,test123,eva.anderson3036@example.com,premium,US
eva_miller_3037,test123,eva.miller3037@example.com,standard,US
henry_johnson_3038,test123,henry.johnson3038@example.com,standard,US
grace_anderson_3039,test123,grace.anderson3039@example.com,standard,APAC
jane_davis_3040,test123,jane.davis3040@example.com,standard,US
grace_davis_3041,test123,grace.davis3041@example.com,standard,EU
frank_thomas_3042,test123,frank.thomas3042@example.com,standard,EU
john_smith_3043,test123,john.smith3043@example.com,standard,APAC
charlie_brown_3044,test123,charlie.brown3044@example.com,standard,APAC
charlie_taylor_3045,test123,charlie.taylor3045@example.com,premium,EU
grace_thomas_3046,test123,grace.thomas3046@example.com,premium,EU
john_moore_3047,test123,john.moore3047@example.com,standard,EU
alice_brown_3048,test123,alice.brown3048@example.com,premium,US
jane_johnson_3049,test123,jane.johnson3049@example.com,standard,US
bob_miller_3050,test123,bob.miller3050@example.com,premium,EU
charlie_miller_3051,test123,charlie.miller3051@example.com,premium,US
bob_thomas_3052,test123,bob.thomas3052@example.com,standard,US
bob_thomas_3053,test123,bob.thomas3053@example.com,standard,US
frank_davis_3054,test123,frank.davis3054@example.com,premium,APAC
bob_taylor_3055,test123,bob.taylor3055@example.com,standard,US
frank_miller_3056,test123,frank.miller3056@example.com,premium,APAC
charlie_anderson_3057,test123,charlie.anderson3057@example.com,standard,US
diana_smith_3058,test123,diana.smith3058@example.com,standard,US
alice_anderson_3059,test123,alice.anderson3059@example.com,standard,US
grace_smith_3060,test123,grace.smith3060@example.com,standard,US
john_johnson_3061,test123,john.johnson3061@example.com,admin,EU
jane_smith_3062,test123,jane.smith3062@example.com,standard,EU
frank_smith_3063,test123,frank.smith3063@example.com,standard,US
bob_moore_3064,test123,bob.moore3064@example.com,standard,EU
frank_anderson_3065,test123,frank.anderson3065@example.com,standard,US
alice_anderson_3066,test123,alice.anderson3066@example.com,standard,US
jane_moore_3067,test123,jane.moore3067@example.com,admin,US
henry_taylor_3068,test123,henry.taylor3068@example.com,standard,APAC
eva_anderson_3069,test123,eva.anderson3069@example.com,standard,US
grace_taylor_3070,test123,grace.taylor3070@example.com,standard,US
diana_wilson_3071,test123,diana.wilson3071@example.com,standard,US
henry_moore_3072,test123,henry.moore3072@example.com,premium,APAC
bob_johnson_3073,test123,bob.johnson3073@example.com,premium,EU
eva_johnson_3074,test123,eva.johnson3074@example.com,premium,US
eva_moore_3075,test123,eva.moore3075@example.com,standard,EU
jane_miller_3076,test123,jane.miller3076@example.com,standard,US
grace_moore_3077,test123,grace.moore3077@example.com,standard,APAC
charlie_brown_3078,test123,charlie.brown3078@example.com,standard,APAC
diana_johnson_3079,test123,diana.johnson3079@example.com,standard,US
charlie_wilson_3080,test123,charlie.wilson3080@example.com,standard,EU
frank_miller_3081,test123,frank.miller3081@example.com,standard,EU
henry_moore_3082,test123,henry.moore3082@example.com,standard,US
john_thomas_3083,test123,john.thomas3083@example.com,standard,EU
diana_moore_3084,test123,diana.moore3084@example.com,premium,US
frank_miller_3085,test123,frank.miller3085@example.com,standard,US
eva_smith_3086,test123,eva.smith3086@example.com,premium,APAC
alice_moore_3087,test123,alice.moore3087@example.com,standard,APAC
bob_taylor_3088,test123,bob.taylor3088@example.com,standard,US
eva_wilson_3089,test123,eva.wilson3089@example.com,premium,US
grace_anderson_3090,test123,grace.anderson3090@example.com,admin,US
charlie_moore_3091,test123,charlie.moore3091@example.com,standard,US
diana_moore_3092,test123,diana.moore3092@example.com,standard,US
frank_miller_3093,test123,frank.miller3093@example.com,standard,EU
charlie_smith_3094,test123,charlie.smith3094@example.com,admin,US
diana_smith_3095,test123,diana.smith3095@example.com,standard,EU
alice_anderson_3096,test123,alice.anderson3096@example.com,standard,US
henry_miller_3097,test123,henry.miller3097@example.com,premium,EU
grace_brown_3098,test123,grace.brown3098@example.com,standard,US
diana_moore_3099,test123,diana.moore3099@example.com,premium,US
bob_davis_3100,test123,bob.davis3100@example.com,premium,US
jane_davis_3101,test123,jane.davis3101@example.com,standard,US
eva_miller_3102,test123,eva.miller3102@example.com,standard,US
bob_anderson_3103,test123,bob.anderson3103@example.com,standard,US
charlie_wilson_3104,test123,charlie.wilson3104@example.com,standard,APAC
eva_taylor_3105,test123,eva.taylor3105@example.com,admin,US
bob_wilson_3106,test123,bob.wilson3106@example.com,premium,US
john_anderson_3107,test123,john.anderson3107@example.com,premium,APAC
eva_johnson_3108,test123,eva.johnson3108@example.com,standard,US
eva_davis_3109,test123,eva.davis3109@example.com,standard,EU
alice_wilson_3110,test123,alice.wilson3110@example.com,premium,US
eva_miller_3111,test123,eva.miller3111@example.com,standard,US
diana_thomas_3112,test123,diana.thomas3112@example.com,standard,APAC
john_moore_3113,test123,john.moore3113@example.com,standard,US
henry_davis_3114,test123,henry.davis3114@example.com,standard,US
frank_davis_3115,test123,frank.davis3115@example.com,standard,US
jane_davis_3116,test123,jane.davis3116@example.com,standard,EU
john_miller_3117,test123,john.miller3117@example.com,standard,US
bob_wilson_3118,test123,bob.wilson3118@example.com,standard,US
bob_brown_3119,test123,bob.brown3119@example.com,standard,APAC
eva_brown_3120,test123,eva.brown3120@example.com,standard,US
john_smith_3121,test123,john.smith3121@example.com,premium,US
frank_miller_3122,test123,frank.miller3122@example.com,standard,APAC
charlie_brown_3123,test123,charlie.brown3123@example.com,standard,US
jane_taylor_3124,test123,jane.taylor3124@example.com,standard,APAC
eva_anderson_3125,test123,eva.anderson3125@example.com,standard,US
charlie_johnson_3126,test123,charlie.johnson3126@example.com,standard,US
alice_taylor_3127,test123,alice.taylor3127@example.com,standard,US
jane_smith_3128,test123,jane.smith3128@example.com,standard,APAC
john_anderson_3129,test123,john.anderson3129@example.com,standard,EU
diana_johnson_3130,test123,diana.johnson3130@example.com,standard,EU
grace_moore_3131,test123,grace.moore3131@example.com,standard,US
alice_davis_3132,test123,alice.davis3132@example.com,standard,US
eva_moore_3133,test123,eva.moore3133@example.com,standard,US
grace_anderson_3134,test123,grace.anderson3134@example.com,standard,EU
grace_miller_3135,test123,grace.miller3135@example.com,standard,EU
grace_johnson_3136,test123,grace.johnson3136@example.com,admin,EU
grace_wilson_3137,test123,grace.wilson3137@example.com,standard,US
john_johnson_3138,test123,john.johnson3138@example.com,standard,APAC
charlie_miller_3139,test123,charlie.miller3139@example.com,standard,US
alice_thomas_3140,test123,alice.thomas3140@example.com,standard,US
eva_anderson_3141,test123,eva.anderson3141@example.com,standard,US
eva_smith_3142,test123,eva.smith3142@example.com,premium,EU
alice_moore_3143,test123,alice.moore3143@example.com,standard,US
alice_taylor_3144,test123,alice.taylor3144@example.com,standard,EU
charlie_miller_3145,test123,charlie.miller3145@example.com,standard,US
jane_smith_3146,test123,jane.smith3146@example.com,standard,APAC
henry_davis_3147,test123,henry.davis3147@example.com,standard,APAC
diana_wilson_3148,test123,diana.wilson3148@example.com,standard,US
frank_anderson_3149,test123,frank.anderson3149@example.com,premium,US
charlie_wilson_3150,test123,charlie.wilson3150@example.com,standard,EU
alice_thomas_3151,test123,alice.thomas3151@example.com,standard,EU
bob_johnson_3152,test123,bob.johnson3152@example.com,standard,US
charlie_taylor_3153,test123,charlie.taylor3153@example.com,standard,US
diana_anderson_3154,test123,diana.anderson3154@example.com,standard,US
alice_wilson_3155,test123,alice.wilson3155@example.com,standard,US
grace_johnson_3156,test123,grace.johnson3156@example.com,standard,APAC
jane_wilson_3157,test123,jane.wilson3157@example.com,standard,US
john_miller_3158,test123,john.miller3158@example.com,standard,US
bob_johnson_3159,test123,bob.johnson3159@example.com,standard,EU
henry_moore_3160,test123,henry.moore3160@example.com,premium,EU
grace_thomas_3161,test123,grace.thomas3161@example.com,standard,APAC
bob_smith_3162,test123,bob.smith3162@example.com,standard,US
eva_taylor_3163,test123,eva.taylor3163@example.com,standard,EU
john_moore_3164,test123,john.moore3164@example.com,premium,US
grace_wilson_3165,test123,grace.wilson3165@example.com,premium,US
diana_smith_3166,test123,diana.smith3166@example.com,admin,US
frank_smith_3167,test123,frank.smith3167@example.com,standard,APAC
john_davis_3168,test123,john.davis3168@example.com,premium,APAC
john_davis_3169,test123,john.davis3169@example.com,standard,US
eva_brown_3170,test123,eva.brown3170@example.com,admin,US
bob_taylor_3171,test123,bob.taylor3171@example.com,standard,US
charlie_johnson_3172,test123,charlie.johnson3172@example.com,standard,APAC
frank_wilson_3173,test123,frank.wilson3173@example.com,standard,US
diana_moore_3174,test123,diana.moore3174@example.com,standard,EU
grace_wilson_3175,test123,grace.wilson3175@example.com,standard,EU
eva_miller_3176,test123,eva.miller3176@example.com,premium,US
eva_davis_3177,test123,eva.davis3177@example.com,admin,US
eva_johnson_3178,test123,eva.johnson3178@example.com,premium,EU
charlie_taylor_3179,test123,charlie.taylor3179@example.com,standard,EU
bob_miller_3180,test123,bob.miller3180@example.com,standard,EU
diana_thomas_3181,test123,diana.thomas3181@example.com,standard,US
alice_anderson_3182,test123,alice.anderson3182@example.com,standard,APAC
henry_brown_3183,test123,henry.brown3183@example.com,premium,US
jane_smith_3184,test123,jane.smith3184@example.com,standard,US
charlie_anderson_3185,test123,charlie.anderson3185@example.com,premium,EU
frank_wilson_3186,test123,frank.wilson3186@example.com,standard,US
john_taylor_3187,test123,john.taylor3187@example.com,premium,US
grace_thomas_3188,test123,grace.thomas3188@example.com,premium,APAC
charlie_miller_3189,test123,charlie.miller3189@example.com,premium,US
eva_wilson_3190,test123,eva.wilson3190@example.com,premium,US
charlie_thomas_3191,test123,charlie.thomas3191@example.com,admin,EU
alice_miller_3192,test123,alice.miller3192@example.com,standard,EU
diana_smith_3193,test123,diana.smith3193@example.com,premium,EU
eva_davis_3194,test123,eva.davis3194@example.com,standard,APAC
charlie_johnson_3195,test123,charlie.johnson3195@example.com,premium,US
frank_wilson_3196,test123,frank.wilson3196@example.com,premium,US
eva_wilson_3197,test123,eva.wilson3197@example.com,premium,US
henry_anderson_3198,test123,henry.anderson3198@example.com,standard,US
bob_davis_3199,test123,bob.davis3199@example.com,standard,US
alice_anderson_3200,test123,alice.anderson3200@example.com,premium,US
alice_wilson_3201,test123,alice.wilson3201@example.com,standard,US
diana_miller_3202,test123,diana.miller3202@example.com,standard,US
diana_thomas_3203,test123,diana.thomas3203@example.com,standard,US
henry_moore_3204,test123,henry.moore3204@example.com,standard,EU
grace_moore_3205,test123,grace.moore3205@example.com,admin,US
eva_anderson_3206,test123,eva.anderson3206@example.com,standard,EU
diana_miller_3207,test123,diana.miller3207@example.com,standard,US
john_miller_3208,test123,john.miller3208@example.com,standard,US
frank_thomas_3209,test123,frank.thomas3209@example.com,standard,US
frank_smith_3210,test123,frank.smith3210@example.com,standard,APAC
diana_brown_3211,test123,diana.brown3211@example.com,standard,US
alice_moore_3212,test123,alice.moore3212@example.com,premium,EU
frank_johnson_3213,test123,frank.johnson3213@example.com,premium,APAC
eva_taylor_3214,test123,eva.taylor3214@example.com,standard,US
eva_anderson_3215,test123,eva.anderson3215@example.com,admin,US
grace_smith_3216,test123,grace.smith3216@example.com,standard,APAC
grace_miller_3217,test123,grace.miller3217@example.com,premium,US
alice_smith_3218,test123,alice.smith3218@example.com,standard,US
grace_brown_3219,test123,grace.brown3219@example.com,premium,EU
frank_moore_3220,test123,frank.moore3220@example.com,standard,US
bob_smith_3221,test123,bob.smith3221@example.com,standard,US
henry_wilson_3222,test123,henry.wilson3222@example.com,standard,US
alice_smith_3223,test123,alice.smith3223@example.com,standard,US
grace_johnson_3224,test123,grace.johnson3224@example.com,premium,US
alice_anderson_3225,test123,alice.anderson3225@example.com,premium,US
alice_anderson_3226,test123,alice.anderson3226@example.com,standard,APAC
jane_smith_3227,test123,jane.smith3227@example.com,standard,US
charlie_anderson_3228,test123,charlie.anderson3228@example.com,standard,EU
henry_anderson_3229,test123,henry.anderson3229@example.com,standard,EU
frank_davis_3230,test123,frank.davis3230@example.com,standard,US
john_moore_3231,test123,john.moore3231@example.com,premium,EU
frank_thomas_3232,test123,frank.thomas3232@example.com,admin,APAC
grace_moore_3233,test123,grace.moore3233@example.com,standard,US
charlie_moore_3234,test123,charlie.moore3234@example.com,standard,EU
henry_brown_3235,test123,henry.brown3235@example.com,premium,APAC
jane_anderson_3236,test123,jane.anderson3236@example.com,standard,US
diana_smith_3237,test123,diana.smith3237@example.com,standard,US
jane_moore_3238,test123,jane.moore3238@example.com,standard,EU
diana_moore_3239,test123,diana.moore3239@example.com,premium,US
frank_smith_3240,test123,frank.smith3240@example.com,premium,US
grace_brown_3241,test123,grace.brown3241@example.com,admin,US
henry_taylor_3242,test123,henry.taylor3242@example.com,standard,EU
henry_anderson_3243,test123,henry.anderson3243@example.com,standard,US
john_smith_3244,test123,john.smith3244@example.com,standard,US
alice_miller_3245,test123,alice.miller3245@example.com,standard,APAC
charlie_miller_3246,test123,charlie.miller3246@example.com,premium,US
charlie_anderson_3247,test123,charlie.anderson3247@example.com,standard,US
grace_smith_3248,test123,grace.smith3248@example.com,standard,EU
frank_smith_3249,test123,frank.smith3249@example.com,standard,US
bob_smith_3250,test123,bob.smith3250@example.com,standard,US
charlie_davis_3251,test123,charlie.davis3251@example.com,admin,US
jane_taylor_3252,test123,jane.taylor3252@example.com,standard,EU
john_wilson_3253,test123,john.wilson3253@example.com,standard,US
diana_johnson_3254,test123,diana.johnson3254@example.com,admin,US
bob_taylor_3255,test123,bob.taylor3255@example.com,standard,US
john_smith_3256,test123,john.smith3256@example.com,standard,APAC
john_anderson_3257,test123,john.anderson3257@example.com,standard,US
henry_miller_3258,test123,henry.miller3258@example.com,standard,US
bob_thomas_3259,test123,bob.thomas3259@example.com,standard,US
jane_smith_3260,test123,jane.smith3260@example.com,standard,US
bob_smith_3261,test123,bob.smith3261@example.com,standard,US
frank_miller_3262,test123,frank.miller3262@example.com,standard,EU
charlie_moore_3263,test123,charlie.moore3263@example.com,standard,US
henry_thomas_3264,test123,henry.thomas3264@example.com,standard,US
frank_anderson_3265,test123,frank.anderson3265@example.com,standard,EU
john_moore_3266,test123,john.moore3266@example.com,admin,US
jane_miller_3267,test123,jane.miller3267@example.com,standard,EU
bob_miller_3268,test123,bob.miller3268@example.com,admin,US
diana_smith_3269,test123,diana.smith3269@example.com,standard,US
diana_anderson_3270,test123,diana.anderson3270@example.com,standard,EU
charlie_wilson_3271,test123,charlie.wilson3271@example.com,standard,APAC
bob_miller_3272,test123,bob.miller3272@example.com,standard,US
grace_taylor_3273,test123,grace.taylor3273@example.com,standard,US
charlie_smith_3274,test123,charlie.smith3274@example.com,premium,US
eva_davis_3275,test123,eva.davis3275@example.com,premium,US
diana_moore_3276,test123,diana.moore3276@example.com,standard,EU
eva_moore_3277,test123,eva.moore3277@example.com,standard,US
henry_smith_3278,test123,henry.smith3278@example.com,premium,US
alice_davis_3279,test123,alice.davis3279@example.com,standard,EU
grace_anderson_3280,test123,grace.anderson3280@example.com,standard,US
john_wilson_3281,test123,john.wilson3281@example.com,standard,US
bob_johnson_3282,test123,bob.johnson3282@example.com,standard,US
eva_miller_3283,test123,eva.miller3283@example.com,standard,US
charlie_thomas_3284,test123,charlie.thomas3284@example.com,standard,EU
frank_thomas_3285,test123,frank.thomas3285@example.com,standard,APAC
grace_brown_3286,test123,grace.brown3286@example.com,premium,APAC
frank_brown_3287,test123,frank.brown3287@example.com,standard,US
bob_miller_3288,test123,bob.miller3288@example.com,standard,US
henry_taylor_3289,test123,henry.taylor3289@example.com,standard,APAC
john_johnson_3290,test123,john.johnson3290@example.com,premium,APAC
frank_brown_3291,test123,frank.brown3291@example.com,standard,US
frank_davis_3292,test123,frank.davis3292@example.com,standard,US
eva_brown_3293,test123,eva.brown3293@example.com,premium,US
henry_brown_3294,test123,henry.brown3294@example.com,standard,US
diana_johnson_3295,test123,diana.johnson3295@example.com,premium,US
frank_davis_3296,test123,frank.davis3296@example.com,admin,US
eva_brown_3297,test123,eva.brown3297@example.com,standard,EU
eva_taylor_3298,test123,eva.taylor3298@example.com,premium,US
eva_miller_3299,test123,eva.miller3299@example.com,premium,US
diana_wilson_3300,test123,diana.wilson3300@example.com,premium,US
charlie_wilson_3301,test123,charlie.wilson3301@example.com,standard,EU
eva_moore_3302,test123,eva.moore3302@example.com,standard,US
eva_johnson_3303,test123,eva.johnson3303@example.com,standard,US
charlie_johnson_3304,test123,charlie.johnson3304@example.com,standard,US
charlie_moore_3305,test123,charlie.moore3305@example.com,premium,US
charlie_davis_3306,test123,charlie.davis3306@example.com,standard,EU
jane_thomas_3307,test123,jane.thomas3307@example.com,standard,US
charlie_wilson_3308,test123,charlie.wilson3308@example.com,standard,US
eva_anderson_3309,test123,eva.anderson3309@example.com,standard,APAC
grace_miller_3310,test123,grace.miller3310@example.com,admin,US
bob_smith_3311,test123,bob.smith3311@example.com,standard,US
henry_moore_3312,test123,henry.moore3312@example.com,standard,US
jane_moore_3313,test123,jane.moore3313@example.com,premium,APAC
grace_johnson_3314,test123,grace.johnson3314@example.com,standard,US
bob_smith_3315,test123,bob.smith3315@example.com,premium,US
bob_davis_3316,test123,bob.davis3316@example.com,standard,APAC
diana_anderson_3317,test123,diana.anderson3317@example.com,standard,US
alice_wilson_3318,test123,alice.wilson3318@example.com,standard,US
frank_brown_3319,test123,frank.brown3319@example.com,premium,EU
frank_wilson_3320,test123,frank.wilson3320@example.com,premium,APAC
frank_wilson_3321,test123,frank.wilson3321@example.com,premium,US
john_moore_3322,test123,john.moore3322@example.com,standard,US
frank_johnson_3323,test123,frank.johnson3323@example.com,admin,US
charlie_anderson_3324,test123,charlie.anderson3324@example.com,standard,US
charlie_thomas_3325,test123,charlie.thomas3325@example.com,admin,US
john_brown_3326,test123,john.brown3326@example.com,standard,US
grace_johnson_3327,test123,grace.johnson3327@example.com,standard,APAC
frank_smith_3328,test123,frank.smith3328@example.com,standard,US
eva_anderson_3329,test123,eva.anderson3329@example.com,premium,US
jane_davis_3330,test123,jane.davis3330@example.com,standard,US
henry_miller_3331,test123,henry.miller3331@example.com,standard,APAC
henry_thomas_3332,test123,henry.thomas3332@example.com,standard,US
diana_smith_3333,test123,diana.smith3333@example.com,premium,US
alice_johnson_3334,test123,alice.johnson3334@example.com,standard,EU
bob_moore_3335,test123,bob.moore3335@example.com,standard,US
jane_thomas_3336,test123,jane.thomas3336@example.com,premium,APAC
grace_miller_3337,test123,grace.miller3337@example.com,standard,EU
bob_thomas_3338,test123,bob.thomas3338@example.com,standard,US
diana_taylor_3339,test123,diana.taylor3339@example.com,premium,US
john_brown_3340,test123,john.brown3340@example.com,admin,APAC
diana_thomas_3341,test123,diana.thomas3341@example.com,standard,EU
john_smith_3342,test123,john.smith3342@example.com,standard,US
grace_davis_3343,test123,grace.davis3343@example.com,standard,US
grace_anderson_3344,test123,grace.anderson3344@example.com,standard,APAC
diana_thomas_3345,test123,diana.thomas3345@example.com,standard,US
diana_brown_3346,test123,diana.brown3346@example.com,premium,US
john_johnson_3347,test123,john.johnson3347@example.com,premium,EU
eva_davis_3348,test123,eva.davis3348@example.com,standard,EU
diana_johnson_3349,test123,diana.johnson3349@example.com,admin,EU
jane_taylor_3350,test123,jane.taylor3350@example.com,standard,APAC
grace_brown_3351,test123,grace.brown3351@example.com,standard,EU
grace_wilson_3352,test123,grace.wilson3352@example.com,standard,US
alice_miller_3353,test123,alice.miller3353@example.com,premium,EU
eva_anderson_3354,test123,eva.anderson3354@example.com,standard,US
henry_johnson_3355,test123,henry.johnson3355@example.com,premium,US
bob_wilson_3356,test123,bob.wilson3356@example.com,standard,US
john_wilson_3357,test123,john.wilson3357@example.com,premium,EU
eva_wilson_3358,test123,eva.wilson3358@example.com,standard,APAC
jane_thomas_3359,test123,jane.thomas3359@example.com,standard,EU
henry_smith_3360,test123,henry.smith3360@example.com,standard,EU
diana_anderson_3361,test123,diana.anderson3361@example.com,standard,US
alice_johnson_3362,test123,alice.johnson3362@example.com,standard,APAC
alice_smith_3363,test123,alice.smith3363@example.com,premium,US
diana_wilson_3364,test123,diana.wilson3364@example.com,standard,US
diana_wilson_3365,test123,diana.wilson3365@example.com,premium,EU
jane_wilson_3366,test123,jane.wilson3366@example.com,premium,US
henry_taylor_3367,test123,henry.taylor3367@example.com,admin,APAC
henry_wilson_3368,test123,henry.wilson3368@example.com,premium,US
henry_taylor_3369,test123,henry.taylor3369@example.com,premium,EU
diana_brown_3370,test123,diana.brown3370@example.com,premium,US
frank_moore_3371,test123,frank.moore3371@example.com,admin,US
frank_wilson_3372,test123,frank.wilson3372@example.com,standard,EU
john_taylor_3373,test123,john.taylor3373@example.com,standard,US
henry_anderson_3374,test123,henry.anderson3374@example.com,standard,EU
henry_anderson_3375,test123,henry.anderson3375@example.com,standard,US
frank_smith_3376,test123,frank.smith3376@example.com,standard,US
diana_miller_3377,test123,diana.miller3377@example.com,standard,EU
john_wilson_3378,test123,john.wilson3378@example.com,premium,EU
jane_johnson_3379,test123,jane.johnson3379@example.com,standard,APAC
grace_miller_3380,test123,grace.miller3380@example.com,standard,US
jane_smith_3381,test123,jane.smith3381@example.com,standard,US
diana_taylor_3382,test123,diana.taylor3382@example.com,premium,EU
henry_anderson_3383,test123,henry.anderson3383@example.com,premium,US
frank_thomas_3384,test123,frank.thomas3384@example.com,standard,US
alice_davis_3385,test123,alice.davis3385@example.com,premium,US
jane_wilson_3386,test123,jane.wilson3386@example.com,standard,EU
henry_wilson_3387,test123,henry.wilson3387@example.com,premium,US
jane_taylor_3388,test123,jane.taylor3388@example.com,standard,US
john_taylor_3389,test123,john.taylor3389@example.com,standard,US
grace_smith_3390,test123,grace.smith3390@example.com,standard,US
bob_anderson_3391,test123,bob.anderson3391@example.com,premium,US
john_wilson_3392,test123,john.wilson3392@example.com,premium,US
john_moore_3393,test123,john.moore3393@example.com,premium,US
diana_johnson_3394,test123,diana.johnson3394@example.com,standard,APAC
grace_davis_3395,test123,grace.davis3395@example.com,premium,EU
diana_miller_3396,test123,diana.miller3396@example.com,premium,US
charlie_wilson_3397,test123,charlie.wilson3397@example.com,standard,APAC
john_miller_3398,test123,john.miller3398@example.com,standard,US
alice_anderson_3399,test123,alice.anderson3399@example.com,premium,US
henry_thomas_3400,test123,henry.thomas3400@example.com,standard,EU
alice_miller_3401,test123,alice.miller3401@example.com,standard,EU
eva_thomas_3402,test123,eva.thomas3402@example.com,premium,APAC
charlie_davis_3403,test123,charlie.davis3403@example.com,standard,APAC
diana_miller_3404,test123,diana.miller3404@example.com,standard,EU
frank_anderson_3405,test123,frank.anderson3405@example.com,admin,US
frank_smith_3406,test123,frank.smith3406@example.com,admin,US
eva_thomas_3407,test123,eva.thomas3407@example.com,standard,US
grace_miller_3408,test123,grace.miller3408@example.com,standard,US
frank_johnson_3409,test123,frank.johnson3409@example.com,standard,US
diana_miller_3410,test123,diana.miller3410@example.com,standard,US
charlie_anderson_3411,test123,charlie.anderson3411@example.com,standard,EU
grace_brown_3412,test123,grace.brown3412@example.com,standard,US
eva_moore_3413,test123,eva.moore3413@example.com,standard,US
grace_davis_3414,test123,grace.davis3414@example.com,standard,US
alice_wilson_3415,test123,alice.wilson3415@example.com,standard,US
frank_thomas_3416,test123,frank.thomas3416@example.com,standard,US
frank_brown_3417,test123,frank.brown3417@example.com,admin,US
grace_johnson_3418,test123,grace.johnson3418@example.com,standard,US
grace_miller_3419,test123,grace.miller3419@example.com,premium,US
frank_anderson_3420,test123,frank.anderson3420@example.com,standard,US
bob_miller_3421,test123,bob.miller3421@example.com,standard,US
diana_miller_3422,test123,diana.miller3422@example.com,premium,EU
jane_thomas_3423,test123,jane.thomas3423@example.com,standard,US
john_taylor_3424,test123,john.taylor3424@example.com,standard,US
henry_wilson_3425,test123,henry.wilson3425@example.com,premium,EU
henry_wilson_3426,test123,henry.wilson3426@example.com,standard,APAC
diana_brown_3427,test123,diana.brown3427@example.com,standard,US
john_johnson_3428,test123,john.johnson3428@example.com,premium,APAC
eva_taylor_3429,test123,eva.taylor3429@example.com,premium,US
grace_anderson_3430,test123,grace.anderson3430@example.com,standard,EU
henry_wilson_3431,test123,henry.wilson3431@example.com,standard,US
frank_taylor_3432,test123,frank.taylor3432@example.com,standard,US
charlie_anderson_3433,test123,charlie.anderson3433@example.com,standard,APAC
jane_smith_3434,test123,jane.smith3434@example.com,standard,US
charlie_smith_3435,test123,charlie.smith3435@example.com,premium,US
eva_smith_3436,test123,eva.smith3436@example.com,premium,APAC
jane_taylor_3437,test123,jane.taylor3437@example.com,standard,US
eva_miller_3438,test123,eva.miller3438@example.com,standard,US
alice_miller_3439,test123,alice.miller3439@example.com,standard,US
alice_miller_3440,test123,alice.miller3440@example.com,standard,EU
charlie_smith_3441,test123,charlie.smith3441@example.com,premium,US
henry_thomas_3442,test123,henry.thomas3442@example.com,premium,US
jane_smith_3443,test123,jane.smith3443@example.com,standard,US
alice_moore_3444,test123,alice.moore3444@example.com,admin,EU
alice_brown_3445,test123,alice.brown3445@example.com,premium,US
alice_taylor_3446,test123,alice.taylor3446@example.com,standard,EU
bob_thomas_3447,test123,bob.thomas3447@example.com,premium,EU
henry_miller_3448,test123,henry.miller3448@example.com,standard,US
john_anderson_3449,test123,john.anderson3449@example.com,standard,US
john_davis_3450,test123,john.davis3450@example.com,standard,US
alice_miller_3451,test123,alice.miller3451@example.com,standard,US
grace_brown_3452,test123,grace.brown3452@example.com,standard,US
alice_davis_3453,test123,alice.davis3453@example.com,standard,EU
alice_anderson_3454,test123,alice.anderson3454@example.com,standard,APAC
bob_taylor_3455,test123,bob.taylor3455@example.com,premium,EU
diana_wilson_3456,test123,diana.wilson3456@example.com,standard,US
grace_miller_3457,test123,grace.miller3457@example.com,admin,EU
jane_miller_3458,test123,jane.miller3458@example.com,standard,APAC
eva_smith_3459,test123,eva.smith3459@example.com,standard,EU
jane_smith_3460,test123,jane.smith3460@example.com,standard,US
henry_wilson_3461,test123,henry.wilson3461@example.com,standard,APAC
john_smith_3462,test123,john.smith3462@example.com,standard,US
bob_davis_3463,test123,bob.davis3463@example.com,standard,EU
henry_johnson_3464,test123,henry.johnson3464@example.com,standard,US
grace_smith_3465,test123,grace.smith3465@example.com,standard,US
jane_johnson_3466,test123,jane.johnson3466@example.com,standard,US
eva_brown_3467,test123,eva.brown3467@example.com,standard,EU
diana_thomas_3468,test123,diana.thomas3468@example.com,standard,APAC
frank_brown_3469,test123,frank.brown3469@example.com,premium,US
diana_smith_3470,test123,diana.smith3470@example.com,premium,EU
charlie_brown_3471,test123,charlie.brown3471@example.com,standard,US
frank_taylor_3472,test123,frank.taylor3472@example.com,standard,APAC
diana_taylor_3473,test123,diana.taylor3473@example.com,admin,US
alice_davis_3474,test123,alice.davis3474@example.com,standard,US
diana_thomas_3475,test123,diana.thomas3475@example.com,premium,EU
bob_smith_3476,test123,bob.smith3476@example.com,premium,APAC
charlie_miller_3477,test123,charlie.miller3477@example.com,standard,US
john_moore_3478,test123,john.moore3478@example.com,standard,US
charlie_moore_3479,test123,charlie.moore3479@example.com,premium,US
eva_taylor_3480,test123,eva.taylor3480@example.com,premium,US
bob_davis_3481,test123,bob.davis3481@example.com,admin,APAC
alice_miller_3482,test123,alice.miller3482@example.com,premium,APAC
alice_davis_3483,test123,alice.davis3483@example.com,standard,EU
bob_wilson_3484,test123,bob.wilson3484@example.com,standard,APAC
john_taylor_3485,test123,john.taylor3485@example.com,standard,US
frank_brown_3486,test123,frank.brown3486@example.com,standard,US
alice_anderson_3487,test123,alice.anderson3487@example.com,standard,APAC
jane_thomas_3488,test123,jane.thomas3488@example.com,standard,EU
eva_moore_3489,test123,eva.moore3489@example.com,standard,US
grace_smith_3490,test123,grace.smith3490@example.com,standard,US
jane_moore_3491,test123,jane.moore3491@example.com,standard,US
frank_thomas_3492,test123,frank.thomas3492@example.com,premium,US
charlie_thomas_3493,test123,charlie.thomas3493@example.com,standard,US
frank_davis_3494,test123,frank.davis3494@example.com,premium,US
henry_johnson_3495,test123,henry.johnson3495@example.com,standard,US
diana_brown_3496,test123,diana.brown3496@example.com,premium,US
grace_anderson_3497,test123,grace.anderson3497@example.com,standard,APAC
john_thomas_3498,test123,john.thomas3498@example.com,standard,US
charlie_wilson_3499,test123,charlie.wilson3499@example.com,standard,US
charlie_anderson_3500,test123,charlie.anderson3500@example.com,standard,US
jane_smith_3501,test123,jane.smith3501@example.com,premium,APAC
eva_miller_3502,test123,eva.miller3502@example.com,standard,APAC
eva_smith_3503,test123,eva.smith3503@example.com,standard,US
bob_davis_3504,test123,bob.davis3504@example.com,standard,US
alice_moore_3505,test123,alice.moore3505@example.com,standard,US
jane_miller_3506,test123,jane.miller3506@example.com,standard,US
jane_brown_3507,test123,jane.brown3507@example.com,standard,EU
bob_johnson_3508,test123,bob.johnson3508@example.com,standard,US
henry_miller_3509,test123,henry.miller3509@example.com,premium,EU
henry_wilson_3510,test123,henry.wilson3510@example.com,standard,US
diana_moore_3511,test123,diana.moore3511@example.com,standard,EU
charlie_taylor_3512,test123,charlie.taylor3512@example.com,standard,EU
frank_wilson_3513,test123,frank.wilson3513@example.com,premium,US
henry_taylor_3514,test123,henry.taylor3514@example.com,standard,US
eva_smith_3515,test123,eva.smith3515@example.com,standard,US
diana_johnson_3516,test123,diana.johnson3516@example.com,standard,EU
grace_davis_3517,test123,grace.davis3517@example.com,standard,US
frank_johnson_3518,test123,frank.johnson3518@example.com,standard,US
charlie_miller_3519,test123,charlie.miller3519@example.com,standard,US
eva_wilson_3520,test123,eva.wilson3520@example.com,premium,US
jane_anderson_3521,test123,jane.anderson3521@example.com,standard,US
grace_brown_3522,test123,grace.brown3522@example.com,standard,US
charlie_johnson_3523,test123,charlie.johnson3523@example.com,standard,US
eva_brown_3524,test123,eva.brown3524@example.com,standard,US
diana_davis_3525,test123,diana.davis3525@example.com,standard,US
frank_smith_3526,test123,frank.smith3526@example.com,standard,US
diana_smith_3527,test123,diana.smith3527@example.com,standard,US
grace_smith_3528,test123,grace.smith3528@example.com,standard,US
alice_miller_3529,test123,alice.miller3529@example.com,premium,US
alice_moore_3530,test123,alice.moore3530@example.com,premium,US
grace_brown_3531,test123,grace.brown3531@example.com,standard,EU
charlie_miller_3532,test123,charlie.miller3532@example.com,standard,US
henry_johnson_3533,test123,henry.johnson3533@example.com,standard,US
john_anderson_3534,test123,john.anderson3534@example.com,premium,US
grace_taylor_3535,test123,grace.taylor3535@example.com,admin,US
john_thomas_3536,test123,john.thomas3536@example.com,premium,APAC
charlie_wilson_3537,test123,charlie.wilson3537@example.com,standard,US
grace_moore_3538,test123,grace.moore3538@example.com,standard,EU
grace_moore_3539,test123,grace.moore3539@example.com,premium,EU
grace_brown_3540,test123,grace.brown3540@example.com,premium,US
bob_wilson_3541,test123,bob.wilson3541@example.com,standard,EU
eva_thomas_3542,test123,eva.thomas3542@example.com,premium,US
alice_thomas_3543,test123,alice.thomas3543@example.com,standard,US
charlie_moore_3544,test123,charlie.moore3544@example.com,standard,EU
bob_johnson_3545,test123,bob.johnson3545@example.com,standard,EU
frank_moore_3546,test123,frank.moore3546@example.com,premium,US
frank_thomas_3547,test123,frank.thomas3547@example.com,admin,EU
grace_johnson_3548,test123,grace.johnson3548@example.com,premium,US
bob_smith_3549,test123,bob.smith3549@example.com,standard,US
eva_taylor_3550,test123,eva.taylor3550@example.com,standard,EU
alice_taylor_3551,test123,alice.taylor3551@example.com,premium,APAC
diana_johnson_3552,test123,diana.johnson3552@example.com,admin,APAC
alice_smith_3553,test123,alice.smith3553@example.com,premium,US
grace_taylor_3554,test123,grace.taylor3554@example.com,standard,EU
grace_brown_3555,test123,grace.brown3555@example.com,standard,US
grace_thomas_3556,test123,grace.thomas3556@example.com,standard,EU
diana_moore_3557,test123,diana.moore3557@example.com,standard,EU
frank_anderson_3558,test123,frank.anderson3558@example.com,standard,US
bob_moore_3559,test123,bob.moore3559@example.com,standard,US
frank_miller_3560,test123,frank.miller3560@example.com,standard,US
jane_anderson_3561,test123,jane.anderson3561@example.com,premium,US
jane_anderson_3562,test123,jane.anderson3562@example.com,standard,US
frank_anderson_3563,test123,frank.anderson3563@example.com,standard,US
diana_davis_3564,test123,diana.davis3564@example.com,standard,US
jane_thomas_3565,test123,jane.thomas3565@example.com,standard,US
jane_brown_3566,test123,jane.brown3566@example.com,standard,US
bob_moore_3567,test123,bob.moore3567@example.com,premium,EU
henry_wilson_3568,test123,henry.wilson3568@example.com,standard,US
henry_taylor_3569,test123,henry.taylor3569@example.com,standard,APAC
john_taylor_3570,test123,john.taylor3570@example.com,standard,US
frank_anderson_3571,test123,frank.anderson3571@example.com,premium,US
frank_davis_3572,test123,frank.davis3572@example.com,premium,US
diana_davis_3573,test123,diana.davis3573@example.com,premium,US
diana_moore_3574,test123,diana.moore3574@example.com,premium,EU
eva_miller_3575,test123,eva.miller3575@example.com,premium,EU
eva_smith_3576,test123,eva.smith3576@example.com,standard,US
grace_davis_3577,test123,grace.davis3577@example.com,premium,EU
henry_miller_3578,test123,henry.miller3578@example.com,standard,EU
grace_wilson_3579,test123,grace.wilson3579@example.com,standard,EU
grace_brown_3580,test123,grace.brown3580@example.com,standard,EU
jane_smith_3581,test123,jane.smith3581@example.com,standard,US
bob_wilson_3582,test123,bob.wilson3582@example.com,premium,EU
jane_taylor_3583,test123,jane.taylor3583@example.com,standard,US
frank_miller_3584,test123,frank.miller3584@example.com,admin,EU
frank_anderson_3585,test123,frank.anderson3585@example.com,premium,EU
john_wilson_3586,test123,john.wilson3586@example.com,standard,APAC
alice_thomas_3587,test123,alice.thomas3587@example.com,standard,US
alice_smith_3588,test123,alice.smith3588@example.com,standard,EU
jane_anderson_3589,test123,jane.anderson3589@example.com,standard,US
jane_wilson_3590,test123,jane.wilson3590@example.com,standard,US
bob_miller_3591,test123,bob.miller3591@example.com,standard,US
frank_anderson_3592,test123,frank.anderson3592@example.com,premium,US
eva_wilson_3593,test123,eva.wilson3593@example.com,standard,US
john_taylor_3594,test123,john.taylor3594@example.com,standard,US
alice_smith_3595,test123,alice.smith3595@example.com,standard,EU
grace_taylor_3596,test123,grace.taylor3596@example.com,standard,US
frank_brown_3597,test123,frank.brown3597@example.com,premium,EU
charlie_taylor_3598,test123,charlie.taylor3598@example.com,standard,EU
diana_johnson_3599,test123,diana.johnson3599@example.com,standard,US
charlie_taylor_3600,test123,charlie.taylor3600@example.com,standard,US
eva_miller_3601,test123,eva.miller3601@example.com,standard,US
jane_davis_3602,test123,jane.davis3602@example.com,standard,US
frank_miller_3603,test123,frank.miller3603@example.com,premium,US
charlie_davis_3604,test123,charlie.davis3604@example.com,standard,EU
grace_wilson_3605,test123,grace.wilson3605@example.com,admin,US
grace_wilson_3606,test123,grace.wilson3606@example.com,standard,US
diana_taylor_3607,test123,diana.taylor3607@example.com,standard,US
john_thomas_3608,test123,john.thomas3608@example.com,standard,US
frank_smith_3609,test123,frank.smith3609@example.com,standard,US
frank_smith_3610,test123,frank.smith3610@example.com,standard,US
jane_anderson_3611,test123,jane.anderson3611@example.com,standard,US
eva_johnson_3612,test123,eva.johnson3612@example.com,standard,US
jane_smith_3613,test123,jane.smith3613@example.com,standard,US
henry_wilson_3614,test123,henry.wilson3614@example.com,standard,EU
henry_taylor_3615,test123,henry.taylor3615@example.com,standard,US
bob_johnson_3616,test123,bob.johnson3616@example.com,standard,EU
grace_taylor_3617,test123,grace.taylor3617@example.com,standard,EU
grace_wilson_3618,test123,grace.wilson3618@example.com,standard,EU
henry_johnson_3619,test123,henry.johnson3619@example.com,standard,US
henry_johnson_3620,test123,henry.johnson3620@example.com,premium,APAC
eva_smith_3621,test123,eva.smith3621@example.com,standard,EU
john_brown_3622,test123,john.brown3622@example.com,premium,APAC
jane_smith_3623,test123,jane.smith3623@example.com,standard,EU
alice_miller_3624,test123,alice.miller3624@example.com,standard,US
frank_anderson_3625,test123,frank.anderson3625@example.com,standard,APAC
charlie_smith_3626,test123,charlie.smith3626@example.com,premium,US
henry_brown_3627,test123,henry.brown3627@example.com,standard,US
charlie_wilson_3628,test123,charlie.wilson3628@example.com,standard,EU
grace_smith_3629,test123,grace.smith3629@example.com,standard,APAC
alice_smith_3630,test123,alice.smith3630@example.com,standard,EU
bob_smith_3631,test123,bob.smith3631@example.com,standard,APAC
alice_anderson_3632,test123,alice.anderson3632@example.com,standard,US
alice_davis_3633,test123,alice.davis3633@example.com,standard,US
jane_davis_3634,test123,jane.davis3634@example.com,standard,US
alice_taylor_3635,test123,alice.taylor3635@example.com,standard,APAC
grace_brown_3636,test123,grace.brown3636@example.com,premium,EU
eva_johnson_3637,test123,eva.johnson3637@example.com,standard,US
bob_smith_3638,test123,bob.smith3638@example.com,admin,US
henry_thomas_3639,test123,henry.thomas3639@example.com,standard,APAC
charlie_miller_3640,test123,charlie.miller3640@example.com,standard,EU
bob_brown_3641,test123,bob.brown3641@example.com,standard,US
john_johnson_3642,test123,john.johnson3642@example.com,premium,US
alice_davis_3643,test123,alice.davis3643@example.com,standard,EU
charlie_moore_3644,test123,charlie.moore3644@example.com,premium,EU
frank_thomas_3645,test123,frank.thomas3645@example.com,premium,US
henry_moore_3646,test123,henry.moore3646@example.com,admin,US
diana_davis_3647,test123,diana.davis3647@example.com,standard,US
jane_johnson_3648,test123,jane.johnson3648@example.com,premium,APAC
frank_smith_3649,test123,frank.smith3649@example.com,standard,US
jane_miller_3650,test123,jane.miller3650@example.com,standard,APAC
frank_thomas_3651,test123,frank.thomas3651@example.com,standard,US
bob_thomas_3652,test123,bob.thomas3652@example.com,premium,US
frank_thomas_3653,test123,frank.thomas3653@example.com,standard,EU
henry_davis_3654,test123,henry.davis3654@example.com,standard,US
bob_brown_3655,test123,bob.brown3655@example.com,premium,APAC
charlie_taylor_3656,test123,charlie.taylor3656@example.com,standard,US
alice_smith_3657,test123,alice.smith3657@example.com,standard,US
charlie_moore_3658,test123,charlie.moore3658@example.com,standard,US
bob_miller_3659,test123,bob.miller3659@example.com,standard,US
grace_moore_3660,test123,grace.moore3660@example.com,admin,US
bob_wilson_3661,test123,bob.wilson3661@example.com,standard,APAC
henry_anderson_3662,test123,henry.anderson3662@example.com,standard,EU
jane_thomas_3663,test123,jane.thomas3663@example.com,standard,US
charlie_anderson_3664,test123,charlie.anderson3664@example.com,standard,EU
bob_taylor_3665,test123,bob.taylor3665@example.com,standard,APAC
grace_moore_3666,test123,grace.moore3666@example.com,premium,US
john_thomas_3667,test123,john.thomas3667@example.com,standard,US
frank_moore_3668,test123,frank.moore3668@example.com,standard,US
jane_moore_3669,test123,jane.moore3669@example.com,standard,US
grace_miller_3670,test123,grace.miller3670@example.com,standard,EU
frank_davis_3671,test123,frank.davis3671@example.com,premium,APAC
bob_miller_3672,test123,bob.miller3672@example.com,premium,US
charlie_smith_3673,test123,charlie.smith3673@example.com,standard,APAC
henry_smith_3674,test123,henry.smith3674@example.com,premium,US
bob_johnson_3675,test123,bob.johnson3675@example.com,standard,US
john_wilson_3676,test123,john.wilson3676@example.com,standard,APAC
henry_taylor_3677,test123,henry.taylor3677@example.com,standard,EU
grace_thomas_3678,test123,grace.thomas3678@example.com,standard,US
charlie_taylor_3679,test123,charlie.taylor3679@example.com,standard,US
frank_taylor_3680,test123,frank.taylor3680@example.com,standard,EU
eva_smith_3681,test123,eva.smith3681@example.com,standard,US
frank_johnson_3682,test123,frank.johnson3682@example.com,admin,US
frank_smith_3683,test123,frank.smith3683@example.com,standard,US
frank_wilson_3684,test123,frank.wilson3684@example.com,standard,US
henry_wilson_3685,test123,henry.wilson3685@example.com,premium,US
eva_anderson_3686,test123,eva.anderson3686@example.com,premium,US
eva_davis_3687,test123,eva.davis3687@example.com,standard,US
grace_smith_3688,test123,grace.smith3688@example.com,standard,APAC
bob_miller_3689,test123,bob.miller3689@example.com,standard,US
bob_smith_3690,test123,bob.smith3690@example.com,premium,US
alice_brown_3691,test123,alice.brown3691@example.com,standard,US
jane_moore_3692,test123,jane.moore3692@example.com,standard,EU
henry_brown_3693,test123,henry.brown3693@example.com,premium,US
frank_smith_3694,test123,frank.smith3694@example.com,premium,APAC
john_brown_3695,test123,john.brown3695@example.com,admin,EU
frank_johnson_3696,test123,frank.johnson3696@example.com,premium,EU
grace_moore_3697,test123,grace.moore3697@example.com,premium,US
john_miller_3698,test123,john.miller3698@example.com,standard,APAC
frank_moore_3699,test123,frank.moore3699@example.com,premium,US
alice_wilson_3700,test123,alice.wilson3700@example.com,premium,APAC
diana_moore_3701,test123,diana.moore3701@example.com,standard,EU
charlie_brown_3702,test123,charlie.brown3702@example.com,admin,EU
john_miller_3703,test123,john.miller3703@example.com,premium,APAC
alice_wilson_3704,test123,alice.wilson3704@example.com,standard,US
grace_anderson_3705,test123,grace.anderson3705@example.com,standard,EU
henry_thomas_3706,test123,henry.thomas3706@example.com,standard,US
henry_davis_3707,test123,henry.davis3707@example.com,premium,US
frank_taylor_3708,test123,frank.taylor3708@example.com,standard,US
charlie_thomas_3709,test123,charlie.thomas3709@example.com,standard,US
charlie_brown_3710,test123,charlie.brown3710@example.com,standard,APAC
diana_johnson_3711,test123,diana.johnson3711@example.com,standard,US
jane_taylor_3712,test123,jane.taylor3712@example.com,standard,EU
bob_wilson_3713,test123,bob.wilson3713@example.com,standard,US
jane_taylor_3714,test123,jane.taylor3714@example.com,standard,APAC
bob_wilson_3715,test123,bob.wilson3715@example.com,standard,EU
charlie_anderson_3716,test123,charlie.anderson3716@example.com,standard,US
grace_davis_3717,test123,grace.davis3717@example.com,premium,US
bob_taylor_3718,test123,bob.taylor3718@example.com,premium,EU
alice_davis_3719,test123,alice.davis3719@example.com,standard,EU
charlie_miller_3720,test123,charlie.miller3720@example.com,standard,US
alice_johnson_3721,test123,alice.johnson3721@example.com,premium,US
frank_moore_3722,test123,frank.moore3722@example.com,standard,US
grace_anderson_3723,test123,grace.anderson3723@example.com,standard,APAC
john_taylor_3724,test123,john.taylor3724@example.com,standard,US
diana_moore_3725,test123,diana.moore3725@example.com,premium,EU
grace_moore_3726,test123,grace.moore3726@example.com,standard,US
charlie_brown_3727,test123,charlie.brown3727@example.com,premium,US
diana_brown_3728,test123,diana.brown3728@example.com,premium,APAC
grace_thomas_3729,test123,grace.thomas3729@example.com,premium,US
diana_anderson_3730,test123,diana.anderson3730@example.com,standard,US
frank_brown_3731,test123,frank.brown3731@example.com,standard,US
charlie_davis_3732,test123,charlie.davis3732@example.com,premium,APAC
grace_thomas_3733,test123,grace.thomas3733@example.com,standard,US
diana_wilson_3734,test123,diana.wilson3734@example.com,premium,EU
diana_anderson_3735,test123,diana.anderson3735@example.com,standard,EU
bob_taylor_3736,test123,bob.taylor3736@example.com,premium,US
henry_johnson_3737,test123,henry.johnson3737@example.com,standard,US
bob_thomas_3738,test123,bob.thomas3738@example.com,premium,US
frank_taylor_3739,test123,frank.taylor3739@example.com,standard,APAC
alice_davis_3740,test123,alice.davis3740@example.com,standard,EU
alice_brown_3741,test123,alice.brown3741@example.com,premium,US
john_moore_3742,test123,john.moore3742@example.com,standard,US
frank_taylor_3743,test123,frank.taylor3743@example.com,standard,US
alice_wilson_3744,test123,alice.wilson3744@example.com,admin,US
diana_taylor_3745,test123,diana.taylor3745@example.com,standard,US
john_moore_3746,test123,john.moore3746@example.com,premium,EU
jane_miller_3747,test123,jane.miller3747@example.com,standard,US
grace_smith_3748,test123,grace.smith3748@example.com,standard,APAC
diana_johnson_3749,test123,diana.johnson3749@example.com,premium,EU
john_brown_3750,test123,john.brown3750@example.com,standard,APAC
grace_anderson_3751,test123,grace.anderson3751@example.com,standard,EU
jane_anderson_3752,test123,jane.anderson3752@example.com,standard,US
charlie_smith_3753,test123,charlie.smith3753@example.com,standard,US
bob_brown_3754,test123,bob.brown3754@example.com,standard,US
bob_davis_3755,test123,bob.davis3755@example.com,standard,APAC
jane_anderson_3756,test123,jane.anderson3756@example.com,admin,US
john_moore_3757,test123,john.moore3757@example.com,premium,US
diana_wilson_3758,test123,diana.wilson3758@example.com,standard,US
john_brown_3759,test123,john.brown3759@example.com,standard,US
alice_anderson_3760,test123,alice.anderson3760@example.com,standard,APAC
bob_davis_3761,test123,bob.davis3761@example.com,standard,EU
henry_brown_3762,test123,henry.brown3762@example.com,admin,APAC
diana_taylor_3763,test123,diana.taylor3763@example.com,standard,APAC
john_thomas_3764,test123,john.thomas3764@example.com,standard,EU
frank_taylor_3765,test123,frank.taylor3765@example.com,standard,APAC
frank_moore_3766,test123,frank.moore3766@example.com,standard,EU
henry_miller_3767,test123,henry.miller3767@example.com,premium,US
bob_moore_3768,test123,bob.moore3768@example.com,standard,APAC
alice_brown_3769,test123,alice.brown3769@example.com,standard,EU
henry_miller_3770,test123,henry.miller3770@example.com,admin,US
charlie_brown_3771,test123,charlie.brown3771@example.com,premium,EU
alice_taylor_3772,test123,alice.taylor3772@example.com,premium,EU
diana_wilson_3773,test123,diana.wilson3773@example.com,admin,APAC
bob_taylor_3774,test123,bob.taylor3774@example.com,premium,US
alice_miller_3775,test123,alice.miller3775@example.com,premium,US
grace_moore_3776,test123,grace.moore3776@example.com,premium,US
eva_moore_3777,test123,eva.moore3777@example.com,standard,US
eva_wilson_3778,test123,eva.wilson3778@example.com,admin,APAC
frank_wilson_3779,test123,frank.wilson3779@example.com,standard,US
diana_wilson_3780,test123,diana.wilson3780@example.com,premium,APAC
jane_thomas_3781,test123,jane.thomas3781@example.com,standard,EU
bob_davis_3782,test123,bob.davis3782@example.com,premium,US
john_davis_3783,test123,john.davis3783@example.com,standard,US
frank_moore_3784,test123,frank.moore3784@example.com,premium,US
charlie_johnson_3785,test123,charlie.johnson3785@example.com,standard,US
john_wilson_3786,test123,john.wilson3786@example.com,standard,APAC
henry_smith_3787,test123,henry.smith3787@example.com,standard,US
henry_thomas_3788,test123,henry.thomas3788@example.com,standard,US
frank_brown_3789,test123,frank.brown3789@example.com,standard,US
henry_johnson_3790,test123,henry.johnson3790@example.com,standard,EU
henry_thomas_3791,test123,henry.thomas3791@example.com,standard,US
eva_anderson_3792,test123,eva.anderson3792@example.com,standard,EU
jane_brown_3793,test123,jane.brown3793@example.com,premium,EU
jane_miller_3794,test123,jane.miller3794@example.com,standard,US
jane_davis_3795,test123,jane.davis3795@example.com,standard,US
grace_miller_3796,test123,grace.miller3796@example.com,standard,US
bob_johnson_3797,test123,bob.johnson3797@example.com,premium,US
grace_taylor_3798,test123,grace.taylor3798@example.com,standard,US
john_miller_3799,test123,john.miller3799@example.com,premium,US
bob_miller_3800,test123,bob.miller3800@example.com,standard,US
bob_wilson_3801,test123,bob.wilson3801@example.com,standard,EU
bob_thomas_3802,test123,bob.thomas3802@example.com,standard,EU
frank_anderson_3803,test123,frank.anderson3803@example.com,standard,US
eva_miller_3804,test123,eva.miller3804@example.com,premium,US
bob_moore_3805,test123,bob.moore3805@example.com,premium,US
alice_brown_3806,test123,alice.brown3806@example.com,premium,US
charlie_johnson_3807,test123,charlie.johnson3807@example.com,premium,US
bob_wilson_3808,test123,bob.wilson3808@example.com,standard,APAC
jane_wilson_3809,test123,jane.wilson3809@example.com,standard,EU
eva_taylor_3810,test123,eva.taylor3810@example.com,standard,US
eva_moore_3811,test123,eva.moore3811@example.com,standard,US
grace_taylor_3812,test123,grace.taylor3812@example.com,premium,APAC
diana_thomas_3813,test123,diana.thomas3813@example.com,standard,US
jane_thomas_3814,test123,jane.thomas3814@example.com,standard,US
jane_moore_3815,test123,jane.moore3815@example.com,standard,US
jane_taylor_3816,test123,jane.taylor3816@example.com,standard,US
jane_taylor_3817,test123,jane.taylor3817@example.com,standard,US
bob_anderson_3818,test123,bob.anderson3818@example.com,standard,US
grace_smith_3819,test123,grace.smith3819@example.com,standard,US
diana_johnson_3820,test123,diana.johnson3820@example.com,standard,APAC
bob_brown_3821,test123,bob.brown3821@example.com,standard,EU
bob_taylor_3822,test123,bob.taylor3822@example.com,standard,US
bob_smith_3823,test123,bob.smith3823@example.com,premium,EU
john_wilson_3824,test123,john.wilson3824@example.com,standard,US
charlie_miller_3825,test123,charlie.miller3825@example.com,standard,EU
bob_brown_3826,test123,bob.brown3826@example.com,standard,US
alice_johnson_3827,test123,alice.johnson3827@example.com,standard,EU
john_smith_3828,test123,john.smith3828@example.com,standard,APAC
frank_johnson_3829,test123,frank.johnson3829@example.com,premium,APAC
jane_davis_3830,test123,jane.davis3830@example.com,premium,US
alice_thomas_3831,test123,alice.thomas3831@example.com,standard,APAC
charlie_taylor_3832,test123,charlie.taylor3832@example.com,standard,EU
alice_davis_3833,test123,alice.davis3833@example.com,standard,EU
john_brown_3834,test123,john.brown3834@example.com,standard,US
grace_davis_3835,test123,grace.davis3835@example.com,standard,US
grace_wilson_3836,test123,grace.wilson3836@example.com,standard,EU
eva_johnson_3837,test123,eva.johnson3837@example.com,standard,US
frank_taylor_3838,test123,frank.taylor3838@example.com,admin,US
diana_wilson_3839,test123,diana.wilson3839@example.com,standard,EU
alice_davis_3840,test123,alice.davis3840@example.com,premium,US
diana_brown_3841,test123,diana.brown3841@example.com,standard,US
henry_davis_3842,test123,henry.davis3842@example.com,standard,APAC
frank_anderson_3843,test123,frank.anderson3843@example.com,standard,US
jane_smith_3844,test123,jane.smith3844@example.com,standard,EU
henry_wilson_3845,test123,henry.wilson3845@example.com,standard,US
frank_anderson_3846,test123,frank.anderson3846@example.com,premium,APAC
bob_brown_3847,test123,bob.brown3847@example.com,admin,US
alice_thomas_3848,test123,alice.thomas3848@example.com,standard,APAC
bob_thomas_3849,test123,bob.thomas3849@example.com,standard,EU
grace_johnson_3850,test123,grace.johnson3850@example.com,premium,US
alice_davis_3851,test123,alice.davis3851@example.com,admin,US
alice_anderson_3852,test123,alice.anderson3852@example.com,premium,EU
grace_miller_3853,test123,grace.miller3853@example.com,premium,US
jane_moore_3854,test123,jane.moore3854@example.com,premium,US
charlie_taylor_3855,test123,charlie.taylor3855@example.com,premium,US
diana_brown_3856,test123,diana.brown3856@example.com,admin,US
frank_thomas_3857,test123,frank.thomas3857@example.com,standard,US
frank_miller_3858,test123,frank.miller3858@example.com,premium,US
grace_taylor_3859,test123,grace.taylor3859@example.com,standard,EU
bob_wilson_3860,test123,bob.wilson3860@example.com,standard,US
henry_wilson_3861,test123,henry.wilson3861@example.com,admin,US
diana_moore_3862,test123,diana.moore3862@example.com,standard,US
frank_miller_3863,test123,frank.miller3863@example.com,premium,APAC
jane_wilson_3864,test123,jane.wilson3864@example.com,standard,US
john_taylor_3865,test123,john.taylor3865@example.com,premium,EU
bob_thomas_3866,test123,bob.thomas3866@example.com,premium,US
grace_brown_3867,test123,grace.brown3867@example.com,standard,US
frank_johnson_3868,test123,frank.johnson3868@example.com,standard,US
jane_anderson_3869,test123,jane.anderson3869@example.com,standard,EU
grace_johnson_3870,test123,grace.johnson3870@example.com,standard,US
john_smith_3871,test123,john.smith3871@example.com,admin,APAC
henry_miller_3872,test123,henry.miller3872@example.com,standard,US
jane_smith_3873,test123,jane.smith3873@example.com,premium,US
john_taylor_3874,test123,john.taylor3874@example.com,standard,EU
grace_brown_3875,test123,grace.brown3875@example.com,standard,US
alice_wilson_3876,test123,alice.wilson3876@example.com,standard,APAC
frank_smith_3877,test123,frank.smith3877@example.com,standard,APAC
henry_brown_3878,test123,henry.brown3878@example.com,standard,APAC
diana_davis_3879,test123,diana.davis3879@example.com,standard,US
eva_davis_3880,test123,eva.davis3880@example.com,standard,EU
jane_taylor_3881,test123,jane.taylor3881@example.com,admin,APAC
frank_taylor_3882,test123,frank.taylor3882@example.com,standard,EU
henry_smith_3883,test123,henry.smith3883@example.com,premium,US
jane_moore_3884,test123,jane.moore3884@example.com,standard,US
henry_johnson_3885,test123,henry.johnson3885@example.com,standard,US
john_anderson_3886,test123,john.anderson3886@example.com,standard,US
henry_davis_3887,test123,henry.davis3887@example.com,standard,US
bob_miller_3888,test123,bob.miller3888@example.com,standard,US
diana_miller_3889,test123,diana.miller3889@example.com,admin,US
charlie_wilson_3890,test123,charlie.wilson3890@example.com,standard,US
john_taylor_3891,test123,john.taylor3891@example.com,standard,EU
frank_smith_3892,test123,frank.smith3892@example.com,standard,EU
frank_davis_3893,test123,frank.davis3893@example.com,standard,EU
grace_moore_3894,test123,grace.moore3894@example.com,standard,US
alice_smith_3895,test123,alice.smith3895@example.com,premium,APAC
frank_wilson_3896,test123,frank.wilson3896@example.com,standard,EU
charlie_miller_3897,test123,charlie.miller3897@example.com,premium,US
bob_anderson_3898,test123,bob.anderson3898@example.com,standard,EU
bob_johnson_3899,test123,bob.johnson3899@example.com,admin,US
john_anderson_3900,test123,john.anderson3900@example.com,standard,US
frank_taylor_3901,test123,frank.taylor3901@example.com,standard,EU
frank_brown_3902,test123,frank.brown3902@example.com,standard,EU
bob_taylor_3903,test123,bob.taylor3903@example.com,standard,US
alice_thomas_3904,test123,alice.thomas3904@example.com,premium,US
eva_moore_3905,test123,eva.moore3905@example.com,standard,US
grace_brown_3906,test123,grace.brown3906@example.com,premium,EU
eva_anderson_3907,test123,eva.anderson3907@example.com,standard,EU
frank_johnson_3908,test123,frank.johnson3908@example.com,standard,APAC
bob_smith_3909,test123,bob.smith3909@example.com,standard,US
john_davis_3910,test123,john.davis3910@example.com,standard,US
grace_anderson_3911,test123,grace.anderson3911@example.com,premium,US
bob_johnson_3912,test123,bob.johnson3912@example.com,standard,APAC
jane_miller_3913,test123,jane.miller3913@example.com,standard,US
henry_smith_3914,test123,henry.smith3914@example.com,standard,US
henry_brown_3915,test123,henry.brown3915@example.com,admin,US
charlie_thomas_3916,test123,charlie.thomas3916@example.com,premium,US
grace_miller_3917,test123,grace.miller3917@example.com,standard,US
alice_taylor_3918,test123,alice.taylor3918@example.com,standard,US
bob_brown_3919,test123,bob.brown3919@example.com,premium,EU
grace_brown_3920,test123,grace.brown3920@example.com,admin,EU
alice_wilson_3921,test123,alice.wilson3921@example.com,standard,APAC
jane_smith_3922,test123,jane.smith3922@example.com,admin,EU
alice_anderson_3923,test123,alice.anderson3923@example.com,standard,APAC
john_brown_3924,test123,john.brown3924@example.com,premium,US
diana_thomas_3925,test123,diana.thomas3925@example.com,standard,APAC
alice_wilson_3926,test123,alice.wilson3926@example.com,premium,US
diana_smith_3927,test123,diana.smith3927@example.com,premium,US
eva_smith_3928,test123,eva.smith3928@example.com,premium,US
frank_moore_3929,test123,frank.moore3929@example.com,premium,APAC
bob_smith_3930,test123,bob.smith3930@example.com,premium,APAC
john_miller_3931,test123,john.miller3931@example.com,standard,US
eva_moore_3932,test123,eva.moore3932@example.com,standard,APAC
diana_taylor_3933,test123,diana.taylor3933@example.com,premium,EU
jane_miller_3934,test123,jane.miller3934@example.com,standard,EU
alice_brown_3935,test123,alice.brown3935@example.com,standard,US
henry_taylor_3936,test123,henry.taylor3936@example.com,standard,EU
grace_davis_3937,test123,grace.davis3937@example.com,premium,US
eva_miller_3938,test123,eva.miller3938@example.com,premium,EU
bob_anderson_3939,test123,bob.anderson3939@example.com,premium,EU
bob_brown_3940,test123,bob.brown3940@example.com,standard,US
grace_miller_3941,test123,grace.miller3941@example.com,premium,APAC
eva_moore_3942,test123,eva.moore3942@example.com,premium,US
henry_anderson_3943,test123,henry.anderson3943@example.com,standard,US
alice_brown_3944,test123,alice.brown3944@example.com,premium,US
frank_smith_3945,test123,frank.smith3945@example.com,standard,US
john_smith_3946,test123,john.smith3946@example.com,standard,EU
grace_taylor_3947,test123,grace.taylor3947@example.com,standard,EU
alice_wilson_3948,test123,alice.wilson3948@example.com,admin,US
grace_brown_3949,test123,grace.brown3949@example.com,standard,US
frank_taylor_3950,test123,frank.taylor3950@example.com,standard,US
john_smith_3951,test123,john.smith3951@example.com,standard,EU
grace_smith_3952,test123,grace.smith3952@example.com,standard,US
alice_johnson_3953,test123,alice.johnson3953@example.com,standard,US
frank_wilson_3954,test123,frank.wilson3954@example.com,premium,US
jane_anderson_3955,test123,jane.anderson3955@example.com,standard,US
henry_miller_3956,test123,henry.miller3956@example.com,standard,US
henry_anderson_3957,test123,henry.anderson3957@example.com,admin,US
eva_thomas_3958,test123,eva.thomas3958@example.com,premium,EU
alice_davis_3959,test123,alice.davis3959@example.com,premium,US
diana_moore_3960,test123,diana.moore3960@example.com,standard,EU
charlie_johnson_3961,test123,charlie.johnson3961@example.com,standard,EU
diana_davis_3962,test123,diana.davis3962@example.com,standard,US
diana_taylor_3963,test123,diana.taylor3963@example.com,standard,US
eva_smith_3964,test123,eva.smith3964@example.com,standard,US
bob_smith_3965,test123,bob.smith3965@example.com,standard,US
jane_anderson_3966,test123,jane.anderson3966@example.com,standard,US
john_moore_3967,test123,john.moore3967@example.com,standard,US
diana_thomas_3968,test123,diana.thomas3968@example.com,standard,US
john_anderson_3969,test123,john.anderson3969@example.com,standard,US
alice_davis_3970,test123,alice.davis3970@example.com,standard,US
alice_moore_3971,test123,alice.moore3971@example.com,standard,US
bob_moore_3972,test123,bob.moore3972@example.com,standard,US
grace_smith_3973,test123,grace.smith3973@example.com,admin,US
henry_anderson_3974,test123,henry.anderson3974@example.com,standard,US
grace_taylor_3975,test123,grace.taylor3975@example.com,standard,APAC
henry_johnson_3976,test123,henry.johnson3976@example.com,premium,US
frank_brown_3977,test123,frank.brown3977@example.com,standard,EU
diana_miller_3978,test123,diana.miller3978@example.com,admin,APAC
diana_anderson_3979,test123,diana.anderson3979@example.com,premium,EU
john_moore_3980,test123,john.moore3980@example.com,standard,EU
eva_miller_3981,test123,eva.miller3981@example.com,premium,US
frank_moore_3982,test123,frank.moore3982@example.com,premium,US
eva_thomas_3983,test123,eva.thomas3983@example.com,standard,US
diana_smith_3984,test123,diana.smith3984@example.com,standard,US
jane_brown_3985,test123,jane.brown3985@example.com,standard,US
diana_thomas_3986,test123,diana.thomas3986@example.com,premium,US
bob_brown_3987,test123,bob.brown3987@example.com,premium,APAC
henry_taylor_3988,test123,henry.taylor3988@example.com,standard,APAC
grace_moore_3989,test123,grace.moore3989@example.com,standard,US
charlie_taylor_3990,test123,charlie.taylor3990@example.com,standard,US
charlie_thomas_3991,test123,charlie.thomas3991@example.com,standard,APAC
henry_johnson_3992,test123,henry.johnson3992@example.com,standard,US
eva_davis_3993,test123,eva.davis3993@example.com,standard,US
jane_miller_3994,test123,jane.miller3994@example.com,standard,EU
john_smith_3995,test123,john.smith3995@example.com,standard,APAC
alice_moore_3996,test123,alice.moore3996@example.com,premium,EU
alice_anderson_3997,test123,alice.anderson3997@example.com,admin,US
eva_johnson_3998,test123,eva.johnson3998@example.com,standard,US
diana_miller_3999,test123,diana.miller3999@example.com,standard,EU
charlie_brown_4000,test123,charlie.brown4000@example.com,standard,US
grace_moore_4001,test123,grace.moore4001@example.com,standard,APAC
henry_anderson_4002,test123,henry.anderson4002@example.com,standard,US
frank_smith_4003,test123,frank.smith4003@example.com,standard,EU
eva_johnson_4004,test123,eva.johnson4004@example.com,premium,US
henry_wilson_4005,test123,henry.wilson4005@example.com,standard,EU
grace_brown_4006,test123,grace.brown4006@example.com,standard,US
charlie_moore_4007,test123,charlie.moore4007@example.com,standard,US
jane_moore_4008,test123,jane.moore4008@example.com,standard,US
henry_brown_4009,test123,henry.brown4009@example.com,standard,EU
alice_wilson_4010,test123,alice.wilson4010@example.com,standard,US
alice_brown_4011,test123,alice.brown4011@example.com,premium,US
charlie_davis_4012,test123,charlie.davis4012@example.com,standard,US
bob_smith_4013,test123,bob.smith4013@example.com,standard,US
henry_taylor_4014,test123,henry.taylor4014@example.com,standard,EU
charlie_davis_4015,test123,charlie.davis4015@example.com,standard,EU
grace_smith_4016,test123,grace.smith4016@example.com,standard,EU
alice_anderson_4017,test123,alice.anderson4017@example.com,premium,US
jane_anderson_4018,test123,jane.anderson4018@example.com,standard,EU
jane_brown_4019,test123,jane.brown4019@example.com,standard,US
bob_johnson_4020,test123,bob.johnson4020@example.com,standard,US
frank_wilson_4021,test123,frank.wilson4021@example.com,premium,US
charlie_anderson_4022,test123,charlie.anderson4022@example.com,premium,EU
eva_anderson_4023,test123,eva.anderson4023@example.com,standard,US
diana_johnson_4024,test123,diana.johnson4024@example.com,standard,US
john_moore_4025,test123,john.moore4025@example.com,standard,APAC
jane_davis_4026,test123,jane.davis4026@example.com,standard,APAC
john_taylor_4027,test123,john.taylor4027@example.com,standard,EU
grace_moore_4028,test123,grace.moore4028@example.com,premium,US
bob_anderson_4029,test123,bob.anderson4029@example.com,standard,US
bob_smith_4030,test123,bob.smith4030@example.com,admin,US
frank_johnson_4031,test123,frank.johnson4031@example.com,premium,US
bob_davis_4032,test123,bob.davis4032@example.com,admin,US
eva_wilson_4033,test123,eva.wilson4033@example.com,standard,US
jane_thomas_4034,test123,jane.thomas4034@example.com,admin,EU
eva_davis_4035,test123,eva.davis4035@example.com,standard,APAC
alice_taylor_4036,test123,alice.taylor4036@example.com,standard,EU
alice_miller_4037,test123,alice.miller4037@example.com,standard,EU
jane_brown_4038,test123,jane.brown4038@example.com,premium,US
frank_smith_4039,test123,frank.smith4039@example.com,premium,US
grace_miller_4040,test123,grace.miller4040@example.com,standard,US
john_taylor_4041,test123,john.taylor4041@example.com,standard,US
alice_smith_4042,test123,alice.smith4042@example.com,standard,EU
grace_davis_4043,test123,grace.davis4043@example.com,standard,US
jane_smith_4044,test123,jane.smith4044@example.com,standard,EU
diana_davis_4045,test123,diana.davis4045@example.com,standard,US
frank_brown_4046,test123,frank.brown4046@example.com,standard,US
grace_taylor_4047,test123,grace.taylor4047@example.com,standard,EU
charlie_taylor_4048,test123,charlie.taylor4048@example.com,standard,EU
eva_wilson_4049,test123,eva.wilson4049@example.com,standard,US
diana_wilson_4050,test123,diana.wilson4050@example.com,standard,US
charlie_brown_4051,test123,charlie.brown4051@example.com,standard,US
jane_anderson_4052,test123,jane.anderson4052@example.com,standard,APAC
bob_anderson_4053,test123,bob.anderson4053@example.com,standard,EU
alice_thomas_4054,test123,alice.thomas4054@example.com,standard,US
jane_davis_4055,test123,jane.davis4055@example.com,standard,EU
frank_thomas_4056,test123,frank.thomas4056@example.com,premium,US
alice_thomas_4057,test123,alice.thomas4057@example.com,premium,EU
john_smith_4058,test123,john.smith4058@example.com,standard,US
grace_johnson_4059,test123,grace.johnson4059@example.com,standard,US
jane_anderson_4060,test123,jane.anderson4060@example.com,standard,EU
eva_moore_4061,test123,eva.moore4061@example.com,premium,EU
grace_thomas_4062,test123,grace.thomas4062@example.com,standard,US
grace_davis_4063,test123,grace.davis4063@example.com,standard,US
bob_smith_4064,test123,bob.smith4064@example.com,standard,US
frank_miller_4065,test123,frank.miller4065@example.com,standard,EU
henry_anderson_4066,test123,henry.anderson4066@example.com,premium,US
alice_wilson_4067,test123,alice.wilson4067@example.com,admin,US
bob_wilson_4068,test123,bob.wilson4068@example.com,standard,US
frank_brown_4069,test123,frank.brown4069@example.com,premium,US
frank_davis_4070,test123,frank.davis4070@example.com,standard,US
henry_johnson_4071,test123,henry.johnson4071@example.com,premium,US
charlie_davis_4072,test123,charlie.davis4072@example.com,premium,APAC
diana_johnson_4073,test123,diana.johnson4073@example.com,standard,US
diana_davis_4074,test123,diana.davis4074@example.com,standard,US
eva_taylor_4075,test123,eva.taylor4075@example.com,premium,US
eva_wilson_4076,test123,eva.wilson4076@example.com,premium,EU
diana_taylor_4077,test123,diana.taylor4077@example.com,standard,US
grace_wilson_4078,test123,grace.wilson4078@example.com,standard,US
grace_davis_4079,test123,grace.davis4079@example.com,standard,US
bob_taylor_4080,test123,bob.taylor4080@example.com,standard,APAC
henry_anderson_4081,test123,henry.anderson4081@example.com,standard,US
alice_wilson_4082,test123,alice.wilson4082@example.com,premium,EU
diana_taylor_4083,test123,diana.taylor4083@example.com,standard,US
john_taylor_4084,test123,john.taylor4084@example.com,premium,US
eva_brown_4085,test123,eva.brown4085@example.com,standard,US
henry_thomas_4086,test123,henry.thomas4086@example.com,standard,US
henry_thomas_4087,test123,henry.thomas4087@example.com,admin,US
eva_miller_4088,test123,eva.miller4088@example.com,admin,US
alice_davis_4089,test123,alice.davis4089@example.com,standard,US
charlie_wilson_4090,test123,charlie.wilson4090@example.com,standard,US
alice_miller_4091,test123,alice.miller4091@example.com,premium,US
diana_smith_4092,test123,diana.smith4092@example.com,standard,US
diana_moore_4093,test123,diana.moore4093@example.com,standard,EU
frank_thomas_4094,test123,frank.thomas4094@example.com,standard,US
charlie_smith_4095,test123,charlie.smith4095@example.com,standard,US
john_moore_4096,test123,john.moore4096@example.com,premium,US
henry_miller_4097,test123,henry.miller4097@example.com,standard,US
charlie_johnson_4098,test123,charlie.johnson4098@example.com,admin,US
jane_johnson_4099,test123,jane.johnson4099@example.com,premium,EU
eva_brown_4100,test123,eva.brown4100@example.com,standard,US
jane_thomas_4101,test123,jane.thomas4101@example.com,standard,EU
henry_davis_4102,test123,henry.davis4102@example.com,premium,US
bob_smith_4103,test123,bob.smith4103@example.com,premium,US
jane_thomas_4104,test123,jane.thomas4104@example.com,premium,US
charlie_wilson_4105,test123,charlie.wilson4105@example.com,standard,EU
frank_davis_4106,test123,frank.davis4106@example.com,standard,US
frank_brown_4107,test123,frank.brown4107@example.com,premium,APAC
grace_moore_4108,test123,grace.moore4108@example.com,standard,EU
charlie_taylor_4109,test123,charlie.taylor4109@example.com,standard,US
eva_johnson_4110,test123,eva.johnson4110@example.com,standard,US
bob_anderson_4111,test123,bob.anderson4111@example.com,premium,US
grace_moore_4112,test123,grace.moore4112@example.com,standard,US
john_taylor_4113,test123,john.taylor4113@example.com,premium,EU
jane_moore_4114,test123,jane.moore4114@example.com,premium,US
charlie_taylor_4115,test123,charlie.taylor4115@example.com,standard,EU
charlie_thomas_4116,test123,charlie.thomas4116@example.com,premium,US
frank_anderson_4117,test123,frank.anderson4117@example.com,standard,US
john_thomas_4118,test123,john.thomas4118@example.com,standard,EU
charlie_wilson_4119,test123,charlie.wilson4119@example.com,standard,US
charlie_wilson_4120,test123,charlie.wilson4120@example.com,standard,US
frank_wilson_4121,test123,frank.wilson4121@example.com,standard,EU
grace_johnson_4122,test123,grace.johnson4122@example.com,standard,APAC
henry_johnson_4123,test123,henry.johnson4123@example.com,standard,US
henry_wilson_4124,test123,henry.wilson4124@example.com,standard,US
john_wilson_4125,test123,john.wilson4125@example.com,premium,EU
jane_wilson_4126,test123,jane.wilson4126@example.com,standard,US
diana_miller_4127,test123,diana.miller4127@example.com,premium,US
henry_anderson_4128,test123,henry.anderson4128@example.com,standard,EU
jane_moore_4129,test123,jane.moore4129@example.com,standard,EU
charlie_johnson_4130,test123,charlie.johnson4130@example.com,standard,US
grace_smith_4131,test123,grace.smith4131@example.com,premium,US
charlie_wilson_4132,test123,charlie.wilson4132@example.com,standard,US
jane_thomas_4133,test123,jane.thomas4133@example.com,premium,APAC
charlie_miller_4134,test123,charlie.miller4134@example.com,standard,EU
frank_taylor_4135,test123,frank.taylor4135@example.com,standard,EU
bob_taylor_4136,test123,bob.taylor4136@example.com,standard,APAC
grace_johnson_4137,test123,grace.johnson4137@example.com,standard,US
alice_miller_4138,test123,alice.miller4138@example.com,premium,US
alice_miller_4139,test123,alice.miller4139@example.com,premium,US
diana_johnson_4140,test123,diana.johnson4140@example.com,premium,APAC
grace_brown_4141,test123,grace.brown4141@example.com,standard,US
grace_johnson_4142,test123,grace.johnson4142@example.com,standard,APAC
charlie_moore_4143,test123,charlie.moore4143@example.com,premium,APAC
bob_brown_4144,test123,bob.brown4144@example.com,standard,US
alice_brown_4145,test123,alice.brown4145@example.com,standard,US
jane_thomas_4146,test123,jane.thomas4146@example.com,standard,APAC
eva_davis_4147,test123,eva.davis4147@example.com,standard,APAC
henry_davis_4148,test123,henry.davis4148@example.com,standard,US
jane_johnson_4149,test123,jane.johnson4149@example.com,standard,US
diana_davis_4150,test123,diana.davis4150@example.com,standard,US
bob_moore_4151,test123,bob.moore4151@example.com,premium,APAC
john_johnson_4152,test123,john.johnson4152@example.com,standard,US
bob_brown_4153,test123,bob.brown4153@example.com,premium,US
eva_taylor_4154,test123,eva.taylor4154@example.com,admin,US
john_smith_4155,test123,john.smith4155@example.com,standard,EU
eva_anderson_4156,test123,eva.anderson4156@example.com,premium,US
jane_smith_4157,test123,jane.smith4157@example.com,premium,US
frank_brown_4158,test123,frank.brown4158@example.com,standard,EU
bob_smith_4159,test123,bob.smith4159@example.com,standard,EU
alice_brown_4160,test123,alice.brown4160@example.com,premium,US
frank_thomas_4161,test123,frank.thomas4161@example.com,standard,US
grace_thomas_4162,test123,grace.thomas4162@example.com,standard,US
grace_brown_4163,test123,grace.brown4163@example.com,standard,EU
frank_brown_4164,test123,frank.brown4164@example.com,standard,EU
charlie_miller_4165,test123,charlie.miller4165@example.com,standard,EU
john_miller_4166,test123,john.miller4166@example.com,standard,APAC
jane_davis_4167,test123,jane.davis4167@example.com,premium,US
jane_wilson_4168,test123,jane.wilson4168@example.com,standard,EU
grace_moore_4169,test123,grace.moore4169@example.com,premium,EU
bob_brown_4170,test123,bob.brown4170@example.com,standard,APAC
eva_thomas_4171,test123,eva.thomas4171@example.com,premium,US
eva_thomas_4172,test123,eva.thomas4172@example.com,standard,US
charlie_taylor_4173,test123,charlie.taylor4173@example.com,standard,EU
grace_anderson_4174,test123,grace.anderson4174@example.com,standard,US
charlie_wilson_4175,test123,charlie.wilson4175@example.com,standard,US
alice_thomas_4176,test123,alice.thomas4176@example.com,standard,EU
grace_brown_4177,test123,grace.brown4177@example.com,admin,US
diana_johnson_4178,test123,diana.johnson4178@example.com,standard,EU
john_smith_4179,test123,john.smith4179@example.com,standard,US
grace_brown_4180,test123,grace.brown4180@example.com,premium,APAC
frank_anderson_4181,test123,frank.anderson4181@example.com,standard,US
bob_brown_4182,test123,bob.brown4182@example.com,standard,US
john_smith_4183,test123,john.smith4183@example.com,admin,US
diana_moore_4184,test123,diana.moore4184@example.com,standard,EU
henry_johnson_4185,test123,henry.johnson4185@example.com,standard,EU
grace_smith_4186,test123,grace.smith4186@example.com,standard,US
jane_thomas_4187,test123,jane.thomas4187@example.com,standard,US
jane_brown_4188,test123,jane.brown4188@example.com,standard,US
eva_johnson_4189,test123,eva.johnson4189@example.com,premium,US
bob_davis_4190,test123,bob.davis4190@example.com,premium,EU
frank_thomas_4191,test123,frank.thomas4191@example.com,standard,APAC
bob_davis_4192,test123,bob.davis4192@example.com,standard,APAC
jane_brown_4193,test123,jane.brown4193@example.com,standard,US
alice_davis_4194,test123,alice.davis4194@example.com,premium,US
grace_taylor_4195,test123,grace.taylor4195@example.com,standard,US
grace_thomas_4196,test123,grace.thomas4196@example.com,premium,US
charlie_wilson_4197,test123,charlie.wilson4197@example.com,standard,US
jane_brown_4198,test123,jane.brown4198@example.com,standard,US
jane_wilson_4199,test123,jane.wilson4199@example.com,standard,US
charlie_johnson_4200,test123,charlie.johnson4200@example.com,admin,US
henry_smith_4201,test123,henry.smith4201@example.com,premium,US
eva_thomas_4202,test123,eva.thomas4202@example.com,standard,APAC
jane_johnson_4203,test123,jane.johnson4203@example.com,standard,US
jane_brown_4204,test123,jane.brown4204@example.com,premium,US
jane_thomas_4205,test123,jane.thomas4205@example.com,premium,US
alice_brown_4206,test123,alice.brown4206@example.com,standard,US
henry_johnson_4207,test123,henry.johnson4207@example.com,standard,EU
diana_anderson_4208,test123,diana.anderson4208@example.com,admin,US
diana_brown_4209,test123,diana.brown4209@example.com,premium,US
john_anderson_4210,test123,john.anderson4210@example.com,standard,US
grace_davis_4211,test123,grace.davis4211@example.com,standard,EU
henry_johnson_4212,test123,henry.johnson4212@example.com,standard,EU
jane_thomas_4213,test123,jane.thomas4213@example.com,standard,US
john_smith_4214,test123,john.smith4214@example.com,admin,APAC
alice_johnson_4215,test123,alice.johnson4215@example.com,standard,US
john_moore_4216,test123,john.moore4216@example.com,standard,US
charlie_thomas_4217,test123,charlie.thomas4217@example.com,standard,EU
bob_wilson_4218,test123,bob.wilson4218@example.com,standard,US
grace_wilson_4219,test123,grace.wilson4219@example.com,standard,US
diana_miller_4220,test123,diana.miller4220@example.com,standard,US
john_moore_4221,test123,john.moore4221@example.com,standard,US
jane_moore_4222,test123,jane.moore4222@example.com,standard,EU
eva_smith_4223,test123,eva.smith4223@example.com,standard,US
frank_wilson_4224,test123,frank.wilson4224@example.com,standard,US
frank_johnson_4225,test123,frank.johnson4225@example.com,premium,US
grace_miller_4226,test123,grace.miller4226@example.com,standard,EU
henry_davis_4227,test123,henry.davis4227@example.com,standard,EU
frank_thomas_4228,test123,frank.thomas4228@example.com,standard,EU
jane_moore_4229,test123,jane.moore4229@example.com,premium,APAC
john_davis_4230,test123,john.davis4230@example.com,standard,EU
frank_wilson_4231,test123,frank.wilson4231@example.com,standard,US
henry_anderson_4232,test123,henry.anderson4232@example.com,standard,US
bob_brown_4233,test123,bob.brown4233@example.com,standard,APAC
henry_moore_4234,test123,henry.moore4234@example.com,standard,EU
alice_davis_4235,test123,alice.davis4235@example.com,standard,APAC
henry_davis_4236,test123,henry.davis4236@example.com,premium,US
alice_taylor_4237,test123,alice.taylor4237@example.com,admin,EU
jane_moore_4238,test123,jane.moore4238@example.com,premium,US
grace_brown_4239,test123,grace.brown4239@example.com,standard,US
jane_johnson_4240,test123,jane.johnson4240@example.com,premium,EU
eva_brown_4241,test123,eva.brown4241@example.com,standard,US
henry_johnson_4242,test123,henry.johnson4242@example.com,premium,US
grace_miller_4243,test123,grace.miller4243@example.com,standard,EU
frank_miller_4244,test123,frank.miller4244@example.com,premium,US
frank_wilson_4245,test123,frank.wilson4245@example.com,standard,APAC
henry_smith_4246,test123,henry.smith4246@example.com,standard,US
john_taylor_4247,test123,john.taylor4247@example.com,premium,US
john_moore_4248,test123,john.moore4248@example.com,standard,US
john_anderson_4249,test123,john.anderson4249@example.com,standard,US
alice_miller_4250,test123,alice.miller4250@example.com,premium,US
grace_smith_4251,test123,grace.smith4251@example.com,standard,US
eva_davis_4252,test123,eva.davis4252@example.com,standard,US
eva_taylor_4253,test123,eva.taylor4253@example.com,standard,US
charlie_brown_4254,test123,charlie.brown4254@example.com,standard,US
charlie_miller_4255,test123,charlie.miller4255@example.com,standard,US
alice_miller_4256,test123,alice.miller4256@example.com,standard,EU
alice_taylor_4257,test123,alice.taylor4257@example.com,standard,APAC
jane_johnson_4258,test123,jane.johnson4258@example.com,premium,US
grace_miller_4259,test123,grace.miller4259@example.com,standard,APAC
bob_anderson_4260,test123,bob.anderson4260@example.com,premium,US
alice_anderson_4261,test123,alice.anderson4261@example.com,standard,EU
henry_miller_4262,test123,henry.miller4262@example.com,standard,APAC
diana_smith_4263,test123,diana.smith4263@example.com,standard,APAC
charlie_davis_4264,test123,charlie.davis4264@example.com,standard,US
henry_anderson_4265,test123,henry.anderson4265@example.com,standard,US
henry_anderson_4266,test123,henry.anderson4266@example.com,standard,US
frank_wilson_4267,test123,frank.wilson4267@example.com,standard,US
jane_brown_4268,test123,jane.brown4268@example.com,standard,US
frank_moore_4269,test123,frank.moore4269@example.com,standard,EU
grace_johnson_4270,test123,grace.johnson4270@example.com,premium,US
charlie_taylor_4271,test123,charlie.taylor4271@example.com,standard,APAC
grace_johnson_4272,test123,grace.johnson4272@example.com,standard,US
henry_smith_4273,test123,henry.smith4273@example.com,standard,US
grace_thomas_4274,test123,grace.thomas4274@example.com,admin,EU
frank_moore_4275,test123,frank.moore4275@example.com,standard,US
john_taylor_4276,test123,john.taylor4276@example.com,standard,APAC
alice_taylor_4277,test123,alice.taylor4277@example.com,standard,US
alice_taylor_4278,test123,alice.taylor4278@example.com,standard,EU
jane_anderson_4279,test123,jane.anderson4279@example.com,standard,EU
grace_johnson_4280,test123,grace.johnson4280@example.com,standard,EU
henry_anderson_4281,test123,henry.anderson4281@example.com,standard,US
henry_brown_4282,test123,henry.brown4282@example.com,standard,US
alice_brown_4283,test123,alice.brown4283@example.com,standard,US
grace_moore_4284,test123,grace.moore4284@example.com,standard,APAC
eva_thomas_4285,test123,eva.thomas4285@example.com,standard,EU
frank_johnson_4286,test123,frank.johnson4286@example.com,admin,US
john_smith_4287,test123,john.smith4287@example.com,premium,US
henry_taylor_4288,test123,henry.taylor4288@example.com,standard,EU
frank_davis_4289,test123,frank.davis4289@example.com,premium,EU
alice_wilson_4290,test123,alice.wilson4290@example.com,premium,US
grace_taylor_4291,test123,grace.taylor4291@example.com,admin,US
bob_davis_4292,test123,bob.davis4292@example.com,standard,US
grace_anderson_4293,test123,grace.anderson4293@example.com,standard,US
frank_miller_4294,test123,frank.miller4294@example.com,premium,US
henry_johnson_4295,test123,henry.johnson4295@example.com,standard,US
eva_wilson_4296,test123,eva.wilson4296@example.com,standard,US
jane_brown_4297,test123,jane.brown4297@example.com,premium,US
henry_miller_4298,test123,henry.miller4298@example.com,premium,US
bob_davis_4299,test123,bob.davis4299@example.com,admin,US
charlie_johnson_4300,test123,charlie.johnson4300@example.com,standard,EU
bob_brown_4301,test123,bob.brown4301@example.com,premium,EU
bob_davis_4302,test123,bob.davis4302@example.com,premium,EU
frank_johnson_4303,test123,frank.johnson4303@example.com,standard,US
jane_smith_4304,test123,jane.smith4304@example.com,standard,US
diana_thomas_4305,test123,diana.thomas4305@example.com,standard,EU
alice_miller_4306,test123,alice.miller4306@example.com,standard,US
charlie_brown_4307,test123,charlie.brown4307@example.com,standard,US
eva_wilson_4308,test123,eva.wilson4308@example.com,standard,US
charlie_moore_4309,test123,charlie.moore4309@example.com,standard,US
diana_brown_4310,test123,diana.brown4310@example.com,premium,US
frank_moore_4311,test123,frank.moore4311@example.com,standard,EU
henry_johnson_4312,test123,henry.johnson4312@example.com,standard,US
charlie_davis_4313,test123,charlie.davis4313@example.com,standard,EU
diana_brown_4314,test123,diana.brown4314@example.com,standard,US
alice_johnson_4315,test123,alice.johnson4315@example.com,admin,EU
bob_wilson_4316,test123,bob.wilson4316@example.com,standard,US
henry_wilson_4317,test123,henry.wilson4317@example.com,standard,EU
henry_moore_4318,test123,henry.moore4318@example.com,premium,US
frank_brown_4319,test123,frank.brown4319@example.com,standard,US
john_brown_4320,test123,john.brown4320@example.com,standard,US
frank_smith_4321,test123,frank.smith4321@example.com,premium,APAC
john_anderson_4322,test123,john.anderson4322@example.com,standard,US
diana_anderson_4323,test123,diana.anderson4323@example.com,premium,US
bob_brown_4324,test123,bob.brown4324@example.com,standard,APAC
eva_davis_4325,test123,eva.davis4325@example.com,standard,US
alice_brown_4326,test123,alice.brown4326@example.com,standard,EU
bob_taylor_4327,test123,bob.taylor4327@example.com,standard,US
charlie_wilson_4328,test123,charlie.wilson4328@example.com,standard,US
john_anderson_4329,test123,john.anderson4329@example.com,premium,APAC
jane_miller_4330,test123,jane.miller4330@example.com,premium,APAC
john_moore_4331,test123,john.moore4331@example.com,standard,US
henry_miller_4332,test123,henry.miller4332@example.com,standard,US
bob_smith_4333,test123,bob.smith4333@example.com,standard,US
grace_miller_4334,test123,grace.miller4334@example.com,standard,APAC
grace_johnson_4335,test123,grace.johnson4335@example.com,standard,EU
bob_anderson_4336,test123,bob.anderson4336@example.com,standard,EU
john_taylor_4337,test123,john.taylor4337@example.com,premium,US
henry_miller_4338,test123,henry.miller4338@example.com,premium,US
john_taylor_4339,test123,john.taylor4339@example.com,admin,US
eva_thomas_4340,test123,eva.thomas4340@example.com,standard,US
bob_brown_4341,test123,bob.brown4341@example.com,standard,APAC
henry_brown_4342,test123,henry.brown4342@example.com,standard,US
henry_brown_4343,test123,henry.brown4343@example.com,premium,US
henry_miller_4344,test123,henry.miller4344@example.com,admin,US
bob_brown_4345,test123,bob.brown4345@example.com,standard,US
bob_johnson_4346,test123,bob.johnson4346@example.com,standard,US
john_miller_4347,test123,john.miller4347@example.com,standard,APAC
bob_brown_4348,test123,bob.brown4348@example.com,standard,EU
eva_smith_4349,test123,eva.smith4349@example.com,standard,US
john_thomas_4350,test123,john.thomas4350@example.com,standard,US
henry_anderson_4351,test123,henry.anderson4351@example.com,standard,US
john_thomas_4352,test123,john.thomas4352@example.com,premium,US
alice_johnson_4353,test123,alice.johnson4353@example.com,standard,EU
charlie_thomas_4354,test123,charlie.thomas4354@example.com,standard,US
diana_anderson_4355,test123,diana.anderson4355@example.com,standard,US
bob_moore_4356,test123,bob.moore4356@example.com,standard,US
alice_smith_4357,test123,alice.smith4357@example.com,standard,EU
frank_davis_4358,test123,frank.davis4358@example.com,standard,US
frank_miller_4359,test123,frank.miller4359@example.com,standard,APAC
grace_anderson_4360,test123,grace.anderson4360@example.com,premium,EU
diana_anderson_4361,test123,diana.anderson4361@example.com,standard,US
henry_anderson_4362,test123,henry.anderson4362@example.com,admin,US
diana_wilson_4363,test123,diana.wilson4363@example.com,admin,US
alice_taylor_4364,test123,alice.taylor4364@example.com,standard,US
bob_miller_4365,test123,bob.miller4365@example.com,premium,EU
henry_anderson_4366,test123,henry.anderson4366@example.com,premium,US
bob_moore_4367,test123,bob.moore4367@example.com,premium,US
eva_davis_4368,test123,eva.davis4368@example.com,standard,US
grace_anderson_4369,test123,grace.anderson4369@example.com,standard,US
bob_anderson_4370,test123,bob.anderson4370@example.com,premium,EU
alice_taylor_4371,test123,alice.taylor4371@example.com,standard,US
alice_thomas_4372,test123,alice.thomas4372@example.com,standard,US
frank_brown_4373,test123,frank.brown4373@example.com,standard,APAC
jane_thomas_4374,test123,jane.thomas4374@example.com,premium,US
diana_miller_4375,test123,diana.miller4375@example.com,standard,US
henry_smith_4376,test123,henry.smith4376@example.com,standard,US
diana_anderson_4377,test123,diana.anderson4377@example.com,standard,US
frank_moore_4378,test123,frank.moore4378@example.com,standard,US
john_brown_4379,test123,john.brown4379@example.com,standard,US
diana_miller_4380,test123,diana.miller4380@example.com,standard,US
bob_miller_4381,test123,bob.miller4381@example.com,standard,US
henry_smith_4382,test123,henry.smith4382@example.com,standard,US
grace_smith_4383,test123,grace.smith4383@example.com,standard,APAC
eva_anderson_4384,test123,eva.anderson4384@example.com,standard,US
bob_taylor_4385,test123,bob.taylor4385@example.com,premium,US
henry_davis_4386,test123,henry.davis4386@example.com,standard,US
john_moore_4387,test123,john.moore4387@example.com,standard,US
charlie_wilson_4388,test123,charlie.wilson4388@example.com,standard,US
eva_brown_4389,test123,eva.brown4389@example.com,standard,EU
john_brown_4390,test123,john.brown4390@example.com,standard,US
diana_wilson_4391,test123,diana.wilson4391@example.com,standard,APAC
bob_brown_4392,test123,bob.brown4392@example.com,standard,EU
charlie_miller_4393,test123,charlie.miller4393@example.com,standard,EU
diana_johnson_4394,test123,diana.johnson4394@example.com,standard,US
charlie_taylor_4395,test123,charlie.taylor4395@example.com,standard,US
grace_wilson_4396,test123,grace.wilson4396@example.com,premium,EU
jane_thomas_4397,test123,jane.thomas4397@example.com,standard,US
john_brown_4398,test123,john.brown4398@example.com,admin,US
frank_davis_4399,test123,frank.davis4399@example.com,standard,US
bob_johnson_4400,test123,bob.johnson4400@example.com,premium,EU
bob_moore_4401,test123,bob.moore4401@example.com,standard,EU
jane_moore_4402,test123,jane.moore4402@example.com,premium,US
john_moore_4403,test123,john.moore4403@example.com,premium,US
alice_brown_4404,test123,alice.brown4404@example.com,premium,EU
eva_taylor_4405,test123,eva.taylor4405@example.com,admin,US
jane_thomas_4406,test123,jane.thomas4406@example.com,standard,US
alice_taylor_4407,test123,alice.taylor4407@example.com,premium,APAC
john_moore_4408,test123,john.moore4408@example.com,standard,US
grace_smith_4409,test123,grace.smith4409@example.com,standard,APAC
alice_davis_4410,test123,alice.davis4410@example.com,standard,US
jane_miller_4411,test123,jane.miller4411@example.com,standard,US
charlie_wilson_4412,test123,charlie.wilson4412@example.com,standard,US
eva_miller_4413,test123,eva.miller4413@example.com,standard,US
diana_miller_4414,test123,diana.miller4414@example.com,standard,US
charlie_moore_4415,test123,charlie.moore4415@example.com,standard,US
charlie_johnson_4416,test123,charlie.johnson4416@example.com,premium,APAC
bob_thomas_4417,test123,bob.thomas4417@example.com,standard,EU
bob_smith_4418,test123,bob.smith4418@example.com,premium,EU
grace_brown_4419,test123,grace.brown4419@example.com,standard,APAC
jane_anderson_4420,test123,jane.anderson4420@example.com,standard,APAC
jane_davis_4421,test123,jane.davis4421@example.com,premium,APAC
bob_moore_4422,test123,bob.moore4422@example.com,standard,US
diana_wilson_4423,test123,diana.wilson4423@example.com,standard,APAC
frank_wilson_4424,test123,frank.wilson4424@example.com,standard,US
bob_thomas_4425,test123,bob.thomas4425@example.com,standard,US
jane_thomas_4426,test123,jane.thomas4426@example.com,standard,APAC
jane_taylor_4427,test123,jane.taylor4427@example.com,premium,APAC
frank_smith_4428,test123,frank.smith4428@example.com,standard,EU
bob_smith_4429,test123,bob.smith4429@example.com,standard,US
john_wilson_4430,test123,john.wilson4430@example.com,standard,US
john_moore_4431,test123,john.moore4431@example.com,standard,US
john_davis_4432,test123,john.davis4432@example.com,standard,US
grace_moore_4433,test123,grace.moore4433@example.com,standard,EU
grace_anderson_4434,test123,grace.anderson4434@example.com,standard,US
charlie_wilson_4435,test123,charlie.wilson4435@example.com,standard,EU
diana_taylor_4436,test123,diana.taylor4436@example.com,premium,EU
frank_anderson_4437,test123,frank.anderson4437@example.com,standard,US
alice_anderson_4438,test123,alice.anderson4438@example.com,standard,EU
jane_taylor_4439,test123,jane.taylor4439@example.com,standard,APAC
eva_anderson_4440,test123,eva.anderson4440@example.com,premium,APAC
bob_thomas_4441,test123,bob.thomas4441@example.com,standard,US
henry_brown_4442,test123,henry.brown4442@example.com,standard,EU
alice_johnson_4443,test123,alice.johnson4443@example.com,premium,EU
charlie_brown_4444,test123,charlie.brown4444@example.com,standard,US
john_davis_4445,test123,john.davis4445@example.com,premium,APAC
bob_brown_4446,test123,bob.brown4446@example.com,premium,APAC
grace_davis_4447,test123,grace.davis4447@example.com,standard,US
eva_miller_4448,test123,eva.miller4448@example.com,standard,US
john_thomas_4449,test123,john.thomas4449@example.com,standard,US
jane_johnson_4450,test123,jane.johnson4450@example.com,standard,US
eva_brown_4451,test123,eva.brown4451@example.com,standard,US
john_smith_4452,test123,john.smith4452@example.com,premium,US
charlie_anderson_4453,test123,charlie.anderson4453@example.com,standard,US
jane_miller_4454,test123,jane.miller4454@example.com,standard,US
charlie_taylor_4455,test123,charlie.taylor4455@example.com,standard,US
henry_wilson_4456,test123,henry.wilson4456@example.com,standard,US
henry_miller_4457,test123,henry.miller4457@example.com,standard,US
charlie_smith_4458,test123,charlie.smith4458@example.com,standard,US
jane_wilson_4459,test123,jane.wilson4459@example.com,standard,US
diana_johnson_4460,test123,diana.johnson4460@example.com,standard,US
alice_miller_4461,test123,alice.miller4461@example.com,standard,APAC
charlie_anderson_4462,test123,charlie.anderson4462@example.com,standard,US
john_johnson_4463,test123,john.johnson4463@example.com,standard,APAC
frank_thomas_4464,test123,frank.thomas4464@example.com,admin,US
diana_miller_4465,test123,diana.miller4465@example.com,standard,EU
diana_davis_4466,test123,diana.davis4466@example.com,premium,EU
bob_moore_4467,test123,bob.moore4467@example.com,standard,EU
alice_taylor_4468,test123,alice.taylor4468@example.com,standard,US
bob_miller_4469,test123,bob.miller4469@example.com,standard,US
grace_davis_4470,test123,grace.davis4470@example.com,standard,EU
jane_johnson_4471,test123,jane.johnson4471@example.com,standard,EU
jane_brown_4472,test123,jane.brown4472@example.com,standard,US
charlie_davis_4473,test123,charlie.davis4473@example.com,standard,EU
henry_miller_4474,test123,henry.miller4474@example.com,standard,US
john_miller_4475,test123,john.miller4475@example.com,standard,EU
diana_wilson_4476,test123,diana.wilson4476@example.com,premium,EU
grace_wilson_4477,test123,grace.wilson4477@example.com,standard,US
alice_miller_4478,test123,alice.miller4478@example.com,standard,US
grace_brown_4479,test123,grace.brown4479@example.com,premium,US
henry_johnson_4480,test123,henry.johnson4480@example.com,standard,US
bob_miller_4481,test123,bob.miller4481@example.com,premium,US
eva_moore_4482,test123,eva.moore4482@example.com,premium,EU
bob_johnson_4483,test123,bob.johnson4483@example.com,standard,EU
diana_thomas_4484,test123,diana.thomas4484@example.com,standard,US
charlie_brown_4485,test123,charlie.brown4485@example.com,premium,EU
charlie_miller_4486,test123,charlie.miller4486@example.com,premium,US
alice_smith_4487,test123,alice.smith4487@example.com,premium,EU
grace_wilson_4488,test123,grace.wilson4488@example.com,standard,US
grace_moore_4489,test123,grace.moore4489@example.com,standard,US
bob_anderson_4490,test123,bob.anderson4490@example.com,standard,EU
henry_davis_4491,test123,henry.davis4491@example.com,standard,US
john_smith_4492,test123,john.smith4492@example.com,premium,US
john_miller_4493,test123,john.miller4493@example.com,admin,APAC
charlie_taylor_4494,test123,charlie.taylor4494@example.com,standard,APAC
eva_thomas_4495,test123,eva.thomas4495@example.com,standard,US
grace_brown_4496,test123,grace.brown4496@example.com,standard,US
alice_taylor_4497,test123,alice.taylor4497@example.com,admin,US
jane_taylor_4498,test123,jane.taylor4498@example.com,standard,US
henry_moore_4499,test123,henry.moore4499@example.com,standard,US
bob_moore_4500,test123,bob.moore4500@example.com,premium,US
bob_moore_4501,test123,bob.moore4501@example.com,standard,EU
frank_anderson_4502,test123,frank.anderson4502@example.com,standard,EU
henry_davis_4503,test123,henry.davis4503@example.com,premium,US
grace_anderson_4504,test123,grace.anderson4504@example.com,standard,APAC
bob_taylor_4505,test123,bob.taylor4505@example.com,standard,EU
henry_taylor_4506,test123,henry.taylor4506@example.com,standard,US
frank_wilson_4507,test123,frank.wilson4507@example.com,standard,EU
charlie_johnson_4508,test123,charlie.johnson4508@example.com,premium,US
alice_taylor_4509,test123,alice.taylor4509@example.com,premium,US
bob_anderson_4510,test123,bob.anderson4510@example.com,standard,US
frank_anderson_4511,test123,frank.anderson4511@example.com,premium,US
diana_anderson_4512,test123,diana.anderson4512@example.com,standard,US
bob_moore_4513,test123,bob.moore4513@example.com,standard,US
henry_moore_4514,test123,henry.moore4514@example.com,standard,US
diana_brown_4515,test123,diana.brown4515@example.com,standard,EU
eva_smith_4516,test123,eva.smith4516@example.com,standard,EU
eva_johnson_4517,test123,eva.johnson4517@example.com,standard,US
henry_brown_4518,test123,henry.brown4518@example.com,standard,EU
charlie_moore_4519,test123,charlie.moore4519@example.com,standard,US
frank_anderson_4520,test123,frank.anderson4520@example.com,premium,US
diana_smith_4521,test123,diana.smith4521@example.com,standard,US
henry_brown_4522,test123,henry.brown4522@example.com,premium,APAC
bob_wilson_4523,test123,bob.wilson4523@example.com,standard,EU
frank_miller_4524,test123,frank.miller4524@example.com,standard,EU
jane_miller_4525,test123,jane.miller4525@example.com,standard,EU
charlie_wilson_4526,test123,charlie.wilson4526@example.com,standard,US
diana_wilson_4527,test123,diana.wilson4527@example.com,premium,EU
charlie_johnson_4528,test123,charlie.johnson4528@example.com,standard,APAC
diana_miller_4529,test123,diana.miller4529@example.com,premium,APAC
john_davis_4530,test123,john.davis4530@example.com,premium,EU
henry_brown_4531,test123,henry.brown4531@example.com,standard,US
john_moore_4532,test123,john.moore4532@example.com,standard,US
alice_moore_4533,test123,alice.moore4533@example.com,premium,EU
charlie_taylor_4534,test123,charlie.taylor4534@example.com,admin,US
charlie_miller_4535,test123,charlie.miller4535@example.com,premium,EU
jane_thomas_4536,test123,jane.thomas4536@example.com,admin,US
jane_johnson_4537,test123,jane.johnson4537@example.com,standard,US
frank_taylor_4538,test123,frank.taylor4538@example.com,standard,APAC
jane_wilson_4539,test123,jane.wilson4539@example.com,standard,EU
jane_miller_4540,test123,jane.miller4540@example.com,premium,APAC
jane_moore_4541,test123,jane.moore4541@example.com,premium,APAC
bob_anderson_4542,test123,bob.anderson4542@example.com,standard,US
jane_taylor_4543,test123,jane.taylor4543@example.com,standard,EU
bob_johnson_4544,test123,bob.johnson4544@example.com,premium,US
henry_wilson_4545,test123,henry.wilson4545@example.com,standard,US
bob_johnson_4546,test123,bob.johnson4546@example.com,standard,US
grace_smith_4547,test123,grace.smith4547@example.com,standard,US
eva_davis_4548,test123,eva.davis4548@example.com,standard,US
diana_johnson_4549,test123,diana.johnson4549@example.com,standard,EU
frank_thomas_4550,test123,frank.thomas4550@example.com,standard,US
jane_wilson_4551,test123,jane.wilson4551@example.com,admin,APAC
charlie_miller_4552,test123,charlie.miller4552@example.com,standard,EU
frank_johnson_4553,test123,frank.johnson4553@example.com,standard,US
bob_johnson_4554,test123,bob.johnson4554@example.com,premium,APAC
eva_moore_4555,test123,eva.moore4555@example.com,premium,EU
diana_anderson_4556,test123,diana.anderson4556@example.com,standard,EU
jane_anderson_4557,test123,jane.anderson4557@example.com,premium,EU
eva_taylor_4558,test123,eva.taylor4558@example.com,standard,APAC
frank_miller_4559,test123,frank.miller4559@example.com,standard,US
eva_brown_4560,test123,eva.brown4560@example.com,standard,APAC
eva_moore_4561,test123,eva.moore4561@example.com,standard,US
bob_smith_4562,test123,bob.smith4562@example.com,premium,US
charlie_brown_4563,test123,charlie.brown4563@example.com,admin,US
charlie_wilson_4564,test123,charlie.wilson4564@example.com,standard,US
diana_johnson_4565,test123,diana.johnson4565@example.com,admin,US
alice_davis_4566,test123,alice.davis4566@example.com,standard,EU
eva_thomas_4567,test123,eva.thomas4567@example.com,standard,US
henry_miller_4568,test123,henry.miller4568@example.com,premium,US
john_thomas_4569,test123,john.thomas4569@example.com,premium,APAC
charlie_brown_4570,test123,charlie.brown4570@example.com,standard,US
frank_thomas_4571,test123,frank.thomas4571@example.com,standard,US
frank_wilson_4572,test123,frank.wilson4572@example.com,standard,US
grace_thomas_4573,test123,grace.thomas4573@example.com,premium,EU
diana_thomas_4574,test123,diana.thomas4574@example.com,premium,EU
jane_brown_4575,test123,jane.brown4575@example.com,standard,US
frank_smith_4576,test123,frank.smith4576@example.com,standard,US
frank_miller_4577,test123,frank.miller4577@example.com,standard,EU
henry_davis_4578,test123,henry.davis4578@example.com,premium,US
jane_taylor_4579,test123,jane.taylor4579@example.com,standard,US
bob_brown_4580,test123,bob.brown4580@example.com,premium,EU
grace_miller_4581,test123,grace.miller4581@example.com,standard,US
jane_wilson_4582,test123,jane.wilson4582@example.com,premium,EU
charlie_johnson_4583,test123,charlie.johnson4583@example.com,admin,US
henry_davis_4584,test123,henry.davis4584@example.com,standard,US
diana_smith_4585,test123,diana.smith4585@example.com,premium,US
eva_smith_4586,test123,eva.smith4586@example.com,standard,EU
alice_davis_4587,test123,alice.davis4587@example.com,premium,US
grace_moore_4588,test123,grace.moore4588@example.com,standard,US
alice_miller_4589,test123,alice.miller4589@example.com,premium,US
alice_johnson_4590,test123,alice.johnson4590@example.com,admin,US
diana_thomas_4591,test123,diana.thomas4591@example.com,standard,US
diana_thomas_4592,test123,diana.thomas4592@example.com,standard,US
alice_johnson_4593,test123,alice.johnson4593@example.com,standard,APAC
john_moore_4594,test123,john.moore4594@example.com,premium,APAC
bob_thomas_4595,test123,bob.thomas4595@example.com,standard,US
grace_wilson_4596,test123,grace.wilson4596@example.com,standard,US
john_anderson_4597,test123,john.anderson4597@example.com,premium,APAC
eva_moore_4598,test123,eva.moore4598@example.com,premium,APAC
frank_moore_4599,test123,frank.moore4599@example.com,premium,US
john_wilson_4600,test123,john.wilson4600@example.com,premium,US
jane_taylor_4601,test123,jane.taylor4601@example.com,standard,US
bob_johnson_4602,test123,bob.johnson4602@example.com,standard,US
henry_brown_4603,test123,henry.brown4603@example.com,standard,US
alice_anderson_4604,test123,alice.anderson4604@example.com,standard,US
john_moore_4605,test123,john.moore4605@example.com,standard,US
diana_taylor_4606,test123,diana.taylor4606@example.com,standard,US
henry_brown_4607,test123,henry.brown4607@example.com,standard,US
eva_davis_4608,test123,eva.davis4608@example.com,standard,US
diana_smith_4609,test123,diana.smith4609@example.com,standard,US
eva_wilson_4610,test123,eva.wilson4610@example.com,premium,US
henry_brown_4611,test123,henry.brown4611@example.com,standard,EU
alice_brown_4612,test123,alice.brown4612@example.com,admin,EU
frank_smith_4613,test123,frank.smith4613@example.com,standard,EU
henry_anderson_4614,test123,henry.anderson4614@example.com,premium,US
charlie_anderson_4615,test123,charlie.anderson4615@example.com,standard,US
eva_taylor_4616,test123,eva.taylor4616@example.com,premium,EU
jane_miller_4617,test123,jane.miller4617@example.com,standard,US
frank_thomas_4618,test123,frank.thomas4618@example.com,standard,US
alice_thomas_4619,test123,alice.thomas4619@example.com,premium,US
john_anderson_4620,test123,john.anderson4620@example.com,standard,APAC
charlie_thomas_4621,test123,charlie.thomas4621@example.com,premium,US
alice_smith_4622,test123,alice.smith4622@example.com,standard,EU
alice_davis_4623,test123,alice.davis4623@example.com,admin,US
frank_moore_4624,test123,frank.moore4624@example.com,standard,EU
alice_davis_4625,test123,alice.davis4625@example.com,premium,US
bob_moore_4626,test123,bob.moore4626@example.com,standard,EU
alice_brown_4627,test123,alice.brown4627@example.com,premium,US
charlie_wilson_4628,test123,charlie.wilson4628@example.com,standard,US
alice_moore_4629,test123,alice.moore4629@example.com,standard,EU
henry_brown_4630,test123,henry.brown4630@example.com,premium,US
alice_anderson_4631,test123,alice.anderson4631@example.com,admin,US
john_wilson_4632,test123,john.wilson4632@example.com,premium,EU
charlie_thomas_4633,test123,charlie.thomas4633@example.com,standard,APAC
alice_davis_4634,test123,alice.davis4634@example.com,premium,US
charlie_moore_4635,test123,charlie.moore4635@example.com,premium,US
john_davis_4636,test123,john.davis4636@example.com,premium,US
bob_wilson_4637,test123,bob.wilson4637@example.com,premium,EU
bob_wilson_4638,test123,bob.wilson4638@example.com,standard,US
charlie_anderson_4639,test123,charlie.anderson4639@example.com,premium,US
eva_moore_4640,test123,eva.moore4640@example.com,standard,APAC
grace_davis_4641,test123,grace.davis4641@example.com,standard,US
grace_johnson_4642,test123,grace.johnson4642@example.com,premium,US
john_wilson_4643,test123,john.wilson4643@example.com,standard,APAC
john_thomas_4644,test123,john.thomas4644@example.com,admin,APAC
bob_davis_4645,test123,bob.davis4645@example.com,premium,US
bob_taylor_4646,test123,bob.taylor4646@example.com,premium,US
henry_wilson_4647,test123,henry.wilson4647@example.com,standard,US
alice_taylor_4648,test123,alice.taylor4648@example.com,standard,US
henry_smith_4649,test123,henry.smith4649@example.com,standard,APAC
bob_anderson_4650,test123,bob.anderson4650@example.com,premium,US
frank_brown_4651,test123,frank.brown4651@example.com,standard,EU
bob_thomas_4652,test123,bob.thomas4652@example.com,premium,APAC
henry_thomas_4653,test123,henry.thomas4653@example.com,standard,US
charlie_wilson_4654,test123,charlie.wilson4654@example.com,standard,EU
charlie_moore_4655,test123,charlie.moore4655@example.com,premium,US
grace_anderson_4656,test123,grace.anderson4656@example.com,standard,US
jane_thomas_4657,test123,jane.thomas4657@example.com,standard,US
frank_anderson_4658,test123,frank.anderson4658@example.com,premium,US
bob_taylor_4659,test123,bob.taylor4659@example.com,premium,APAC
bob_miller_4660,test123,bob.miller4660@example.com,standard,US
bob_moore_4661,test123,bob.moore4661@example.com,standard,US
diana_davis_4662,test123,diana.davis4662@example.com,standard,US
alice_thomas_4663,test123,alice.thomas4663@example.com,standard,APAC
charlie_moore_4664,test123,charlie.moore4664@example.com,standard,US
bob_davis_4665,test123,bob.davis4665@example.com,standard,US
charlie_moore_4666,test123,charlie.moore4666@example.com,standard,US
jane_davis_4667,test123,jane.davis4667@example.com,premium,US
eva_miller_4668,test123,eva.miller4668@example.com,premium,US
alice_taylor_4669,test123,alice.taylor4669@example.com,premium,EU
eva_smith_4670,test123,eva.smith4670@example.com,premium,US
charlie_wilson_4671,test123,charlie.wilson4671@example.com,standard,US
diana_brown_4672,test123,diana.brown4672@example.com,premium,APAC
grace_moore_4673,test123,grace.moore4673@example.com,admin,APAC
eva_wilson_4674,test123,eva.wilson4674@example.com,standard,US
john_davis_4675,test123,john.davis4675@example.com,premium,EU
charlie_miller_4676,test123,charlie.miller4676@example.com,standard,EU
frank_moore_4677,test123,frank.moore4677@example.com,standard,US
diana_wilson_4678,test123,diana.wilson4678@example.com,premium,US
eva_davis_4679,test123,eva.davis4679@example.com,standard,US
charlie_johnson_4680,test123,charlie.johnson4680@example.com,premium,US
henry_taylor_4681,test123,henry.taylor4681@example.com,standard,US
bob_moore_4682,test123,bob.moore4682@example.com,premium,EU
grace_moore_4683,test123,grace.moore4683@example.com,standard,US
diana_davis_4684,test123,diana.davis4684@example.com,premium,US
henry_smith_4685,test123,henry.smith4685@example.com,standard,US
frank_anderson_4686,test123,frank.anderson4686@example.com,standard,US
jane_brown_4687,test123,jane.brown4687@example.com,premium,APAC
grace_smith_4688,test123,grace.smith4688@example.com,standard,US
alice_johnson_4689,test123,alice.johnson4689@example.com,premium,US
frank_wilson_4690,test123,frank.wilson4690@example.com,standard,US
charlie_brown_4691,test123,charlie.brown4691@example.com,standard,US
frank_anderson_4692,test123,frank.anderson4692@example.com,standard,US
charlie_wilson_4693,test123,charlie.wilson4693@example.com,standard,EU
diana_davis_4694,test123,diana.davis4694@example.com,standard,EU
jane_thomas_4695,test123,jane.thomas4695@example.com,admin,US
eva_anderson_4696,test123,eva.anderson4696@example.com,standard,APAC
frank_moore_4697,test123,frank.moore4697@example.com,premium,US
henry_miller_4698,test123,henry.miller4698@example.com,standard,US
alice_thomas_4699,test123,alice.thomas4699@example.com,premium,APAC
alice_smith_4700,test123,alice.smith4700@example.com,standard,US
bob_davis_4701,test123,bob.davis4701@example.com,standard,APAC
eva_brown_4702,test123,eva.brown4702@example.com,standard,US
frank_moore_4703,test123,frank.moore4703@example.com,standard,US
charlie_wilson_4704,test123,charlie.wilson4704@example.com,standard,US
eva_miller_4705,test123,eva.miller4705@example.com,standard,EU
frank_anderson_4706,test123,frank.anderson4706@example.com,standard,US
diana_brown_4707,test123,diana.brown4707@example.com,premium,US
henry_thomas_4708,test123,henry.thomas4708@example.com,standard,US
bob_wilson_4709,test123,bob.wilson4709@example.com,standard,US
alice_moore_4710,test123,alice.moore4710@example.com,standard,EU
jane_thomas_4711,test123,jane.thomas4711@example.com,standard,US
john_johnson_4712,test123,john.johnson4712@example.com,standard,US
john_wilson_4713,test123,john.wilson4713@example.com,standard,EU
john_johnson_4714,test123,john.johnson4714@example.com,premium,US
diana_johnson_4715,test123,diana.johnson4715@example.com,standard,US
jane_davis_4716,test123,jane.davis4716@example.com,standard,EU
frank_thomas_4717,test123,frank.thomas4717@example.com,standard,US
henry_thomas_4718,test123,henry.thomas4718@example.com,standard,APAC
eva_taylor_4719,test123,eva.taylor4719@example.com,standard,EU
eva_thomas_4720,test123,eva.thomas4720@example.com,standard,EU
jane_anderson_4721,test123,jane.anderson4721@example.com,standard,APAC
alice_thomas_4722,test123,alice.thomas4722@example.com,standard,US
bob_johnson_4723,test123,bob.johnson4723@example.com,premium,EU
henry_smith_4724,test123,henry.smith4724@example.com,standard,US
charlie_thomas_4725,test123,charlie.thomas4725@example.com,standard,US
john_davis_4726,test123,john.davis4726@example.com,standard,US
john_johnson_4727,test123,john.johnson4727@example.com,standard,US
diana_moore_4728,test123,diana.moore4728@example.com,standard,EU
henry_wilson_4729,test123,henry.wilson4729@example.com,standard,US
henry_taylor_4730,test123,henry.taylor4730@example.com,premium,EU
eva_miller_4731,test123,eva.miller4731@example.com,standard,EU
henry_thomas_4732,test123,henry.thomas4732@example.com,standard,US
frank_brown_4733,test123,frank.brown4733@example.com,premium,EU
frank_wilson_4734,test123,frank.wilson4734@example.com,premium,US
jane_johnson_4735,test123,jane.johnson4735@example.com,standard,US
john_davis_4736,test123,john.davis4736@example.com,standard,APAC
frank_brown_4737,test123,frank.brown4737@example.com,standard,US
frank_thomas_4738,test123,frank.thomas4738@example.com,standard,APAC
john_anderson_4739,test123,john.anderson4739@example.com,standard,US
alice_taylor_4740,test123,alice.taylor4740@example.com,standard,US
alice_smith_4741,test123,alice.smith4741@example.com,premium,US
charlie_thomas_4742,test123,charlie.thomas4742@example.com,premium,US
bob_davis_4743,test123,bob.davis4743@example.com,standard,EU
eva_smith_4744,test123,eva.smith4744@example.com,standard,EU
alice_anderson_4745,test123,alice.anderson4745@example.com,standard,US
john_thomas_4746,test123,john.thomas4746@example.com,admin,US
henry_thomas_4747,test123,henry.thomas4747@example.com,standard,US
bob_smith_4748,test123,bob.smith4748@example.com,standard,US
alice_johnson_4749,test123,alice.johnson4749@example.com,standard,APAC
eva_brown_4750,test123,eva.brown4750@example.com,standard,US
bob_johnson_4751,test123,bob.johnson4751@example.com,standard,US
henry_johnson_4752,test123,henry.johnson4752@example.com,premium,EU
henry_moore_4753,test123,henry.moore4753@example.com,standard,US
henry_miller_4754,test123,henry.miller4754@example.com,premium,US
charlie_moore_4755,test123,charlie.moore4755@example.com,premium,US
diana_thomas_4756,test123,diana.thomas4756@example.com,premium,US
john_smith_4757,test123,john.smith4757@example.com,standard,US
alice_thomas_4758,test123,alice.thomas4758@example.com,standard,US
alice_smith_4759,test123,alice.smith4759@example.com,standard,US
henry_wilson_4760,test123,henry.wilson4760@example.com,premium,US
jane_anderson_4761,test123,jane.anderson4761@example.com,premium,US
bob_taylor_4762,test123,bob.taylor4762@example.com,standard,US
frank_moore_4763,test123,frank.moore4763@example.com,standard,EU
alice_brown_4764,test123,alice.brown4764@example.com,premium,US
frank_wilson_4765,test123,frank.wilson4765@example.com,standard,APAC
diana_miller_4766,test123,diana.miller4766@example.com,standard,US
alice_johnson_4767,test123,alice.johnson4767@example.com,standard,US
diana_wilson_4768,test123,diana.wilson4768@example.com,standard,EU
diana_miller_4769,test123,diana.miller4769@example.com,standard,EU
charlie_brown_4770,test123,charlie.brown4770@example.com,standard,US
john_brown_4771,test123,john.brown4771@example.com,premium,US
henry_miller_4772,test123,henry.miller4772@example.com,premium,US
alice_moore_4773,test123,alice.moore4773@example.com,standard,APAC
bob_thomas_4774,test123,bob.thomas4774@example.com,standard,US
henry_moore_4775,test123,henry.moore4775@example.com,standard,US
frank_thomas_4776,test123,frank.thomas4776@example.com,standard,EU
eva_brown_4777,test123,eva.brown4777@example.com,standard,EU
alice_wilson_4778,test123,alice.wilson4778@example.com,standard,US
charlie_taylor_4779,test123,charlie.taylor4779@example.com,standard,US
john_miller_4780,test123,john.miller4780@example.com,premium,APAC
bob_moore_4781,test123,bob.moore4781@example.com,standard,US
john_thomas_4782,test123,john.thomas4782@example.com,standard,US
eva_anderson_4783,test123,eva.anderson4783@example.com,standard,APAC
john_moore_4784,test123,john.moore4784@example.com,standard,US
diana_thomas_4785,test123,diana.thomas4785@example.com,standard,APAC
charlie_taylor_4786,test123,charlie.taylor4786@example.com,standard,EU
jane_johnson_4787,test123,jane.johnson4787@example.com,premium,US
charlie_brown_4788,test123,charlie.brown4788@example.com,standard,US
charlie_wilson_4789,test123,charlie.wilson4789@example.com,premium,US
eva_moore_4790,test123,eva.moore4790@example.com,standard,US
frank_brown_4791,test123,frank.brown4791@example.com,premium,APAC
frank_davis_4792,test123,frank.davis4792@example.com,admin,APAC
eva_taylor_4793,test123,eva.taylor4793@example.com,premium,US
alice_smith_4794,test123,alice.smith4794@example.com,standard,US
john_davis_4795,test123,john.davis4795@example.com,premium,US
jane_davis_4796,test123,jane.davis4796@example.com,standard,US
john_moore_4797,test123,john.moore4797@example.com,standard,US
diana_thomas_4798,test123,diana.thomas4798@example.com,standard,US
bob_anderson_4799,test123,bob.anderson4799@example.com,standard,EU
jane_taylor_4800,test123,jane.taylor4800@example.com,standard,EU
henry_davis_4801,test123,henry.davis4801@example.com,standard,EU
alice_johnson_4802,test123,alice.johnson4802@example.com,standard,US
charlie_smith_4803,test123,charlie.smith4803@example.com,standard,US
charlie_anderson_4804,test123,charlie.anderson4804@example.com,standard,US
charlie_brown_4805,test123,charlie.brown4805@example.com,premium,US
henry_davis_4806,test123,henry.davis4806@example.com,standard,US
grace_moore_4807,test123,grace.moore4807@example.com,standard,EU
charlie_thomas_4808,test123,charlie.thomas4808@example.com,standard,EU
diana_anderson_4809,test123,diana.anderson4809@example.com,admin,EU
jane_johnson_4810,test123,jane.johnson4810@example.com,standard,EU
john_wilson_4811,test123,john.wilson4811@example.com,premium,APAC
eva_davis_4812,test123,eva.davis4812@example.com,standard,US
bob_wilson_4813,test123,bob.wilson4813@example.com,standard,US
alice_anderson_4814,test123,alice.anderson4814@example.com,standard,US
frank_taylor_4815,test123,frank.taylor4815@example.com,premium,US
john_taylor_4816,test123,john.taylor4816@example.com,standard,EU
john_davis_4817,test123,john.davis4817@example.com,premium,US
bob_davis_4818,test123,bob.davis4818@example.com,premium,EU
alice_smith_4819,test123,alice.smith4819@example.com,premium,US
frank_anderson_4820,test123,frank.anderson4820@example.com,standard,US
frank_taylor_4821,test123,frank.taylor4821@example.com,standard,US
john_thomas_4822,test123,john.thomas4822@example.com,standard,US
henry_wilson_4823,test123,henry.wilson4823@example.com,premium,APAC
grace_thomas_4824,test123,grace.thomas4824@example.com,standard,APAC
alice_thomas_4825,test123,alice.thomas4825@example.com,admin,EU
alice_johnson_4826,test123,alice.johnson4826@example.com,standard,EU
jane_taylor_4827,test123,jane.taylor4827@example.com,standard,APAC
frank_smith_4828,test123,frank.smith4828@example.com,premium,EU
eva_miller_4829,test123,eva.miller4829@example.com,standard,EU
grace_brown_4830,test123,grace.brown4830@example.com,standard,US
diana_davis_4831,test123,diana.davis4831@example.com,standard,US
bob_moore_4832,test123,bob.moore4832@example.com,standard,US
bob_thomas_4833,test123,bob.thomas4833@example.com,premium,EU
alice_smith_4834,test123,alice.smith4834@example.com,premium,US
jane_smith_4835,test123,jane.smith4835@example.com,standard,US
alice_wilson_4836,test123,alice.wilson4836@example.com,standard,US
diana_brown_4837,test123,diana.brown4837@example.com,standard,EU
jane_wilson_4838,test123,jane.wilson4838@example.com,standard,EU
diana_miller_4839,test123,diana.miller4839@example.com,premium,APAC
john_taylor_4840,test123,john.taylor4840@example.com,premium,US
frank_taylor_4841,test123,frank.taylor4841@example.com,standard,EU
jane_wilson_4842,test123,jane.wilson4842@example.com,standard,US
john_taylor_4843,test123,john.taylor4843@example.com,standard,APAC
charlie_thomas_4844,test123,charlie.thomas4844@example.com,admin,US
jane_brown_4845,test123,jane.brown4845@example.com,standard,APAC
bob_smith_4846,test123,bob.smith4846@example.com,standard,US
john_smith_4847,test123,john.smith4847@example.com,standard,EU
diana_wilson_4848,test123,diana.wilson4848@example.com,standard,US
grace_taylor_4849,test123,grace.taylor4849@example.com,standard,US
diana_johnson_4850,test123,diana.johnson4850@example.com,standard,US
alice_thomas_4851,test123,alice.thomas4851@example.com,standard,APAC
bob_brown_4852,test123,bob.brown4852@example.com,standard,US
frank_smith_4853,test123,frank.smith4853@example.com,standard,US
henry_taylor_4854,test123,henry.taylor4854@example.com,standard,US
henry_miller_4855,test123,henry.miller4855@example.com,premium,EU
eva_wilson_4856,test123,eva.wilson4856@example.com,standard,US
charlie_moore_4857,test123,charlie.moore4857@example.com,premium,APAC
frank_davis_4858,test123,frank.davis4858@example.com,standard,EU
frank_davis_4859,test123,frank.davis4859@example.com,standard,US
bob_wilson_4860,test123,bob.wilson4860@example.com,premium,US
alice_johnson_4861,test123,alice.johnson4861@example.com,standard,US
charlie_davis_4862,test123,charlie.davis4862@example.com,standard,US
diana_anderson_4863,test123,diana.anderson4863@example.com,standard,EU
grace_taylor_4864,test123,grace.taylor4864@example.com,premium,US
eva_moore_4865,test123,eva.moore4865@example.com,premium,EU
charlie_davis_4866,test123,charlie.davis4866@example.com,standard,EU
alice_thomas_4867,test123,alice.thomas4867@example.com,premium,APAC
diana_wilson_4868,test123,diana.wilson4868@example.com,premium,US
henry_taylor_4869,test123,henry.taylor4869@example.com,standard,APAC
henry_brown_4870,test123,henry.brown4870@example.com,standard,US
alice_moore_4871,test123,alice.moore4871@example.com,standard,US
jane_smith_4872,test123,jane.smith4872@example.com,standard,US
frank_wilson_4873,test123,frank.wilson4873@example.com,standard,US
diana_smith_4874,test123,diana.smith4874@example.com,premium,US
henry_anderson_4875,test123,henry.anderson4875@example.com,admin,EU
jane_brown_4876,test123,jane.brown4876@example.com,standard,US
eva_wilson_4877,test123,eva.wilson4877@example.com,premium,APAC
diana_moore_4878,test123,diana.moore4878@example.com,admin,EU
jane_taylor_4879,test123,jane.taylor4879@example.com,admin,US
charlie_smith_4880,test123,charlie.smith4880@example.com,standard,US
charlie_taylor_4881,test123,charlie.taylor4881@example.com,standard,US
jane_thomas_4882,test123,jane.thomas4882@example.com,standard,APAC
bob_smith_4883,test123,bob.smith4883@example.com,premium,EU
jane_davis_4884,test123,jane.davis4884@example.com,premium,APAC
diana_smith_4885,test123,diana.smith4885@example.com,standard,US
grace_smith_4886,test123,grace.smith4886@example.com,standard,APAC
henry_miller_4887,test123,henry.miller4887@example.com,premium,US
henry_thomas_4888,test123,henry.thomas4888@example.com,standard,US
bob_moore_4889,test123,bob.moore4889@example.com,standard,APAC
charlie_johnson_4890,test123,charlie.johnson4890@example.com,standard,EU
charlie_miller_4891,test123,charlie.miller4891@example.com,standard,US
john_smith_4892,test123,john.smith4892@example.com,premium,US
charlie_taylor_4893,test123,charlie.taylor4893@example.com,standard,US
henry_smith_4894,test123,henry.smith4894@example.com,standard,US
charlie_thomas_4895,test123,charlie.thomas4895@example.com,standard,US
charlie_anderson_4896,test123,charlie.anderson4896@example.com,premium,APAC
grace_johnson_4897,test123,grace.johnson4897@example.com,standard,US
alice_thomas_4898,test123,alice.thomas4898@example.com,standard,EU
henry_thomas_4899,test123,henry.thomas4899@example.com,standard,US
diana_brown_4900,test123,diana.brown4900@example.com,standard,US
alice_moore_4901,test123,alice.moore4901@example.com,standard,US
john_thomas_4902,test123,john.thomas4902@example.com,standard,US
charlie_wilson_4903,test123,charlie.wilson4903@example.com,standard,APAC
frank_johnson_4904,test123,frank.johnson4904@example.com,admin,US
jane_miller_4905,test123,jane.miller4905@example.com,standard,APAC
frank_thomas_4906,test123,frank.thomas4906@example.com,standard,US
jane_miller_4907,test123,jane.miller4907@example.com,standard,EU
eva_thomas_4908,test123,eva.thomas4908@example.com,standard,US
alice_taylor_4909,test123,alice.taylor4909@example.com,standard,US
diana_davis_4910,test123,diana.davis4910@example.com,standard,EU
alice_wilson_4911,test123,alice.wilson4911@example.com,premium,US
charlie_smith_4912,test123,charlie.smith4912@example.com,premium,US
bob_smith_4913,test123,bob.smith4913@example.com,premium,US
grace_wilson_4914,test123,grace.wilson4914@example.com,standard,EU
frank_thomas_4915,test123,frank.thomas4915@example.com,standard,EU
frank_johnson_4916,test123,frank.johnson4916@example.com,standard,APAC
eva_moore_4917,test123,eva.moore4917@example.com,standard,EU
henry_davis_4918,test123,henry.davis4918@example.com,admin,US
frank_davis_4919,test123,frank.davis4919@example.com,premium,US
frank_thomas_4920,test123,frank.thomas4920@example.com,premium,US
henry_moore_4921,test123,henry.moore4921@example.com,premium,US
grace_davis_4922,test123,grace.davis4922@example.com,standard,US
frank_davis_4923,test123,frank.davis4923@example.com,standard,APAC
grace_taylor_4924,test123,grace.taylor4924@example.com,standard,US
henry_miller_4925,test123,henry.miller4925@example.com,standard,US
eva_brown_4926,test123,eva.brown4926@example.com,premium,EU
frank_anderson_4927,test123,frank.anderson4927@example.com,standard,EU
frank_moore_4928,test123,frank.moore4928@example.com,standard,US
diana_smith_4929,test123,diana.smith4929@example.com,standard,US
charlie_wilson_4930,test123,charlie.wilson4930@example.com,standard,US
jane_taylor_4931,test123,jane.taylor4931@example.com,standard,EU
eva_smith_4932,test123,eva.smith4932@example.com,standard,US
frank_thomas_4933,test123,frank.thomas4933@example.com,standard,US
john_wilson_4934,test123,john.wilson4934@example.com,premium,US
jane_davis_4935,test123,jane.davis4935@example.com,premium,US
henry_smith_4936,test123,henry.smith4936@example.com,standard,US
jane_thomas_4937,test123,jane.thomas4937@example.com,standard,US
jane_moore_4938,test123,jane.moore4938@example.com,standard,APAC
bob_thomas_4939,test123,bob.thomas4939@example.com,standard,APAC
jane_smith_4940,test123,jane.smith4940@example.com,standard,US
bob_anderson_4941,test123,bob.anderson4941@example.com,premium,APAC
henry_wilson_4942,test123,henry.wilson4942@example.com,premium,EU
jane_taylor_4943,test123,jane.taylor4943@example.com,standard,US
alice_moore_4944,test123,alice.moore4944@example.com,standard,EU
eva_moore_4945,test123,eva.moore4945@example.com,standard,US
eva_moore_4946,test123,eva.moore4946@example.com,standard,US
henry_smith_4947,test123,henry.smith4947@example.com,standard,US
frank_thomas_4948,test123,frank.thomas4948@example.com,admin,US
henry_johnson_4949,test123,henry.johnson4949@example.com,admin,US
henry_thomas_4950,test123,henry.thomas4950@example.com,standard,APAC
charlie_taylor_4951,test123,charlie.taylor4951@example.com,premium,US
frank_thomas_4952,test123,frank.thomas4952@example.com,standard,US
eva_miller_4953,test123,eva.miller4953@example.com,premium,US
eva_johnson_4954,test123,eva.johnson4954@example.com,standard,EU
charlie_anderson_4955,test123,charlie.anderson4955@example.com,standard,US
john_johnson_4956,test123,john.johnson4956@example.com,standard,US
jane_moore_4957,test123,jane.moore4957@example.com,standard,EU
frank_johnson_4958,test123,frank.johnson4958@example.com,standard,US
diana_wilson_4959,test123,diana.wilson4959@example.com,premium,EU
diana_anderson_4960,test123,diana.anderson4960@example.com,standard,EU
bob_miller_4961,test123,bob.miller4961@example.com,standard,US
jane_taylor_4962,test123,jane.taylor4962@example.com,standard,US
jane_taylor_4963,test123,jane.taylor4963@example.com,premium,US
john_davis_4964,test123,john.davis4964@example.com,premium,US
eva_taylor_4965,test123,eva.taylor4965@example.com,standard,EU
alice_smith_4966,test123,alice.smith4966@example.com,standard,APAC
frank_thomas_4967,test123,frank.thomas4967@example.com,standard,US
bob_davis_4968,test123,bob.davis4968@example.com,premium,APAC
grace_anderson_4969,test123,grace.anderson4969@example.com,standard,EU
frank_davis_4970,test123,frank.davis4970@example.com,standard,EU
jane_davis_4971,test123,jane.davis4971@example.com,standard,US
henry_johnson_4972,test123,henry.johnson4972@example.com,standard,APAC
grace_davis_4973,test123,grace.davis4973@example.com,standard,EU
diana_moore_4974,test123,diana.moore4974@example.com,premium,US
diana_wilson_4975,test123,diana.wilson4975@example.com,standard,APAC
bob_smith_4976,test123,bob.smith4976@example.com,premium,US
henry_anderson_4977,test123,henry.anderson4977@example.com,admin,US
alice_davis_4978,test123,alice.davis4978@example.com,premium,US
john_anderson_4979,test123,john.anderson4979@example.com,standard,US
grace_miller_4980,test123,grace.miller4980@example.com,premium,US
henry_anderson_4981,test123,henry.anderson4981@example.com,standard,US
alice_moore_4982,test123,alice.moore4982@example.com,standard,EU
grace_moore_4983,test123,grace.moore4983@example.com,admin,US
diana_johnson_4984,test123,diana.johnson4984@example.com,premium,APAC
frank_taylor_4985,test123,frank.taylor4985@example.com,premium,US
charlie_miller_4986,test123,charlie.miller4986@example.com,standard,US
bob_anderson_4987,test123,bob.anderson4987@example.com,standard,US
bob_davis_4988,test123,bob.davis4988@example.com,standard,US
eva_taylor_4989,test123,eva.taylor4989@example.com,standard,APAC
grace_brown_4990,test123,grace.brown4990@example.com,standard,EU
frank_smith_4991,test123,frank.smith4991@example.com,standard,APAC
charlie_wilson_4992,test123,charlie.wilson4992@example.com,standard,US
alice_smith_4993,test123,alice.smith4993@example.com,premium,US
alice_smith_4994,test123,alice.smith4994@example.com,standard,APAC
jane_davis_4995,test123,jane.davis4995@example.com,standard,US
grace_anderson_4996,test123,grace.anderson4996@example.com,standard,APAC
jane_brown_4997,test123,jane.brown4997@example.com,premium,EU
eva_wilson_4998,test123,eva.wilson4998@example.com,premium,US
diana_davis_4999,test123,diana.davis4999@example.com,premium,US
bob_johnson_5000,test123,bob.johnson5000@example.com,standard,US
jane_smith_5001,test123,jane.smith5001@example.com,standard,US
jane_taylor_5002,test123,jane.taylor5002@example.com,standard,US
henry_moore_5003,test123,henry.moore5003@example.com,premium,EU
bob_moore_5004,test123,bob.moore5004@example.com,premium,US
bob_wilson_5005,test123,bob.wilson5005@example.com,standard,APAC
frank_taylor_5006,test123,frank.taylor5006@example.com,standard,EU
charlie_thomas_5007,test123,charlie.thomas5007@example.com,standard,US
frank_smith_5008,test123,frank.smith5008@example.com,premium,EU
grace_johnson_5009,test123,grace.johnson5009@example.com,standard,EU
alice_anderson_5010,test123,alice.anderson5010@example.com,standard,EU
john_thomas_5011,test123,john.thomas5011@example.com,standard,US
henry_davis_5012,test123,henry.davis5012@example.com,standard,EU
alice_wilson_5013,test123,alice.wilson5013@example.com,standard,US
grace_johnson_5014,test123,grace.johnson5014@example.com,standard,US
john_brown_5015,test123,john.brown5015@example.com,standard,EU
grace_thomas_5016,test123,grace.thomas5016@example.com,standard,EU
eva_johnson_5017,test123,eva.johnson5017@example.com,standard,APAC
henry_wilson_5018,test123,henry.wilson5018@example.com,admin,US
grace_taylor_5019,test123,grace.taylor5019@example.com,premium,US
charlie_smith_5020,test123,charlie.smith5020@example.com,standard,US
diana_taylor_5021,test123,diana.taylor5021@example.com,premium,EU
alice_miller_5022,test123,alice.miller5022@example.com,standard,US
charlie_smith_5023,test123,charlie.smith5023@example.com,admin,US
henry_johnson_5024,test123,henry.johnson5024@example.com,premium,US
bob_thomas_5025,test123,bob.thomas5025@example.com,standard,US
bob_thomas_5026,test123,bob.thomas5026@example.com,standard,US
henry_johnson_5027,test123,henry.johnson5027@example.com,standard,US
diana_miller_5028,test123,diana.miller5028@example.com,standard,US
eva_brown_5029,test123,eva.brown5029@example.com,admin,EU
grace_wilson_5030,test123,grace.wilson5030@example.com,standard,EU
grace_wilson_5031,test123,grace.wilson5031@example.com,standard,APAC
john_davis_5032,test123,john.davis5032@example.com,standard,APAC
jane_thomas_5033,test123,jane.thomas5033@example.com,standard,US
henry_thomas_5034,test123,henry.thomas5034@example.com,admin,US
bob_wilson_5035,test123,bob.wilson5035@example.com,standard,APAC
jane_taylor_5036,test123,jane.taylor5036@example.com,premium,US
bob_brown_5037,test123,bob.brown5037@example.com,premium,EU
jane_wilson_5038,test123,jane.wilson5038@example.com,premium,EU
frank_thomas_5039,test123,frank.thomas5039@example.com,premium,US
frank_thomas_5040,test123,frank.thomas5040@example.com,standard,APAC
diana_wilson_5041,test123,diana.wilson5041@example.com,standard,US
eva_johnson_5042,test123,eva.johnson5042@example.com,standard,US
grace_miller_5043,test123,grace.miller5043@example.com,standard,EU
bob_moore_5044,test123,bob.moore5044@example.com,premium,US
jane_wilson_5045,test123,jane.wilson5045@example.com,standard,EU
alice_anderson_5046,test123,alice.anderson5046@example.com,standard,EU
diana_wilson_5047,test123,diana.wilson5047@example.com,standard,US
bob_wilson_5048,test123,bob.wilson5048@example.com,standard,US
grace_smith_5049,test123,grace.smith5049@example.com,standard,EU
grace_davis_5050,test123,grace.davis5050@example.com,standard,US
jane_brown_5051,test123,jane.brown5051@example.com,standard,APAC
henry_wilson_5052,test123,henry.wilson5052@example.com,standard,EU
john_wilson_5053,test123,john.wilson5053@example.com,standard,EU
frank_davis_5054,test123,frank.davis5054@example.com,standard,EU
jane_miller_5055,test123,jane.miller5055@example.com,standard,APAC
alice_thomas_5056,test123,alice.thomas5056@example.com,standard,US
henry_johnson_5057,test123,henry.johnson5057@example.com,premium,EU
bob_smith_5058,test123,bob.smith5058@example.com,standard,US
bob_anderson_5059,test123,bob.anderson5059@example.com,standard,EU
diana_brown_5060,test123,diana.brown5060@example.com,standard,US
charlie_moore_5061,test123,charlie.moore5061@example.com,premium,US
alice_anderson_5062,test123,alice.anderson5062@example.com,admin,US
henry_davis_5063,test123,henry.davis5063@example.com,standard,US
bob_moore_5064,test123,bob.moore5064@example.com,admin,US
frank_taylor_5065,test123,frank.taylor5065@example.com,standard,US
grace_thomas_5066,test123,grace.thomas5066@example.com,standard,EU
grace_wilson_5067,test123,grace.wilson5067@example.com,premium,APAC
john_wilson_5068,test123,john.wilson5068@example.com,standard,US
eva_taylor_5069,test123,eva.taylor5069@example.com,standard,APAC
frank_anderson_5070,test123,frank.anderson5070@example.com,standard,US
charlie_moore_5071,test123,charlie.moore5071@example.com,standard,US
alice_miller_5072,test123,alice.miller5072@example.com,standard,US
alice_moore_5073,test123,alice.moore5073@example.com,standard,EU
diana_davis_5074,test123,diana.davis5074@example.com,standard,US
charlie_miller_5075,test123,charlie.miller5075@example.com,standard,EU
bob_brown_5076,test123,bob.brown5076@example.com,standard,US
john_davis_5077,test123,john.davis5077@example.com,standard,US
alice_miller_5078,test123,alice.miller5078@example.com,admin,US
grace_johnson_5079,test123,grace.johnson5079@example.com,standard,US
jane_miller_5080,test123,jane.miller5080@example.com,premium,APAC
jane_taylor_5081,test123,jane.taylor5081@example.com,standard,US
diana_moore_5082,test123,diana.moore5082@example.com,admin,EU
bob_anderson_5083,test123,bob.anderson5083@example.com,standard,APAC
eva_wilson_5084,test123,eva.wilson5084@example.com,standard,EU
diana_taylor_5085,test123,diana.taylor5085@example.com,premium,US
eva_taylor_5086,test123,eva.taylor5086@example.com,standard,US
grace_brown_5087,test123,grace.brown5087@example.com,standard,US
grace_johnson_5088,test123,grace.johnson5088@example.com,standard,US
diana_moore_5089,test123,diana.moore5089@example.com,standard,US
charlie_smith_5090,test123,charlie.smith5090@example.com,standard,US
charlie_anderson_5091,test123,charlie.anderson5091@example.com,standard,EU
john_smith_5092,test123,john.smith5092@example.com,premium,US
grace_davis_5093,test123,grace.davis5093@example.com,standard,EU
john_thomas_5094,test123,john.thomas5094@example.com,premium,US
charlie_anderson_5095,test123,charlie.anderson5095@example.com,standard,US
eva_brown_5096,test123,eva.brown5096@example.com,premium,US
john_taylor_5097,test123,john.taylor5097@example.com,standard,US
frank_smith_5098,test123,frank.smith5098@example.com,standard,US
grace_wilson_5099,test123,grace.wilson5099@example.com,standard,US
bob_johnson_5100,test123,bob.johnson5100@example.com,standard,APAC
diana_moore_5101,test123,diana.moore5101@example.com,standard,US
charlie_moore_5102,test123,charlie.moore5102@example.com,standard,US
charlie_wilson_5103,test123,charlie.wilson5103@example.com,standard,US
charlie_anderson_5104,test123,charlie.anderson5104@example.com,premium,US
bob_wilson_5105,test123,bob.wilson5105@example.com,admin,US
charlie_smith_5106,test123,charlie.smith5106@example.com,standard,APAC
alice_thomas_5107,test123,alice.thomas5107@example.com,standard,US
eva_wilson_5108,test123,eva.wilson5108@example.com,standard,EU
frank_taylor_5109,test123,frank.taylor5109@example.com,standard,APAC
henry_thomas_5110,test123,henry.thomas5110@example.com,premium,US
jane_davis_5111,test123,jane.davis5111@example.com,standard,EU
frank_miller_5112,test123,frank.miller5112@example.com,standard,APAC
charlie_johnson_5113,test123,charlie.johnson5113@example.com,standard,US
diana_moore_5114,test123,diana.moore5114@example.com,standard,US
alice_wilson_5115,test123,alice.wilson5115@example.com,premium,US
jane_miller_5116,test123,jane.miller5116@example.com,premium,EU
grace_moore_5117,test123,grace.moore5117@example.com,admin,EU
grace_miller_5118,test123,grace.miller5118@example.com,standard,APAC
charlie_wilson_5119,test123,charlie.wilson5119@example.com,premium,US
eva_davis_5120,test123,eva.davis5120@example.com,standard,US
frank_miller_5121,test123,frank.miller5121@example.com,standard,APAC
frank_taylor_5122,test123,frank.taylor5122@example.com,standard,US
henry_brown_5123,test123,henry.brown5123@example.com,standard,EU
alice_anderson_5124,test123,alice.anderson5124@example.com,standard,US
charlie_smith_5125,test123,charlie.smith5125@example.com,standard,US
diana_taylor_5126,test123,diana.taylor5126@example.com,standard,US
eva_johnson_5127,test123,eva.johnson5127@example.com,premium,US
frank_davis_5128,test123,frank.davis5128@example.com,standard,EU
alice_davis_5129,test123,alice.davis5129@example.com,premium,EU
diana_johnson_5130,test123,diana.johnson5130@example.com,premium,APAC
alice_taylor_5131,test123,alice.taylor5131@example.com,standard,APAC
henry_anderson_5132,test123,henry.anderson5132@example.com,premium,US
frank_wilson_5133,test123,frank.wilson5133@example.com,standard,US
diana_davis_5134,test123,diana.davis5134@example.com,standard,APAC
diana_taylor_5135,test123,diana.taylor5135@example.com,premium,US
john_davis_5136,test123,john.davis5136@example.com,standard,EU
jane_davis_5137,test123,jane.davis5137@example.com,standard,US
charlie_thomas_5138,test123,charlie.thomas5138@example.com,premium,US
henry_thomas_5139,test123,henry.thomas5139@example.com,standard,EU
bob_smith_5140,test123,bob.smith5140@example.com,standard,EU
alice_smith_5141,test123,alice.smith5141@example.com,premium,US
charlie_smith_5142,test123,charlie.smith5142@example.com,standard,US
frank_anderson_5143,test123,frank.anderson5143@example.com,standard,US
john_taylor_5144,test123,john.taylor5144@example.com,standard,APAC
bob_taylor_5145,test123,bob.taylor5145@example.com,premium,US
eva_smith_5146,test123,eva.smith5146@example.com,standard,US
diana_taylor_5147,test123,diana.taylor5147@example.com,standard,US
alice_johnson_5148,test123,alice.johnson5148@example.com,standard,US
bob_thomas_5149,test123,bob.thomas5149@example.com,standard,EU
henry_miller_5150,test123,henry.miller5150@example.com,standard,APAC
alice_thomas_5151,test123,alice.thomas5151@example.com,standard,US
henry_davis_5152,test123,henry.davis5152@example.com,premium,EU
jane_thomas_5153,test123,jane.thomas5153@example.com,premium,US
eva_brown_5154,test123,eva.brown5154@example.com,standard,US
frank_smith_5155,test123,frank.smith5155@example.com,standard,US
alice_moore_5156,test123,alice.moore5156@example.com,premium,US
john_thomas_5157,test123,john.thomas5157@example.com,premium,EU
bob_brown_5158,test123,bob.brown5158@example.com,standard,US
charlie_smith_5159,test123,charlie.smith5159@example.com,standard,US
bob_taylor_5160,test123,bob.taylor5160@example.com,standard,US
charlie_wilson_5161,test123,charlie.wilson5161@example.com,standard,US
alice_anderson_5162,test123,alice.anderson5162@example.com,standard,APAC
grace_moore_5163,test123,grace.moore5163@example.com,standard,US
frank_thomas_5164,test123,frank.thomas5164@example.com,premium,EU
john_davis_5165,test123,john.davis5165@example.com,standard,US
alice_anderson_5166,test123,alice.anderson5166@example.com,standard,US
frank_davis_5167,test123,frank.davis5167@example.com,standard,US
john_smith_5168,test123,john.smith5168@example.com,standard,US
jane_anderson_5169,test123,jane.anderson5169@example.com,standard,US
john_smith_5170,test123,john.smith5170@example.com,standard,US
grace_moore_5171,test123,grace.moore5171@example.com,standard,EU
diana_wilson_5172,test123,diana.wilson5172@example.com,standard,US
charlie_taylor_5173,test123,charlie.taylor5173@example.com,premium,APAC
frank_thomas_5174,test123,frank.thomas5174@example.com,premium,US
henry_johnson_5175,test123,henry.johnson5175@example.com,standard,US
charlie_thomas_5176,test123,charlie.thomas5176@example.com,premium,APAC
grace_moore_5177,test123,grace.moore5177@example.com,standard,US
frank_thomas_5178,test123,frank.thomas5178@example.com,premium,US
henry_thomas_5179,test123,henry.thomas5179@example.com,standard,US
alice_thomas_5180,test123,alice.thomas5180@example.com,standard,US
alice_wilson_5181,test123,alice.wilson5181@example.com,admin,US
john_johnson_5182,test123,john.johnson5182@example.com,standard,US
alice_wilson_5183,test123,alice.wilson5183@example.com,standard,US
diana_thomas_5184,test123,diana.thomas5184@example.com,standard,US
alice_wilson_5185,test123,alice.wilson5185@example.com,premium,APAC
grace_brown_5186,test123,grace.brown5186@example.com,standard,US
john_moore_5187,test123,john.moore5187@example.com,standard,EU
jane_smith_5188,test123,jane.smith5188@example.com,standard,APAC
frank_wilson_5189,test123,frank.wilson5189@example.com,standard,US
jane_moore_5190,test123,jane.moore5190@example.com,standard,US
charlie_smith_5191,test123,charlie.smith5191@example.com,admin,US
henry_davis_5192,test123,henry.davis5192@example.com,premium,US
charlie_johnson_5193,test123,charlie.johnson5193@example.com,standard,US
alice_miller_5194,test123,alice.miller5194@example.com,standard,US
eva_thomas_5195,test123,eva.thomas5195@example.com,admin,EU
bob_smith_5196,test123,bob.smith5196@example.com,standard,APAC
jane_moore_5197,test123,jane.moore5197@example.com,standard,APAC
alice_thomas_5198,test123,alice.thomas5198@example.com,standard,APAC
henry_wilson_5199,test123,henry.wilson5199@example.com,standard,APAC
alice_davis_5200,test123,alice.davis5200@example.com,standard,APAC
john_wilson_5201,test123,john.wilson5201@example.com,standard,APAC
grace_davis_5202,test123,grace.davis5202@example.com,premium,US
john_davis_5203,test123,john.davis5203@example.com,standard,EU
alice_thomas_5204,test123,alice.thomas5204@example.com,standard,APAC
jane_johnson_5205,test123,jane.johnson5205@example.com,standard,US
bob_anderson_5206,test123,bob.anderson5206@example.com,standard,US
frank_johnson_5207,test123,frank.johnson5207@example.com,standard,APAC
alice_davis_5208,test123,alice.davis5208@example.com,standard,US
bob_thomas_5209,test123,bob.thomas5209@example.com,standard,EU
alice_thomas_5210,test123,alice.thomas5210@example.com,standard,US
henry_miller_5211,test123,henry.miller5211@example.com,standard,APAC
charlie_brown_5212,test123,charlie.brown5212@example.com,premium,US
alice_johnson_5213,test123,alice.johnson5213@example.com,standard,EU
grace_davis_5214,test123,grace.davis5214@example.com,premium,US
alice_thomas_5215,test123,alice.thomas5215@example.com,standard,US
charlie_wilson_5216,test123,charlie.wilson5216@example.com,premium,EU
diana_smith_5217,test123,diana.smith5217@example.com,premium,EU
frank_davis_5218,test123,frank.davis5218@example.com,standard,US
charlie_smith_5219,test123,charlie.smith5219@example.com,standard,US
diana_thomas_5220,test123,diana.thomas5220@example.com,standard,US
john_miller_5221,test123,john.miller5221@example.com,standard,US
john_taylor_5222,test123,john.taylor5222@example.com,standard,APAC
eva_johnson_5223,test123,eva.johnson5223@example.com,admin,US
henry_davis_5224,test123,henry.davis5224@example.com,premium,US
john_thomas_5225,test123,john.thomas5225@example.com,standard,US
grace_moore_5226,test123,grace.moore5226@example.com,standard,US
jane_smith_5227,test123,jane.smith5227@example.com,premium,APAC
grace_smith_5228,test123,grace.smith5228@example.com,standard,APAC
jane_moore_5229,test123,jane.moore5229@example.com,premium,EU
john_johnson_5230,test123,john.johnson5230@example.com,premium,US
bob_thomas_5231,test123,bob.thomas5231@example.com,standard,US
charlie_moore_5232,test123,charlie.moore5232@example.com,premium,US
grace_moore_5233,test123,grace.moore5233@example.com,standard,EU
charlie_wilson_5234,test123,charlie.wilson5234@example.com,premium,US
jane_johnson_5235,test123,jane.johnson5235@example.com,premium,EU
diana_moore_5236,test123,diana.moore5236@example.com,standard,US
charlie_moore_5237,test123,charlie.moore5237@example.com,premium,US
henry_davis_5238,test123,henry.davis5238@example.com,premium,US
diana_thomas_5239,test123,diana.thomas5239@example.com,standard,EU
frank_johnson_5240,test123,frank.johnson5240@example.com,premium,US
bob_davis_5241,test123,bob.davis5241@example.com,premium,US
frank_wilson_5242,test123,frank.wilson5242@example.com,standard,US
jane_miller_5243,test123,jane.miller5243@example.com,standard,US
eva_wilson_5244,test123,eva.wilson5244@example.com,standard,EU
eva_taylor_5245,test123,eva.taylor5245@example.com,standard,APAC
grace_smith_5246,test123,grace.smith5246@example.com,premium,US
charlie_moore_5247,test123,charlie.moore5247@example.com,premium,EU
diana_johnson_5248,test123,diana.johnson5248@example.com,premium,US
eva_miller_5249,test123,eva.miller5249@example.com,standard,APAC
bob_brown_5250,test123,bob.brown5250@example.com,standard,US
grace_johnson_5251,test123,grace.johnson5251@example.com,premium,US
diana_anderson_5252,test123,diana.anderson5252@example.com,standard,US
bob_wilson_5253,test123,bob.wilson5253@example.com,standard,US
diana_johnson_5254,test123,diana.johnson5254@example.com,admin,US
alice_brown_5255,test123,alice.brown5255@example.com,standard,EU
charlie_thomas_5256,test123,charlie.thomas5256@example.com,standard,EU
grace_miller_5257,test123,grace.miller5257@example.com,standard,US
henry_smith_5258,test123,henry.smith5258@example.com,premium,EU
diana_moore_5259,test123,diana.moore5259@example.com,standard,US
diana_johnson_5260,test123,diana.johnson5260@example.com,standard,US
diana_johnson_5261,test123,diana.johnson5261@example.com,standard,US
alice_johnson_5262,test123,alice.johnson5262@example.com,premium,APAC
alice_miller_5263,test123,alice.miller5263@example.com,standard,US
frank_miller_5264,test123,frank.miller5264@example.com,standard,APAC
frank_davis_5265,test123,frank.davis5265@example.com,standard,APAC
bob_anderson_5266,test123,bob.anderson5266@example.com,standard,US
jane_davis_5267,test123,jane.davis5267@example.com,standard,APAC
henry_smith_5268,test123,henry.smith5268@example.com,standard,US
frank_thomas_5269,test123,frank.thomas5269@example.com,standard,EU
alice_moore_5270,test123,alice.moore5270@example.com,standard,US
diana_davis_5271,test123,diana.davis5271@example.com,standard,US
eva_moore_5272,test123,eva.moore5272@example.com,standard,EU
henry_johnson_5273,test123,henry.johnson5273@example.com,standard,US
jane_taylor_5274,test123,jane.taylor5274@example.com,standard,US
diana_brown_5275,test123,diana.brown5275@example.com,standard,US
john_wilson_5276,test123,john.wilson5276@example.com,premium,APAC
diana_anderson_5277,test123,diana.anderson5277@example.com,premium,EU
charlie_wilson_5278,test123,charlie.wilson5278@example.com,standard,APAC
john_davis_5279,test123,john.davis5279@example.com,standard,EU
alice_smith_5280,test123,alice.smith5280@example.com,standard,EU
alice_taylor_5281,test123,alice.taylor5281@example.com,standard,US
diana_wilson_5282,test123,diana.wilson5282@example.com,standard,US
john_miller_5283,test123,john.miller5283@example.com,standard,EU
jane_smith_5284,test123,jane.smith5284@example.com,standard,US
frank_brown_5285,test123,frank.brown5285@example.com,standard,US
bob_moore_5286,test123,bob.moore5286@example.com,standard,US
alice_anderson_5287,test123,alice.anderson5287@example.com,standard,APAC
frank_johnson_5288,test123,frank.johnson5288@example.com,premium,APAC
bob_johnson_5289,test123,bob.johnson5289@example.com,standard,US
bob_johnson_5290,test123,bob.johnson5290@example.com,premium,EU
henry_wilson_5291,test123,henry.wilson5291@example.com,standard,US
eva_brown_5292,test123,eva.brown5292@example.com,premium,EU
john_wilson_5293,test123,john.wilson5293@example.com,admin,APAC
jane_miller_5294,test123,jane.miller5294@example.com,standard,US
grace_miller_5295,test123,grace.miller5295@example.com,standard,EU
bob_davis_5296,test123,bob.davis5296@example.com,standard,US
grace_johnson_5297,test123,grace.johnson5297@example.com,standard,US
john_smith_5298,test123,john.smith5298@example.com,standard,EU
jane_taylor_5299,test123,jane.taylor5299@example.com,premium,US
henry_johnson_5300,test123,henry.johnson5300@example.com,premium,US
eva_taylor_5301,test123,eva.taylor5301@example.com,premium,US
jane_moore_5302,test123,jane.moore5302@example.com,premium,APAC
eva_anderson_5303,test123,eva.anderson5303@example.com,standard,APAC
john_wilson_5304,test123,john.wilson5304@example.com,premium,APAC
john_davis_5305,test123,john.davis5305@example.com,premium,US
henry_brown_5306,test123,henry.brown5306@example.com,standard,US
eva_thomas_5307,test123,eva.thomas5307@example.com,standard,APAC
eva_johnson_5308,test123,eva.johnson5308@example.com,standard,US
jane_johnson_5309,test123,jane.johnson5309@example.com,premium,US
frank_johnson_5310,test123,frank.johnson5310@example.com,standard,EU
bob_taylor_5311,test123,bob.taylor5311@example.com,standard,APAC
charlie_smith_5312,test123,charlie.smith5312@example.com,premium,US
john_miller_5313,test123,john.miller5313@example.com,standard,US
charlie_moore_5314,test123,charlie.moore5314@example.com,standard,US
diana_brown_5315,test123,diana.brown5315@example.com,standard,APAC
jane_anderson_5316,test123,jane.anderson5316@example.com,standard,US
eva_smith_5317,test123,eva.smith5317@example.com,standard,US
charlie_davis_5318,test123,charlie.davis5318@example.com,standard,EU
frank_moore_5319,test123,frank.moore5319@example.com,standard,US
frank_taylor_5320,test123,frank.taylor5320@example.com,standard,APAC
jane_moore_5321,test123,jane.moore5321@example.com,standard,APAC
john_moore_5322,test123,john.moore5322@example.com,standard,US
jane_johnson_5323,test123,jane.johnson5323@example.com,standard,US
henry_johnson_5324,test123,henry.johnson5324@example.com,premium,US
henry_davis_5325,test123,henry.davis5325@example.com,standard,US
eva_anderson_5326,test123,eva.anderson5326@example.com,standard,US
diana_anderson_5327,test123,diana.anderson5327@example.com,standard,US
bob_moore_5328,test123,bob.moore5328@example.com,standard,EU
bob_anderson_5329,test123,bob.anderson5329@example.com,standard,APAC
henry_brown_5330,test123,henry.brown5330@example.com,premium,US
jane_moore_5331,test123,jane.moore5331@example.com,standard,US
henry_miller_5332,test123,henry.miller5332@example.com,standard,APAC
eva_taylor_5333,test123,eva.taylor5333@example.com,premium,US
diana_davis_5334,test123,diana.davis5334@example.com,premium,EU
frank_wilson_5335,test123,frank.wilson5335@example.com,standard,US
charlie_miller_5336,test123,charlie.miller5336@example.com,standard,US
jane_thomas_5337,test123,jane.thomas5337@example.com,standard,US
alice_anderson_5338,test123,alice.anderson5338@example.com,premium,US
frank_davis_5339,test123,frank.davis5339@example.com,premium,US
charlie_thomas_5340,test123,charlie.thomas5340@example.com,premium,APAC
charlie_thomas_5341,test123,charlie.thomas5341@example.com,premium,US
frank_davis_5342,test123,frank.davis5342@example.com,standard,US
henry_miller_5343,test123,henry.miller5343@example.com,standard,US
frank_johnson_5344,test123,frank.johnson5344@example.com,premium,EU
charlie_brown_5345,test123,charlie.brown5345@example.com,standard,US
grace_anderson_5346,test123,grace.anderson5346@example.com,premium,US
jane_taylor_5347,test123,jane.taylor5347@example.com,premium,US
bob_wilson_5348,test123,bob.wilson5348@example.com,standard,US
frank_moore_5349,test123,frank.moore5349@example.com,premium,US
jane_davis_5350,test123,jane.davis5350@example.com,standard,EU
alice_miller_5351,test123,alice.miller5351@example.com,standard,EU
john_taylor_5352,test123,john.taylor5352@example.com,standard,EU
eva_smith_5353,test123,eva.smith5353@example.com,standard,APAC
frank_taylor_5354,test123,frank.taylor5354@example.com,standard,APAC
henry_anderson_5355,test123,henry.anderson5355@example.com,admin,US
john_johnson_5356,test123,john.johnson5356@example.com,standard,EU
jane_taylor_5357,test123,jane.taylor5357@example.com,admin,US
charlie_brown_5358,test123,charlie.brown5358@example.com,standard,APAC
john_davis_5359,test123,john.davis5359@example.com,standard,US
frank_taylor_5360,test123,frank.taylor5360@example.com,standard,US
henry_wilson_5361,test123,henry.wilson5361@example.com,standard,EU
frank_brown_5362,test123,frank.brown5362@example.com,standard,US
diana_johnson_5363,test123,diana.johnson5363@example.com,standard,APAC
bob_brown_5364,test123,bob.brown5364@example.com,standard,US
diana_anderson_5365,test123,diana.anderson5365@example.com,standard,US
frank_johnson_5366,test123,frank.johnson5366@example.com,standard,EU
charlie_taylor_5367,test123,charlie.taylor5367@example.com,premium,EU
charlie_thomas_5368,test123,charlie.thomas5368@example.com,standard,US
frank_anderson_5369,test123,frank.anderson5369@example.com,admin,EU
grace_davis_5370,test123,grace.davis5370@example.com,standard,US
grace_taylor_5371,test123,grace.taylor5371@example.com,standard,US
frank_taylor_5372,test123,frank.taylor5372@example.com,standard,US
alice_davis_5373,test123,alice.davis5373@example.com,standard,US
bob_brown_5374,test123,bob.brown5374@example.com,standard,US
bob_johnson_5375,test123,bob.johnson5375@example.com,standard,US
john_brown_5376,test123,john.brown5376@example.com,premium,APAC
alice_taylor_5377,test123,alice.taylor5377@example.com,standard,EU
bob_davis_5378,test123,bob.davis5378@example.com,premium,US
grace_moore_5379,test123,grace.moore5379@example.com,standard,APAC
frank_taylor_5380,test123,frank.taylor5380@example.com,standard,US
eva_brown_5381,test123,eva.brown5381@example.com,premium,US
bob_taylor_5382,test123,bob.taylor5382@example.com,premium,US
eva_thomas_5383,test123,eva.thomas5383@example.com,premium,EU
henry_miller_5384,test123,henry.miller5384@example.com,standard,APAC
grace_smith_5385,test123,grace.smith5385@example.com,standard,US
bob_smith_5386,test123,bob.smith5386@example.com,standard,US
bob_anderson_5387,test123,bob.anderson5387@example.com,standard,APAC
henry_thomas_5388,test123,henry.thomas5388@example.com,standard,EU
john_thomas_5389,test123,john.thomas5389@example.com,premium,US
alice_wilson_5390,test123,alice.wilson5390@example.com,standard,US
grace_smith_5391,test123,grace.smith5391@example.com,standard,EU
diana_smith_5392,test123,diana.smith5392@example.com,standard,EU
eva_wilson_5393,test123,eva.wilson5393@example.com,premium,US
frank_moore_5394,test123,frank.moore5394@example.com,standard,APAC
frank_taylor_5395,test123,frank.taylor5395@example.com,premium,APAC
eva_brown_5396,test123,eva.brown5396@example.com,premium,EU
bob_brown_5397,test123,bob.brown5397@example.com,standard,US
eva_johnson_5398,test123,eva.johnson5398@example.com,premium,EU
john_thomas_5399,test123,john.thomas5399@example.com,admin,APAC
john_davis_5400,test123,john.davis5400@example.com,standard,US
charlie_moore_5401,test123,charlie.moore5401@example.com,standard,US
eva_anderson_5402,test123,eva.anderson5402@example.com,standard,EU
diana_taylor_5403,test123,diana.taylor5403@example.com,premium,US
bob_brown_5404,test123,bob.brown5404@example.com,standard,EU
bob_wilson_5405,test123,bob.wilson5405@example.com,standard,US
john_johnson_5406,test123,john.johnson5406@example.com,premium,US
henry_wilson_5407,test123,henry.wilson5407@example.com,premium,EU
jane_johnson_5408,test123,jane.johnson5408@example.com,premium,US
eva_miller_5409,test123,eva.miller5409@example.com,standard,EU
diana_brown_5410,test123,diana.brown5410@example.com,premium,EU
alice_johnson_5411,test123,alice.johnson5411@example.com,admin,US
diana_thomas_5412,test123,diana.thomas5412@example.com,standard,EU
bob_brown_5413,test123,bob.brown5413@example.com,premium,US
diana_davis_5414,test123,diana.davis5414@example.com,premium,US
charlie_brown_5415,test123,charlie.brown5415@example.com,standard,US
frank_davis_5416,test123,frank.davis5416@example.com,standard,US
john_wilson_5417,test123,john.wilson5417@example.com,premium,US
jane_wilson_5418,test123,jane.wilson5418@example.com,premium,EU
jane_smith_5419,test123,jane.smith5419@example.com,admin,US
john_wilson_5420,test123,john.wilson5420@example.com,standard,US
alice_moore_5421,test123,alice.moore5421@example.com,standard,US
jane_davis_5422,test123,jane.davis5422@example.com,standard,EU
grace_anderson_5423,test123,grace.anderson5423@example.com,standard,APAC
henry_wilson_5424,test123,henry.wilson5424@example.com,premium,US
eva_miller_5425,test123,eva.miller5425@example.com,admin,US
john_thomas_5426,test123,john.thomas5426@example.com,admin,US
jane_anderson_5427,test123,jane.anderson5427@example.com,admin,US
grace_davis_5428,test123,grace.davis5428@example.com,premium,US
frank_wilson_5429,test123,frank.wilson5429@example.com,standard,US
alice_taylor_5430,test123,alice.taylor5430@example.com,standard,EU
jane_thomas_5431,test123,jane.thomas5431@example.com,standard,US
jane_taylor_5432,test123,jane.taylor5432@example.com,standard,US
john_anderson_5433,test123,john.anderson5433@example.com,premium,US
john_smith_5434,test123,john.smith5434@example.com,premium,US
bob_johnson_5435,test123,bob.johnson5435@example.com,standard,US
charlie_davis_5436,test123,charlie.davis5436@example.com,standard,US
diana_smith_5437,test123,diana.smith5437@example.com,standard,US
frank_miller_5438,test123,frank.miller5438@example.com,premium,EU
jane_miller_5439,test123,jane.miller5439@example.com,standard,US
alice_wilson_5440,test123,alice.wilson5440@example.com,standard,US
eva_anderson_5441,test123,eva.anderson5441@example.com,standard,US
bob_smith_5442,test123,bob.smith5442@example.com,standard,EU
diana_smith_5443,test123,diana.smith5443@example.com,standard,EU
bob_wilson_5444,test123,bob.wilson5444@example.com,standard,EU
diana_miller_5445,test123,diana.miller5445@example.com,standard,EU
charlie_johnson_5446,test123,charlie.johnson5446@example.com,premium,US
grace_wilson_5447,test123,grace.wilson5447@example.com,standard,US
grace_taylor_5448,test123,grace.taylor5448@example.com,standard,EU
diana_smith_5449,test123,diana.smith5449@example.com,standard,US
charlie_davis_5450,test123,charlie.davis5450@example.com,premium,US
charlie_taylor_5451,test123,charlie.taylor5451@example.com,standard,US
john_thomas_5452,test123,john.thomas5452@example.com,premium,EU
henry_davis_5453,test123,henry.davis5453@example.com,premium,EU
bob_smith_5454,test123,bob.smith5454@example.com,premium,EU
charlie_brown_5455,test123,charlie.brown5455@example.com,standard,US
grace_davis_5456,test123,grace.davis5456@example.com,standard,US
alice_taylor_5457,test123,alice.taylor5457@example.com,standard,US
eva_johnson_5458,test123,eva.johnson5458@example.com,standard,US
charlie_wilson_5459,test123,charlie.wilson5459@example.com,premium,EU
grace_brown_5460,test123,grace.brown5460@example.com,standard,EU
charlie_thomas_5461,test123,charlie.thomas5461@example.com,standard,US
bob_davis_5462,test123,bob.davis5462@example.com,standard,US
diana_davis_5463,test123,diana.davis5463@example.com,standard,US
jane_brown_5464,test123,jane.brown5464@example.com,standard,US
eva_davis_5465,test123,eva.davis5465@example.com,standard,US
bob_smith_5466,test123,bob.smith5466@example.com,standard,APAC
charlie_johnson_5467,test123,charlie.johnson5467@example.com,premium,US
bob_taylor_5468,test123,bob.taylor5468@example.com,standard,APAC
diana_miller_5469,test123,diana.miller5469@example.com,standard,US
eva_johnson_5470,test123,eva.johnson5470@example.com,standard,EU
charlie_davis_5471,test123,charlie.davis5471@example.com,standard,APAC
diana_brown_5472,test123,diana.brown5472@example.com,premium,US
john_anderson_5473,test123,john.anderson5473@example.com,standard,US
jane_smith_5474,test123,jane.smith5474@example.com,premium,APAC
alice_miller_5475,test123,alice.miller5475@example.com,standard,EU
henry_johnson_5476,test123,henry.johnson5476@example.com,standard,EU
frank_anderson_5477,test123,frank.anderson5477@example.com,standard,EU
john_johnson_5478,test123,john.johnson5478@example.com,standard,EU
eva_johnson_5479,test123,eva.johnson5479@example.com,standard,US
grace_thomas_5480,test123,grace.thomas5480@example.com,premium,US
alice_thomas_5481,test123,alice.thomas5481@example.com,standard,US
charlie_thomas_5482,test123,charlie.thomas5482@example.com,standard,US
alice_brown_5483,test123,alice.brown5483@example.com,standard,US
diana_smith_5484,test123,diana.smith5484@example.com,standard,APAC
alice_smith_5485,test123,alice.smith5485@example.com,standard,US
bob_davis_5486,test123,bob.davis5486@example.com,standard,US
grace_anderson_5487,test123,grace.anderson5487@example.com,standard,US
charlie_brown_5488,test123,charlie.brown5488@example.com,standard,EU
diana_wilson_5489,test123,diana.wilson5489@example.com,admin,APAC
jane_thomas_5490,test123,jane.thomas5490@example.com,standard,US
jane_miller_5491,test123,jane.miller5491@example.com,standard,US
henry_moore_5492,test123,henry.moore5492@example.com,premium,EU
charlie_brown_5493,test123,charlie.brown5493@example.com,standard,APAC
diana_taylor_5494,test123,diana.taylor5494@example.com,standard,US
charlie_taylor_5495,test123,charlie.taylor5495@example.com,standard,US
charlie_wilson_5496,test123,charlie.wilson5496@example.com,admin,US
diana_anderson_5497,test123,diana.anderson5497@example.com,standard,APAC
grace_thomas_5498,test123,grace.thomas5498@example.com,standard,US
frank_smith_5499,test123,frank.smith5499@example.com,standard,US
bob_davis_5500,test123,bob.davis5500@example.com,standard,APAC
eva_moore_5501,test123,eva.moore5501@example.com,standard,US
henry_brown_5502,test123,henry.brown5502@example.com,standard,EU
jane_anderson_5503,test123,jane.anderson5503@example.com,standard,US
alice_miller_5504,test123,alice.miller5504@example.com,premium,EU
eva_taylor_5505,test123,eva.taylor5505@example.com,premium,EU
grace_taylor_5506,test123,grace.taylor5506@example.com,standard,APAC
alice_smith_5507,test123,alice.smith5507@example.com,standard,EU
grace_smith_5508,test123,grace.smith5508@example.com,standard,EU
jane_smith_5509,test123,jane.smith5509@example.com,standard,US
jane_smith_5510,test123,jane.smith5510@example.com,premium,EU
diana_anderson_5511,test123,diana.anderson5511@example.com,standard,US
grace_miller_5512,test123,grace.miller5512@example.com,standard,US
jane_anderson_5513,test123,jane.anderson5513@example.com,standard,US
diana_thomas_5514,test123,diana.thomas5514@example.com,standard,US
bob_brown_5515,test123,bob.brown5515@example.com,premium,US
eva_thomas_5516,test123,eva.thomas5516@example.com,standard,US
grace_anderson_5517,test123,grace.anderson5517@example.com,standard,APAC
henry_brown_5518,test123,henry.brown5518@example.com,standard,APAC
bob_taylor_5519,test123,bob.taylor5519@example.com,standard,APAC
jane_johnson_5520,test123,jane.johnson5520@example.com,standard,EU
john_miller_5521,test123,john.miller5521@example.com,standard,US
jane_davis_5522,test123,jane.davis5522@example.com,standard,US
diana_anderson_5523,test123,diana.anderson5523@example.com,standard,US
bob_brown_5524,test123,bob.brown5524@example.com,premium,US
charlie_johnson_5525,test123,charlie.johnson5525@example.com,standard,US
frank_brown_5526,test123,frank.brown5526@example.com,standard,EU
bob_brown_5527,test123,bob.brown5527@example.com,standard,EU
john_davis_5528,test123,john.davis5528@example.com,standard,EU
bob_thomas_5529,test123,bob.thomas5529@example.com,standard,US
diana_smith_5530,test123,diana.smith5530@example.com,standard,US
henry_moore_5531,test123,henry.moore5531@example.com,standard,APAC
jane_smith_5532,test123,jane.smith5532@example.com,standard,US
grace_thomas_5533,test123,grace.thomas5533@example.com,premium,US
jane_anderson_5534,test123,jane.anderson5534@example.com,standard,EU
diana_wilson_5535,test123,diana.wilson5535@example.com,standard,US
eva_taylor_5536,test123,eva.taylor5536@example.com,standard,US
john_taylor_5537,test123,john.taylor5537@example.com,standard,US
charlie_thomas_5538,test123,charlie.thomas5538@example.com,standard,APAC
eva_taylor_5539,test123,eva.taylor5539@example.com,standard,EU
eva_anderson_5540,test123,eva.anderson5540@example.com,standard,US
alice_johnson_5541,test123,alice.johnson5541@example.com,standard,EU
jane_davis_5542,test123,jane.davis5542@example.com,standard,APAC
frank_taylor_5543,test123,frank.taylor5543@example.com,standard,US
diana_anderson_5544,test123,diana.anderson5544@example.com,standard,APAC
bob_moore_5545,test123,bob.moore5545@example.com,premium,US
charlie_anderson_5546,test123,charlie.anderson5546@example.com,premium,US
eva_miller_5547,test123,eva.miller5547@example.com,premium,US
grace_anderson_5548,test123,grace.anderson5548@example.com,standard,APAC
charlie_davis_5549,test123,charlie.davis5549@example.com,admin,US
henry_miller_5550,test123,henry.miller5550@example.com,premium,US
charlie_johnson_5551,test123,charlie.johnson5551@example.com,standard,US
alice_miller_5552,test123,alice.miller5552@example.com,standard,US
bob_miller_5553,test123,bob.miller5553@example.com,standard,US
eva_brown_5554,test123,eva.brown5554@example.com,standard,US
henry_johnson_5555,test123,henry.johnson5555@example.com,standard,EU
grace_thomas_5556,test123,grace.thomas5556@example.com,premium,APAC
eva_wilson_5557,test123,eva.wilson5557@example.com,standard,US
john_thomas_5558,test123,john.thomas5558@example.com,standard,US
diana_wilson_5559,test123,diana.wilson5559@example.com,standard,US
henry_brown_5560,test123,henry.brown5560@example.com,standard,US
grace_moore_5561,test123,grace.moore5561@example.com,standard,US
eva_moore_5562,test123,eva.moore5562@example.com,standard,US
charlie_davis_5563,test123,charlie.davis5563@example.com,standard,APAC
eva_johnson_5564,test123,eva.johnson5564@example.com,standard,US
alice_smith_5565,test123,alice.smith5565@example.com,standard,US
grace_taylor_5566,test123,grace.taylor5566@example.com,standard,US
grace_moore_5567,test123,grace.moore5567@example.com,standard,APAC
bob_smith_5568,test123,bob.smith5568@example.com,standard,APAC
charlie_smith_5569,test123,charlie.smith5569@example.com,standard,EU
alice_johnson_5570,test123,alice.johnson5570@example.com,premium,US
charlie_moore_5571,test123,charlie.moore5571@example.com,standard,EU
eva_smith_5572,test123,eva.smith5572@example.com,premium,EU
grace_brown_5573,test123,grace.brown5573@example.com,premium,APAC
henry_miller_5574,test123,henry.miller5574@example.com,standard,US
diana_taylor_5575,test123,diana.taylor5575@example.com,premium,EU
eva_thomas_5576,test123,eva.thomas5576@example.com,standard,US
frank_moore_5577,test123,frank.moore5577@example.com,standard,EU
john_thomas_5578,test123,john.thomas5578@example.com,standard,US
grace_wilson_5579,test123,grace.wilson5579@example.com,standard,US
henry_wilson_5580,test123,henry.wilson5580@example.com,standard,EU
eva_miller_5581,test123,eva.miller5581@example.com,standard,EU
frank_moore_5582,test123,frank.moore5582@example.com,standard,EU
henry_wilson_5583,test123,henry.wilson5583@example.com,standard,APAC
john_taylor_5584,test123,john.taylor5584@example.com,premium,US
alice_davis_5585,test123,alice.davis5585@example.com,standard,APAC
henry_moore_5586,test123,henry.moore5586@example.com,premium,US
grace_moore_5587,test123,grace.moore5587@example.com,premium,US
bob_anderson_5588,test123,bob.anderson5588@example.com,standard,APAC
frank_davis_5589,test123,frank.davis5589@example.com,standard,EU
alice_smith_5590,test123,alice.smith5590@example.com,standard,US
alice_moore_5591,test123,alice.moore5591@example.com,premium,US
frank_smith_5592,test123,frank.smith5592@example.com,standard,US
charlie_davis_5593,test123,charlie.davis5593@example.com,standard,US
jane_davis_5594,test123,jane.davis5594@example.com,standard,EU
jane_smith_5595,test123,jane.smith5595@example.com,standard,US
henry_taylor_5596,test123,henry.taylor5596@example.com,standard,US
henry_moore_5597,test123,henry.moore5597@example.com,standard,US
grace_brown_5598,test123,grace.brown5598@example.com,standard,EU
eva_brown_5599,test123,eva.brown5599@example.com,standard,US
eva_anderson_5600,test123,eva.anderson5600@example.com,standard,US
henry_taylor_5601,test123,henry.taylor5601@example.com,premium,US
frank_smith_5602,test123,frank.smith5602@example.com,standard,US
alice_brown_5603,test123,alice.brown5603@example.com,premium,APAC
henry_moore_5604,test123,henry.moore5604@example.com,premium,US
frank_davis_5605,test123,frank.davis5605@example.com,premium,APAC
frank_brown_5606,test123,frank.brown5606@example.com,standard,APAC
bob_taylor_5607,test123,bob.taylor5607@example.com,premium,APAC
alice_davis_5608,test123,alice.davis5608@example.com,standard,US
jane_davis_5609,test123,jane.davis5609@example.com,standard,APAC
john_anderson_5610,test123,john.anderson5610@example.com,premium,US
diana_moore_5611,test123,diana.moore5611@example.com,premium,EU
diana_taylor_5612,test123,diana.taylor5612@example.com,standard,APAC
henry_taylor_5613,test123,henry.taylor5613@example.com,standard,US
charlie_miller_5614,test123,charlie.miller5614@example.com,standard,EU
john_smith_5615,test123,john.smith5615@example.com,admin,US
henry_brown_5616,test123,henry.brown5616@example.com,standard,US
alice_johnson_5617,test123,alice.johnson5617@example.com,standard,US
frank_taylor_5618,test123,frank.taylor5618@example.com,standard,APAC
diana_thomas_5619,test123,diana.thomas5619@example.com,standard,US
frank_moore_5620,test123,frank.moore5620@example.com,standard,US
grace_moore_5621,test123,grace.moore5621@example.com,premium,US
charlie_anderson_5622,test123,charlie.anderson5622@example.com,standard,APAC
john_anderson_5623,test123,john.anderson5623@example.com,standard,US
henry_thomas_5624,test123,henry.thomas5624@example.com,standard,EU
eva_miller_5625,test123,eva.miller5625@example.com,standard,APAC
henry_johnson_5626,test123,henry.johnson5626@example.com,standard,US
alice_moore_5627,test123,alice.moore5627@example.com,standard,EU
charlie_thomas_5628,test123,charlie.thomas5628@example.com,standard,US
charlie_johnson_5629,test123,charlie.johnson5629@example.com,standard,APAC
bob_johnson_5630,test123,bob.johnson5630@example.com,standard,US
diana_smith_5631,test123,diana.smith5631@example.com,standard,EU
diana_moore_5632,test123,diana.moore5632@example.com,standard,US
grace_taylor_5633,test123,grace.taylor5633@example.com,premium,US
henry_brown_5634,test123,henry.brown5634@example.com,premium,EU
eva_johnson_5635,test123,eva.johnson5635@example.com,standard,US
grace_moore_5636,test123,grace.moore5636@example.com,standard,US
charlie_davis_5637,test123,charlie.davis5637@example.com,standard,US
eva_miller_5638,test123,eva.miller5638@example.com,standard,US
john_taylor_5639,test123,john.taylor5639@example.com,standard,US
bob_brown_5640,test123,bob.brown5640@example.com,standard,EU
henry_smith_5641,test123,henry.smith5641@example.com,standard,US
charlie_smith_5642,test123,charlie.smith5642@example.com,standard,US
frank_anderson_5643,test123,frank.anderson5643@example.com,standard,APAC
charlie_moore_5644,test123,charlie.moore5644@example.com,standard,US
frank_johnson_5645,test123,frank.johnson5645@example.com,standard,US
alice_miller_5646,test123,alice.miller5646@example.com,standard,US
alice_miller_5647,test123,alice.miller5647@example.com,premium,EU
alice_brown_5648,test123,alice.brown5648@example.com,standard,APAC
diana_moore_5649,test123,diana.moore5649@example.com,standard,EU
charlie_taylor_5650,test123,charlie.taylor5650@example.com,standard,APAC
jane_brown_5651,test123,jane.brown5651@example.com,standard,EU
frank_taylor_5652,test123,frank.taylor5652@example.com,standard,APAC
frank_moore_5653,test123,frank.moore5653@example.com,standard,EU
henry_smith_5654,test123,henry.smith5654@example.com,standard,US
henry_moore_5655,test123,henry.moore5655@example.com,standard,APAC
alice_davis_5656,test123,alice.davis5656@example.com,premium,EU
alice_moore_5657,test123,alice.moore5657@example.com,standard,EU
frank_taylor_5658,test123,frank.taylor5658@example.com,standard,US
eva_smith_5659,test123,eva.smith5659@example.com,standard,US
grace_johnson_5660,test123,grace.johnson5660@example.com,standard,EU
eva_thomas_5661,test123,eva.thomas5661@example.com,standard,EU
bob_wilson_5662,test123,bob.wilson5662@example.com,standard,APAC
charlie_thomas_5663,test123,charlie.thomas5663@example.com,standard,EU
john_wilson_5664,test123,john.wilson5664@example.com,admin,US
eva_smith_5665,test123,eva.smith5665@example.com,standard,APAC
frank_smith_5666,test123,frank.smith5666@example.com,standard,EU
john_taylor_5667,test123,john.taylor5667@example.com,standard,US
henry_johnson_5668,test123,henry.johnson5668@example.com,standard,US
grace_moore_5669,test123,grace.moore5669@example.com,premium,US
charlie_smith_5670,test123,charlie.smith5670@example.com,standard,EU
john_smith_5671,test123,john.smith5671@example.com,premium,US
grace_anderson_5672,test123,grace.anderson5672@example.com,standard,US
bob_taylor_5673,test123,bob.taylor5673@example.com,admin,EU
diana_davis_5674,test123,diana.davis5674@example.com,standard,APAC
john_moore_5675,test123,john.moore5675@example.com,standard,US
frank_davis_5676,test123,frank.davis5676@example.com,standard,US
alice_thomas_5677,test123,alice.thomas5677@example.com,standard,US
jane_thomas_5678,test123,jane.thomas5678@example.com,standard,APAC
eva_thomas_5679,test123,eva.thomas5679@example.com,standard,US
frank_johnson_5680,test123,frank.johnson5680@example.com,admin,US
eva_johnson_5681,test123,eva.johnson5681@example.com,standard,US
eva_brown_5682,test123,eva.brown5682@example.com,premium,US
alice_johnson_5683,test123,alice.johnson5683@example.com,standard,APAC
frank_anderson_5684,test123,frank.anderson5684@example.com,premium,US
john_miller_5685,test123,john.miller5685@example.com,premium,US
bob_davis_5686,test123,bob.davis5686@example.com,premium,US
bob_anderson_5687,test123,bob.anderson5687@example.com,standard,US
john_davis_5688,test123,john.davis5688@example.com,standard,EU
frank_davis_5689,test123,frank.davis5689@example.com,standard,US
grace_miller_5690,test123,grace.miller5690@example.com,premium,US
john_moore_5691,test123,john.moore5691@example.com,standard,US
alice_moore_5692,test123,alice.moore5692@example.com,standard,US
diana_davis_5693,test123,diana.davis5693@example.com,standard,US
john_johnson_5694,test123,john.johnson5694@example.com,premium,US
henry_anderson_5695,test123,henry.anderson5695@example.com,standard,EU
alice_johnson_5696,test123,alice.johnson5696@example.com,standard,US
diana_wilson_5697,test123,diana.wilson5697@example.com,premium,US
diana_anderson_5698,test123,diana.anderson5698@example.com,standard,EU
henry_thomas_5699,test123,henry.thomas5699@example.com,standard,US
eva_wilson_5700,test123,eva.wilson5700@example.com,standard,US
frank_davis_5701,test123,frank.davis5701@example.com,standard,US
diana_johnson_5702,test123,diana.johnson5702@example.com,premium,US
charlie_anderson_5703,test123,charlie.anderson5703@example.com,standard,US
eva_moore_5704,test123,eva.moore5704@example.com,standard,US
bob_miller_5705,test123,bob.miller5705@example.com,premium,US
eva_johnson_5706,test123,eva.johnson5706@example.com,standard,EU
grace_taylor_5707,test123,grace.taylor5707@example.com,premium,US
frank_miller_5708,test123,frank.miller5708@example.com,premium,APAC
alice_johnson_5709,test123,alice.johnson5709@example.com,standard,US
frank_brown_5710,test123,frank.brown5710@example.com,standard,US
jane_davis_5711,test123,jane.davis5711@example.com,standard,US
john_brown_5712,test123,john.brown5712@example.com,standard,US
john_miller_5713,test123,john.miller5713@example.com,standard,US
jane_johnson_5714,test123,jane.johnson5714@example.com,standard,EU
henry_davis_5715,test123,henry.davis5715@example.com,standard,EU
grace_wilson_5716,test123,grace.wilson5716@example.com,standard,US
eva_anderson_5717,test123,eva.anderson5717@example.com,premium,EU
eva_thomas_5718,test123,eva.thomas5718@example.com,premium,EU
frank_brown_5719,test123,frank.brown5719@example.com,premium,US
charlie_anderson_5720,test123,charlie.anderson5720@example.com,standard,US
john_thomas_5721,test123,john.thomas5721@example.com,standard,APAC
henry_brown_5722,test123,henry.brown5722@example.com,premium,US
diana_brown_5723,test123,diana.brown5723@example.com,premium,US
jane_anderson_5724,test123,jane.anderson5724@example.com,standard,US
john_johnson_5725,test123,john.johnson5725@example.com,standard,EU
john_taylor_5726,test123,john.taylor5726@example.com,premium,US
eva_wilson_5727,test123,eva.wilson5727@example.com,premium,US
john_moore_5728,test123,john.moore5728@example.com,premium,APAC
charlie_johnson_5729,test123,charlie.johnson5729@example.com,premium,US
eva_anderson_5730,test123,eva.anderson5730@example.com,standard,US
john_anderson_5731,test123,john.anderson5731@example.com,premium,US
frank_taylor_5732,test123,frank.taylor5732@example.com,standard,APAC
bob_moore_5733,test123,bob.moore5733@example.com,standard,US
eva_miller_5734,test123,eva.miller5734@example.com,standard,US
john_miller_5735,test123,john.miller5735@example.com,premium,US
frank_moore_5736,test123,frank.moore5736@example.com,standard,EU
jane_anderson_5737,test123,jane.anderson5737@example.com,standard,EU
john_smith_5738,test123,john.smith5738@example.com,premium,EU
alice_thomas_5739,test123,alice.thomas5739@example.com,standard,APAC
bob_taylor_5740,test123,bob.taylor5740@example.com,premium,EU
diana_anderson_5741,test123,diana.anderson5741@example.com,premium,US
charlie_anderson_5742,test123,charlie.anderson5742@example.com,standard,APAC
bob_miller_5743,test123,bob.miller5743@example.com,premium,US
alice_brown_5744,test123,alice.brown5744@example.com,standard,APAC
eva_moore_5745,test123,eva.moore5745@example.com,premium,EU
grace_brown_5746,test123,grace.brown5746@example.com,standard,APAC
john_anderson_5747,test123,john.anderson5747@example.com,standard,US
frank_taylor_5748,test123,frank.taylor5748@example.com,standard,EU
eva_smith_5749,test123,eva.smith5749@example.com,standard,APAC
eva_davis_5750,test123,eva.davis5750@example.com,standard,US
grace_davis_5751,test123,grace.davis5751@example.com,standard,US
jane_davis_5752,test123,jane.davis5752@example.com,standard,US
grace_wilson_5753,test123,grace.wilson5753@example.com,standard,US
bob_wilson_5754,test123,bob.wilson5754@example.com,standard,US
alice_wilson_5755,test123,alice.wilson5755@example.com,standard,US
frank_johnson_5756,test123,frank.johnson5756@example.com,standard,EU
bob_johnson_5757,test123,bob.johnson5757@example.com,premium,US
frank_smith_5758,test123,frank.smith5758@example.com,standard,APAC
john_miller_5759,test123,john.miller5759@example.com,premium,US
bob_johnson_5760,test123,bob.johnson5760@example.com,standard,APAC
henry_wilson_5761,test123,henry.wilson5761@example.com,admin,EU
grace_anderson_5762,test123,grace.anderson5762@example.com,standard,US
bob_wilson_5763,test123,bob.wilson5763@example.com,standard,APAC
bob_taylor_5764,test123,bob.taylor5764@example.com,premium,US
alice_wilson_5765,test123,alice.wilson5765@example.com,premium,EU
john_smith_5766,test123,john.smith5766@example.com,premium,APAC
john_brown_5767,test123,john.brown5767@example.com,standard,EU
john_wilson_5768,test123,john.wilson5768@example.com,standard,US
eva_thomas_5769,test123,eva.thomas5769@example.com,standard,US
henry_brown_5770,test123,henry.brown5770@example.com,standard,EU
bob_brown_5771,test123,bob.brown5771@example.com,standard,US
eva_brown_5772,test123,eva.brown5772@example.com,standard,US
diana_smith_5773,test123,diana.smith5773@example.com,standard,APAC
diana_wilson_5774,test123,diana.wilson5774@example.com,standard,US
charlie_smith_5775,test123,charlie.smith5775@example.com,standard,US
charlie_miller_5776,test123,charlie.miller5776@example.com,standard,US
john_anderson_5777,test123,john.anderson5777@example.com,premium,US
jane_anderson_5778,test123,jane.anderson5778@example.com,premium,APAC
diana_brown_5779,test123,diana.brown5779@example.com,standard,US
grace_wilson_5780,test123,grace.wilson5780@example.com,standard,US
eva_wilson_5781,test123,eva.wilson5781@example.com,admin,US
grace_moore_5782,test123,grace.moore5782@example.com,premium,APAC
jane_johnson_5783,test123,jane.johnson5783@example.com,standard,EU
charlie_wilson_5784,test123,charlie.wilson5784@example.com,premium,US
diana_davis_5785,test123,diana.davis5785@example.com,standard,EU
charlie_wilson_5786,test123,charlie.wilson5786@example.com,standard,EU
grace_moore_5787,test123,grace.moore5787@example.com,standard,EU
charlie_anderson_5788,test123,charlie.anderson5788@example.com,standard,EU
alice_smith_5789,test123,alice.smith5789@example.com,standard,EU
eva_thomas_5790,test123,eva.thomas5790@example.com,standard,US
henry_moore_5791,test123,henry.moore5791@example.com,standard,US
jane_johnson_5792,test123,jane.johnson5792@example.com,standard,EU
jane_miller_5793,test123,jane.miller5793@example.com,premium,US
bob_smith_5794,test123,bob.smith5794@example.com,standard,US
bob_taylor_5795,test123,bob.taylor5795@example.com,premium,APAC
diana_anderson_5796,test123,diana.anderson5796@example.com,premium,APAC
grace_anderson_5797,test123,grace.anderson5797@example.com,premium,APAC
alice_thomas_5798,test123,alice.thomas5798@example.com,standard,EU
alice_johnson_5799,test123,alice.johnson5799@example.com,standard,EU
grace_wilson_5800,test123,grace.wilson5800@example.com,premium,US
eva_davis_5801,test123,eva.davis5801@example.com,standard,US
eva_davis_5802,test123,eva.davis5802@example.com,premium,APAC
alice_davis_5803,test123,alice.davis5803@example.com,premium,US
alice_miller_5804,test123,alice.miller5804@example.com,premium,US
frank_brown_5805,test123,frank.brown5805@example.com,standard,US
bob_johnson_5806,test123,bob.johnson5806@example.com,standard,US
alice_davis_5807,test123,alice.davis5807@example.com,standard,APAC
eva_taylor_5808,test123,eva.taylor5808@example.com,admin,US
grace_wilson_5809,test123,grace.wilson5809@example.com,standard,EU
charlie_thomas_5810,test123,charlie.thomas5810@example.com,standard,US
jane_miller_5811,test123,jane.miller5811@example.com,premium,US
grace_wilson_5812,test123,grace.wilson5812@example.com,premium,APAC
john_moore_5813,test123,john.moore5813@example.com,standard,US
eva_moore_5814,test123,eva.moore5814@example.com,standard,US
jane_anderson_5815,test123,jane.anderson5815@example.com,premium,EU
eva_moore_5816,test123,eva.moore5816@example.com,standard,APAC
diana_smith_5817,test123,diana.smith5817@example.com,standard,US
eva_wilson_5818,test123,eva.wilson5818@example.com,admin,EU
grace_johnson_5819,test123,grace.johnson5819@example.com,standard,US
henry_anderson_5820,test123,henry.anderson5820@example.com,premium,EU
henry_smith_5821,test123,henry.smith5821@example.com,premium,EU
jane_miller_5822,test123,jane.miller5822@example.com,premium,APAC
grace_anderson_5823,test123,grace.anderson5823@example.com,admin,US
jane_brown_5824,test123,jane.brown5824@example.com,standard,US
charlie_anderson_5825,test123,charlie.anderson5825@example.com,standard,US
diana_thomas_5826,test123,diana.thomas5826@example.com,premium,US
grace_miller_5827,test123,grace.miller5827@example.com,standard,US
charlie_wilson_5828,test123,charlie.wilson5828@example.com,standard,US
john_johnson_5829,test123,john.johnson5829@example.com,admin,EU
charlie_taylor_5830,test123,charlie.taylor5830@example.com,premium,US
jane_davis_5831,test123,jane.davis5831@example.com,premium,US
bob_thomas_5832,test123,bob.thomas5832@example.com,standard,EU
henry_davis_5833,test123,henry.davis5833@example.com,premium,US
john_smith_5834,test123,john.smith5834@example.com,standard,EU
grace_moore_5835,test123,grace.moore5835@example.com,standard,APAC
grace_brown_5836,test123,grace.brown5836@example.com,premium,US
jane_moore_5837,test123,jane.moore5837@example.com,standard,EU
henry_smith_5838,test123,henry.smith5838@example.com,standard,EU
alice_moore_5839,test123,alice.moore5839@example.com,standard,US
jane_brown_5840,test123,jane.brown5840@example.com,standard,US
eva_johnson_5841,test123,eva.johnson5841@example.com,standard,US
frank_brown_5842,test123,frank.brown5842@example.com,premium,US
diana_johnson_5843,test123,diana.johnson5843@example.com,standard,EU
alice_davis_5844,test123,alice.davis5844@example.com,premium,US
frank_anderson_5845,test123,frank.anderson5845@example.com,standard,EU
charlie_davis_5846,test123,charlie.davis5846@example.com,standard,US
alice_anderson_5847,test123,alice.anderson5847@example.com,premium,EU
alice_miller_5848,test123,alice.miller5848@example.com,standard,US
henry_taylor_5849,test123,henry.taylor5849@example.com,standard,US
diana_miller_5850,test123,diana.miller5850@example.com,standard,US
frank_smith_5851,test123,frank.smith5851@example.com,admin,APAC
diana_johnson_5852,test123,diana.johnson5852@example.com,premium,US
charlie_miller_5853,test123,charlie.miller5853@example.com,premium,US
grace_brown_5854,test123,grace.brown5854@example.com,standard,US
charlie_davis_5855,test123,charlie.davis5855@example.com,standard,US
eva_brown_5856,test123,eva.brown5856@example.com,premium,EU
alice_moore_5857,test123,alice.moore5857@example.com,standard,US
diana_thomas_5858,test123,diana.thomas5858@example.com,standard,EU
bob_miller_5859,test123,bob.miller5859@example.com,standard,EU
charlie_thomas_5860,test123,charlie.thomas5860@example.com,standard,EU
grace_wilson_5861,test123,grace.wilson5861@example.com,premium,US
diana_wilson_5862,test123,diana.wilson5862@example.com,standard,US
grace_anderson_5863,test123,grace.anderson5863@example.com,standard,US
alice_thomas_5864,test123,alice.thomas5864@example.com,standard,US
henry_johnson_5865,test123,henry.johnson5865@example.com,standard,US
charlie_brown_5866,test123,charlie.brown5866@example.com,premium,EU
jane_johnson_5867,test123,jane.johnson5867@example.com,premium,EU
frank_anderson_5868,test123,frank.anderson5868@example.com,standard,EU
henry_smith_5869,test123,henry.smith5869@example.com,standard,EU
eva_miller_5870,test123,eva.miller5870@example.com,standard,EU
bob_thomas_5871,test123,bob.thomas5871@example.com,standard,US
alice_moore_5872,test123,alice.moore5872@example.com,standard,US
alice_taylor_5873,test123,alice.taylor5873@example.com,premium,US
john_smith_5874,test123,john.smith5874@example.com,standard,US
frank_thomas_5875,test123,frank.thomas5875@example.com,premium,APAC
jane_miller_5876,test123,jane.miller5876@example.com,standard,EU
charlie_moore_5877,test123,charlie.moore5877@example.com,standard,US
henry_davis_5878,test123,henry.davis5878@example.com,standard,US
charlie_davis_5879,test123,charlie.davis5879@example.com,standard,APAC
frank_anderson_5880,test123,frank.anderson5880@example.com,standard,US
grace_moore_5881,test123,grace.moore5881@example.com,standard,US
jane_miller_5882,test123,jane.miller5882@example.com,standard,US
charlie_smith_5883,test123,charlie.smith5883@example.com,standard,US
john_thomas_5884,test123,john.thomas5884@example.com,standard,US
henry_wilson_5885,test123,henry.wilson5885@example.com,standard,US
alice_wilson_5886,test123,alice.wilson5886@example.com,standard,US
jane_davis_5887,test123,jane.davis5887@example.com,premium,US
bob_smith_5888,test123,bob.smith5888@example.com,standard,EU
john_moore_5889,test123,john.moore5889@example.com,standard,APAC
jane_taylor_5890,test123,jane.taylor5890@example.com,standard,EU
frank_davis_5891,test123,frank.davis5891@example.com,premium,US
diana_johnson_5892,test123,diana.johnson5892@example.com,standard,US
bob_brown_5893,test123,bob.brown5893@example.com,standard,US
diana_moore_5894,test123,diana.moore5894@example.com,standard,US
henry_smith_5895,test123,henry.smith5895@example.com,premium,US
diana_taylor_5896,test123,diana.taylor5896@example.com,premium,APAC
jane_smith_5897,test123,jane.smith5897@example.com,standard,US
jane_miller_5898,test123,jane.miller5898@example.com,standard,EU
alice_miller_5899,test123,alice.miller5899@example.com,premium,APAC
frank_anderson_5900,test123,frank.anderson5900@example.com,standard,APAC
john_brown_5901,test123,john.brown5901@example.com,standard,US
bob_brown_5902,test123,bob.brown5902@example.com,standard,APAC
jane_johnson_5903,test123,jane.johnson5903@example.com,standard,US
henry_wilson_5904,test123,henry.wilson5904@example.com,standard,EU
frank_smith_5905,test123,frank.smith5905@example.com,standard,APAC
eva_brown_5906,test123,eva.brown5906@example.com,standard,US
henry_anderson_5907,test123,henry.anderson5907@example.com,premium,APAC
diana_smith_5908,test123,diana.smith5908@example.com,standard,EU
john_miller_5909,test123,john.miller5909@example.com,premium,EU
henry_davis_5910,test123,henry.davis5910@example.com,premium,US
jane_moore_5911,test123,jane.moore5911@example.com,premium,US
henry_taylor_5912,test123,henry.taylor5912@example.com,premium,APAC
eva_smith_5913,test123,eva.smith5913@example.com,premium,EU
henry_miller_5914,test123,henry.miller5914@example.com,admin,US
charlie_thomas_5915,test123,charlie.thomas5915@example.com,standard,US
alice_moore_5916,test123,alice.moore5916@example.com,standard,US
john_johnson_5917,test123,john.johnson5917@example.com,standard,APAC
eva_johnson_5918,test123,eva.johnson5918@example.com,standard,APAC
eva_smith_5919,test123,eva.smith5919@example.com,standard,APAC
grace_johnson_5920,test123,grace.johnson5920@example.com,standard,US
frank_anderson_5921,test123,frank.anderson5921@example.com,standard,US
john_johnson_5922,test123,john.johnson5922@example.com,premium,APAC
alice_anderson_5923,test123,alice.anderson5923@example.com,admin,APAC
grace_wilson_5924,test123,grace.wilson5924@example.com,standard,US
jane_davis_5925,test123,jane.davis5925@example.com,premium,EU
bob_taylor_5926,test123,bob.taylor5926@example.com,premium,US
grace_smith_5927,test123,grace.smith5927@example.com,standard,EU
henry_wilson_5928,test123,henry.wilson5928@example.com,standard,US
eva_anderson_5929,test123,eva.anderson5929@example.com,standard,EU
alice_brown_5930,test123,alice.brown5930@example.com,standard,US
jane_wilson_5931,test123,jane.wilson5931@example.com,premium,APAC
jane_thomas_5932,test123,jane.thomas5932@example.com,standard,US
bob_moore_5933,test123,bob.moore5933@example.com,premium,APAC
frank_anderson_5934,test123,frank.anderson5934@example.com,standard,EU
grace_anderson_5935,test123,grace.anderson5935@example.com,standard,US
jane_thomas_5936,test123,jane.thomas5936@example.com,premium,US
grace_brown_5937,test123,grace.brown5937@example.com,standard,US
frank_wilson_5938,test123,frank.wilson5938@example.com,standard,US
bob_brown_5939,test123,bob.brown5939@example.com,standard,US
frank_miller_5940,test123,frank.miller5940@example.com,standard,EU
henry_anderson_5941,test123,henry.anderson5941@example.com,standard,US
alice_taylor_5942,test123,alice.taylor5942@example.com,standard,APAC
grace_wilson_5943,test123,grace.wilson5943@example.com,standard,EU
jane_moore_5944,test123,jane.moore5944@example.com,premium,US
bob_brown_5945,test123,bob.brown5945@example.com,standard,US
jane_smith_5946,test123,jane.smith5946@example.com,premium,APAC
eva_johnson_5947,test123,eva.johnson5947@example.com,standard,APAC
frank_smith_5948,test123,frank.smith5948@example.com,standard,US
eva_davis_5949,test123,eva.davis5949@example.com,standard,US
charlie_davis_5950,test123,charlie.davis5950@example.com,standard,US
jane_anderson_5951,test123,jane.anderson5951@example.com,standard,EU
henry_brown_5952,test123,henry.brown5952@example.com,standard,US
bob_davis_5953,test123,bob.davis5953@example.com,standard,US
john_johnson_5954,test123,john.johnson5954@example.com,standard,US
henry_thomas_5955,test123,henry.thomas5955@example.com,standard,US
eva_brown_5956,test123,eva.brown5956@example.com,admin,APAC
bob_smith_5957,test123,bob.smith5957@example.com,standard,US
eva_davis_5958,test123,eva.davis5958@example.com,standard,US
alice_smith_5959,test123,alice.smith5959@example.com,standard,US
diana_anderson_5960,test123,diana.anderson5960@example.com,standard,US
eva_wilson_5961,test123,eva.wilson5961@example.com,premium,US
jane_brown_5962,test123,jane.brown5962@example.com,standard,US
henry_smith_5963,test123,henry.smith5963@example.com,standard,APAC
jane_miller_5964,test123,jane.miller5964@example.com,standard,EU
grace_johnson_5965,test123,grace.johnson5965@example.com,standard,EU
frank_moore_5966,test123,frank.moore5966@example.com,standard,APAC
henry_anderson_5967,test123,henry.anderson5967@example.com,standard,APAC
eva_brown_5968,test123,eva.brown5968@example.com,premium,US
grace_smith_5969,test123,grace.smith5969@example.com,standard,APAC
frank_davis_5970,test123,frank.davis5970@example.com,standard,EU
john_miller_5971,test123,john.miller5971@example.com,admin,US
john_taylor_5972,test123,john.taylor5972@example.com,standard,EU
frank_anderson_5973,test123,frank.anderson5973@example.com,standard,US
eva_taylor_5974,test123,eva.taylor5974@example.com,premium,US
jane_miller_5975,test123,jane.miller5975@example.com,standard,APAC
frank_johnson_5976,test123,frank.johnson5976@example.com,standard,US
frank_johnson_5977,test123,frank.johnson5977@example.com,standard,US
diana_miller_5978,test123,diana.miller5978@example.com,standard,US
diana_wilson_5979,test123,diana.wilson5979@example.com,premium,APAC
henry_davis_5980,test123,henry.davis5980@example.com,standard,EU
charlie_wilson_5981,test123,charlie.wilson5981@example.com,standard,US
frank_brown_5982,test123,frank.brown5982@example.com,premium,EU
henry_smith_5983,test123,henry.smith5983@example.com,standard,US
jane_davis_5984,test123,jane.davis5984@example.com,standard,US
bob_brown_5985,test123,bob.brown5985@example.com,standard,EU
bob_johnson_5986,test123,bob.johnson5986@example.com,standard,US
frank_davis_5987,test123,frank.davis5987@example.com,standard,APAC
alice_davis_5988,test123,alice.davis5988@example.com,premium,APAC
grace_johnson_5989,test123,grace.johnson5989@example.com,standard,EU
diana_thomas_5990,test123,diana.thomas5990@example.com,standard,US
eva_smith_5991,test123,eva.smith5991@example.com,standard,US
bob_taylor_5992,test123,bob.taylor5992@example.com,standard,US
diana_johnson_5993,test123,diana.johnson5993@example.com,standard,US
john_johnson_5994,test123,john.johnson5994@example.com,premium,US
eva_wilson_5995,test123,eva.wilson5995@example.com,premium,EU
john_anderson_5996,test123,john.anderson5996@example.com,admin,EU
bob_brown_5997,test123,bob.brown5997@example.com,standard,US
grace_miller_5998,test123,grace.miller5998@example.com,standard,US
henry_moore_5999,test123,henry.moore5999@example.com,standard,EU
charlie_smith_6000,test123,charlie.smith6000@example.com,premium,APAC
grace_johnson_6001,test123,grace.johnson6001@example.com,standard,US
frank_anderson_6002,test123,frank.anderson6002@example.com,premium,US
alice_anderson_6003,test123,alice.anderson6003@example.com,premium,APAC
diana_anderson_6004,test123,diana.anderson6004@example.com,premium,US
diana_anderson_6005,test123,diana.anderson6005@example.com,standard,US
henry_moore_6006,test123,henry.moore6006@example.com,standard,EU
john_brown_6007,test123,john.brown6007@example.com,standard,EU
eva_taylor_6008,test123,eva.taylor6008@example.com,standard,US
jane_smith_6009,test123,jane.smith6009@example.com,standard,US
jane_taylor_6010,test123,jane.taylor6010@example.com,premium,US
alice_smith_6011,test123,alice.smith6011@example.com,standard,US
eva_moore_6012,test123,eva.moore6012@example.com,standard,EU
diana_moore_6013,test123,diana.moore6013@example.com,premium,US
john_miller_6014,test123,john.miller6014@example.com,standard,US
alice_moore_6015,test123,alice.moore6015@example.com,standard,US
diana_anderson_6016,test123,diana.anderson6016@example.com,standard,APAC
grace_johnson_6017,test123,grace.johnson6017@example.com,standard,US
bob_anderson_6018,test123,bob.anderson6018@example.com,standard,US
diana_smith_6019,test123,diana.smith6019@example.com,standard,EU
diana_davis_6020,test123,diana.davis6020@example.com,standard,EU
grace_davis_6021,test123,grace.davis6021@example.com,standard,US
john_taylor_6022,test123,john.taylor6022@example.com,premium,US
charlie_moore_6023,test123,charlie.moore6023@example.com,standard,EU
henry_miller_6024,test123,henry.miller6024@example.com,standard,EU
eva_johnson_6025,test123,eva.johnson6025@example.com,standard,US
eva_taylor_6026,test123,eva.taylor6026@example.com,standard,US
henry_moore_6027,test123,henry.moore6027@example.com,premium,EU
john_johnson_6028,test123,john.johnson6028@example.com,standard,US
frank_johnson_6029,test123,frank.johnson6029@example.com,standard,EU
jane_anderson_6030,test123,jane.anderson6030@example.com,standard,US
bob_smith_6031,test123,bob.smith6031@example.com,premium,APAC
john_moore_6032,test123,john.moore6032@example.com,standard,EU
eva_johnson_6033,test123,eva.johnson6033@example.com,standard,APAC
frank_brown_6034,test123,frank.brown6034@example.com,standard,EU
grace_brown_6035,test123,grace.brown6035@example.com,standard,US
eva_thomas_6036,test123,eva.thomas6036@example.com,standard,US
diana_brown_6037,test123,diana.brown6037@example.com,standard,US
jane_davis_6038,test123,jane.davis6038@example.com,admin,EU
grace_davis_6039,test123,grace.davis6039@example.com,premium,EU
frank_smith_6040,test123,frank.smith6040@example.com,standard,US
henry_miller_6041,test123,henry.miller6041@example.com,premium,EU
jane_moore_6042,test123,jane.moore6042@example.com,standard,US
john_anderson_6043,test123,john.anderson6043@example.com,premium,US
henry_brown_6044,test123,henry.brown6044@example.com,standard,US
bob_wilson_6045,test123,bob.wilson6045@example.com,premium,US
frank_thomas_6046,test123,frank.thomas6046@example.com,admin,US
henry_davis_6047,test123,henry.davis6047@example.com,premium,EU
alice_thomas_6048,test123,alice.thomas6048@example.com,premium,EU
jane_brown_6049,test123,jane.brown6049@example.com,standard,US
henry_johnson_6050,test123,henry.johnson6050@example.com,standard,US
grace_taylor_6051,test123,grace.taylor6051@example.com,standard,APAC
john_davis_6052,test123,john.davis6052@example.com,standard,US
diana_moore_6053,test123,diana.moore6053@example.com,standard,APAC
jane_wilson_6054,test123,jane.wilson6054@example.com,premium,US
eva_johnson_6055,test123,eva.johnson6055@example.com,standard,EU
alice_johnson_6056,test123,alice.johnson6056@example.com,standard,US
charlie_miller_6057,test123,charlie.miller6057@example.com,standard,EU
charlie_thomas_6058,test123,charlie.thomas6058@example.com,standard,EU
charlie_thomas_6059,test123,charlie.thomas6059@example.com,standard,EU
henry_anderson_6060,test123,henry.anderson6060@example.com,standard,APAC
diana_brown_6061,test123,diana.brown6061@example.com,standard,US
bob_johnson_6062,test123,bob.johnson6062@example.com,standard,EU
diana_wilson_6063,test123,diana.wilson6063@example.com,standard,US
frank_wilson_6064,test123,frank.wilson6064@example.com,standard,EU
john_davis_6065,test123,john.davis6065@example.com,standard,EU
john_thomas_6066,test123,john.thomas6066@example.com,premium,US
henry_thomas_6067,test123,henry.thomas6067@example.com,standard,US
bob_thomas_6068,test123,bob.thomas6068@example.com,standard,US
diana_johnson_6069,test123,diana.johnson6069@example.com,standard,EU
henry_moore_6070,test123,henry.moore6070@example.com,premium,US
grace_brown_6071,test123,grace.brown6071@example.com,standard,EU
jane_brown_6072,test123,jane.brown6072@example.com,premium,US
john_miller_6073,test123,john.miller6073@example.com,premium,US
john_miller_6074,test123,john.miller6074@example.com,standard,EU
henry_miller_6075,test123,henry.miller6075@example.com,standard,US
henry_johnson_6076,test123,henry.johnson6076@example.com,standard,APAC
alice_taylor_6077,test123,alice.taylor6077@example.com,standard,US
alice_davis_6078,test123,alice.davis6078@example.com,standard,US
eva_davis_6079,test123,eva.davis6079@example.com,standard,US
eva_davis_6080,test123,eva.davis6080@example.com,standard,EU
alice_brown_6081,test123,alice.brown6081@example.com,standard,EU
grace_anderson_6082,test123,grace.anderson6082@example.com,standard,US
bob_moore_6083,test123,bob.moore6083@example.com,standard,US
eva_johnson_6084,test123,eva.johnson6084@example.com,premium,US
eva_wilson_6085,test123,eva.wilson6085@example.com,standard,US
grace_taylor_6086,test123,grace.taylor6086@example.com,admin,US
john_smith_6087,test123,john.smith6087@example.com,premium,US
frank_johnson_6088,test123,frank.johnson6088@example.com,standard,US
diana_wilson_6089,test123,diana.wilson6089@example.com,standard,US
charlie_taylor_6090,test123,charlie.taylor6090@example.com,standard,EU
eva_brown_6091,test123,eva.brown6091@example.com,standard,US
charlie_anderson_6092,test123,charlie.anderson6092@example.com,standard,US
grace_miller_6093,test123,grace.miller6093@example.com,standard,US
henry_wilson_6094,test123,henry.wilson6094@example.com,standard,US
charlie_johnson_6095,test123,charlie.johnson6095@example.com,standard,EU
bob_smith_6096,test123,bob.smith6096@example.com,standard,US
diana_thomas_6097,test123,diana.thomas6097@example.com,standard,APAC
bob_anderson_6098,test123,bob.anderson6098@example.com,premium,US
grace_johnson_6099,test123,grace.johnson6099@example.com,standard,US
diana_davis_6100,test123,diana.davis6100@example.com,standard,EU
jane_brown_6101,test123,jane.brown6101@example.com,standard,US
alice_johnson_6102,test123,alice.johnson6102@example.com,standard,US
diana_anderson_6103,test123,diana.anderson6103@example.com,standard,APAC
john_wilson_6104,test123,john.wilson6104@example.com,premium,US
henry_anderson_6105,test123,henry.anderson6105@example.com,standard,US
frank_thomas_6106,test123,frank.thomas6106@example.com,premium,US
frank_moore_6107,test123,frank.moore6107@example.com,standard,US
jane_davis_6108,test123,jane.davis6108@example.com,standard,US
eva_taylor_6109,test123,eva.taylor6109@example.com,standard,EU
jane_wilson_6110,test123,jane.wilson6110@example.com,admin,EU
grace_anderson_6111,test123,grace.anderson6111@example.com,premium,US
jane_johnson_6112,test123,jane.johnson6112@example.com,standard,APAC
alice_anderson_6113,test123,alice.anderson6113@example.com,standard,US
charlie_smith_6114,test123,charlie.smith6114@example.com,standard,US
henry_thomas_6115,test123,henry.thomas6115@example.com,standard,EU
eva_davis_6116,test123,eva.davis6116@example.com,standard,US
jane_johnson_6117,test123,jane.johnson6117@example.com,premium,US
jane_brown_6118,test123,jane.brown6118@example.com,standard,APAC
diana_taylor_6119,test123,diana.taylor6119@example.com,standard,US
henry_anderson_6120,test123,henry.anderson6120@example.com,premium,US
henry_johnson_6121,test123,henry.johnson6121@example.com,standard,US
frank_anderson_6122,test123,frank.anderson6122@example.com,standard,US
henry_wilson_6123,test123,henry.wilson6123@example.com,standard,EU
bob_davis_6124,test123,bob.davis6124@example.com,standard,APAC
grace_thomas_6125,test123,grace.thomas6125@example.com,standard,EU
alice_johnson_6126,test123,alice.johnson6126@example.com,standard,US
jane_smith_6127,test123,jane.smith6127@example.com,premium,US
eva_thomas_6128,test123,eva.thomas6128@example.com,standard,US
henry_moore_6129,test123,henry.moore6129@example.com,admin,US
henry_smith_6130,test123,henry.smith6130@example.com,premium,EU
diana_wilson_6131,test123,diana.wilson6131@example.com,premium,APAC
alice_moore_6132,test123,alice.moore6132@example.com,standard,US
frank_taylor_6133,test123,frank.taylor6133@example.com,standard,US
charlie_brown_6134,test123,charlie.brown6134@example.com,standard,US
diana_johnson_6135,test123,diana.johnson6135@example.com,premium,US
alice_miller_6136,test123,alice.miller6136@example.com,premium,US
eva_miller_6137,test123,eva.miller6137@example.com,premium,US
grace_johnson_6138,test123,grace.johnson6138@example.com,premium,APAC
charlie_miller_6139,test123,charlie.miller6139@example.com,standard,US
alice_miller_6140,test123,alice.miller6140@example.com,standard,APAC
henry_anderson_6141,test123,henry.anderson6141@example.com,standard,US
frank_davis_6142,test123,frank.davis6142@example.com,standard,US
charlie_moore_6143,test123,charlie.moore6143@example.com,standard,US
bob_miller_6144,test123,bob.miller6144@example.com,standard,APAC
frank_taylor_6145,test123,frank.taylor6145@example.com,standard,US
charlie_wilson_6146,test123,charlie.wilson6146@example.com,standard,US
grace_taylor_6147,test123,grace.taylor6147@example.com,premium,APAC
grace_smith_6148,test123,grace.smith6148@example.com,standard,US
henry_moore_6149,test123,henry.moore6149@example.com,premium,EU
eva_brown_6150,test123,eva.brown6150@example.com,standard,APAC
henry_smith_6151,test123,henry.smith6151@example.com,premium,US
diana_moore_6152,test123,diana.moore6152@example.com,premium,US
alice_thomas_6153,test123,alice.thomas6153@example.com,standard,US
eva_taylor_6154,test123,eva.taylor6154@example.com,standard,US
diana_wilson_6155,test123,diana.wilson6155@example.com,standard,US
alice_smith_6156,test123,alice.smith6156@example.com,premium,APAC
charlie_smith_6157,test123,charlie.smith6157@example.com,standard,US
bob_brown_6158,test123,bob.brown6158@example.com,standard,EU
eva_anderson_6159,test123,eva.anderson6159@example.com,standard,EU
henry_smith_6160,test123,henry.smith6160@example.com,admin,EU
bob_johnson_6161,test123,bob.johnson6161@example.com,standard,US
eva_anderson_6162,test123,eva.anderson6162@example.com,standard,US
jane_moore_6163,test123,jane.moore6163@example.com,standard,EU
diana_miller_6164,test123,diana.miller6164@example.com,premium,EU
bob_smith_6165,test123,bob.smith6165@example.com,premium,EU
alice_moore_6166,test123,alice.moore6166@example.com,standard,US
henry_miller_6167,test123,henry.miller6167@example.com,standard,APAC
alice_smith_6168,test123,alice.smith6168@example.com,standard,US
john_davis_6169,test123,john.davis6169@example.com,standard,EU
frank_anderson_6170,test123,frank.anderson6170@example.com,standard,US
henry_davis_6171,test123,henry.davis6171@example.com,standard,US
john_moore_6172,test123,john.moore6172@example.com,standard,EU
frank_anderson_6173,test123,frank.anderson6173@example.com,premium,APAC
grace_moore_6174,test123,grace.moore6174@example.com,standard,EU
john_johnson_6175,test123,john.johnson6175@example.com,standard,EU
grace_johnson_6176,test123,grace.johnson6176@example.com,standard,EU
diana_anderson_6177,test123,diana.anderson6177@example.com,premium,US
frank_thomas_6178,test123,frank.thomas6178@example.com,premium,US
diana_wilson_6179,test123,diana.wilson6179@example.com,premium,US
eva_moore_6180,test123,eva.moore6180@example.com,standard,US
bob_smith_6181,test123,bob.smith6181@example.com,premium,US
diana_anderson_6182,test123,diana.anderson6182@example.com,standard,US
frank_smith_6183,test123,frank.smith6183@example.com,standard,US
frank_davis_6184,test123,frank.davis6184@example.com,standard,APAC
diana_wilson_6185,test123,diana.wilson6185@example.com,standard,US
grace_davis_6186,test123,grace.davis6186@example.com,standard,EU
henry_taylor_6187,test123,henry.taylor6187@example.com,premium,APAC
henry_moore_6188,test123,henry.moore6188@example.com,admin,APAC
john_davis_6189,test123,john.davis6189@example.com,premium,US
bob_miller_6190,test123,bob.miller6190@example.com,standard,US
john_thomas_6191,test123,john.thomas6191@example.com,standard,US
grace_johnson_6192,test123,grace.johnson6192@example.com,standard,US
henry_davis_6193,test123,henry.davis6193@example.com,standard,US
bob_davis_6194,test123,bob.davis6194@example.com,admin,US
henry_johnson_6195,test123,henry.johnson6195@example.com,standard,US
diana_davis_6196,test123,diana.davis6196@example.com,premium,EU
grace_miller_6197,test123,grace.miller6197@example.com,admin,US
alice_wilson_6198,test123,alice.wilson6198@example.com,premium,US
eva_miller_6199,test123,eva.miller6199@example.com,standard,US
henry_brown_6200,test123,henry.brown6200@example.com,standard,US
jane_wilson_6201,test123,jane.wilson6201@example.com,standard,APAC
alice_anderson_6202,test123,alice.anderson6202@example.com,standard,EU
frank_johnson_6203,test123,frank.johnson6203@example.com,premium,US
frank_anderson_6204,test123,frank.anderson6204@example.com,standard,US
john_davis_6205,test123,john.davis6205@example.com,standard,EU
charlie_johnson_6206,test123,charlie.johnson6206@example.com,standard,US
john_thomas_6207,test123,john.thomas6207@example.com,standard,APAC
henry_johnson_6208,test123,henry.johnson6208@example.com,standard,EU
alice_wilson_6209,test123,alice.wilson6209@example.com,standard,US
henry_miller_6210,test123,henry.miller6210@example.com,standard,US
bob_wilson_6211,test123,bob.wilson6211@example.com,standard,US
frank_johnson_6212,test123,frank.johnson6212@example.com,standard,US
diana_moore_6213,test123,diana.moore6213@example.com,standard,EU
frank_anderson_6214,test123,frank.anderson6214@example.com,standard,APAC
henry_thomas_6215,test123,henry.thomas6215@example.com,standard,APAC
grace_brown_6216,test123,grace.brown6216@example.com,standard,APAC
jane_taylor_6217,test123,jane.taylor6217@example.com,standard,APAC
eva_johnson_6218,test123,eva.johnson6218@example.com,admin,APAC
alice_brown_6219,test123,alice.brown6219@example.com,standard,US
john_anderson_6220,test123,john.anderson6220@example.com,standard,US
bob_thomas_6221,test123,bob.thomas6221@example.com,standard,US
diana_brown_6222,test123,diana.brown6222@example.com,standard,APAC
grace_anderson_6223,test123,grace.anderson6223@example.com,standard,APAC
alice_smith_6224,test123,alice.smith6224@example.com,standard,US
eva_miller_6225,test123,eva.miller6225@example.com,standard,US
bob_thomas_6226,test123,bob.thomas6226@example.com,standard,US
jane_brown_6227,test123,jane.brown6227@example.com,standard,US
grace_anderson_6228,test123,grace.anderson6228@example.com,standard,US
eva_johnson_6229,test123,eva.johnson6229@example.com,standard,EU
charlie_johnson_6230,test123,charlie.johnson6230@example.com,premium,US
alice_davis_6231,test123,alice.davis6231@example.com,standard,US
henry_davis_6232,test123,henry.davis6232@example.com,standard,US
bob_moore_6233,test123,bob.moore6233@example.com,standard,US
frank_thomas_6234,test123,frank.thomas6234@example.com,standard,US
frank_anderson_6235,test123,frank.anderson6235@example.com,premium,APAC
bob_anderson_6236,test123,bob.anderson6236@example.com,standard,US
john_smith_6237,test123,john.smith6237@example.com,standard,US
alice_wilson_6238,test123,alice.wilson6238@example.com,standard,US
jane_thomas_6239,test123,jane.thomas6239@example.com,premium,US
eva_miller_6240,test123,eva.miller6240@example.com,premium,APAC
bob_miller_6241,test123,bob.miller6241@example.com,standard,EU
alice_anderson_6242,test123,alice.anderson6242@example.com,standard,US
john_moore_6243,test123,john.moore6243@example.com,standard,US
grace_taylor_6244,test123,grace.taylor6244@example.com,standard,EU
bob_smith_6245,test123,bob.smith6245@example.com,standard,US
diana_brown_6246,test123,diana.brown6246@example.com,admin,US
grace_johnson_6247,test123,grace.johnson6247@example.com,premium,APAC
jane_brown_6248,test123,jane.brown6248@example.com,standard,US
eva_taylor_6249,test123,eva.taylor6249@example.com,standard,US
charlie_smith_6250,test123,charlie.smith6250@example.com,standard,US
alice_wilson_6251,test123,alice.wilson6251@example.com,standard,US
bob_smith_6252,test123,bob.smith6252@example.com,standard,APAC
diana_miller_6253,test123,diana.miller6253@example.com,admin,EU
jane_taylor_6254,test123,jane.taylor6254@example.com,standard,US
grace_davis_6255,test123,grace.davis6255@example.com,admin,US
diana_thomas_6256,test123,diana.thomas6256@example.com,standard,US
frank_johnson_6257,test123,frank.johnson6257@example.com,standard,US
bob_miller_6258,test123,bob.miller6258@example.com,standard,US
eva_wilson_6259,test123,eva.wilson6259@example.com,standard,US
john_moore_6260,test123,john.moore6260@example.com,standard,US
frank_miller_6261,test123,frank.miller6261@example.com,standard,US
charlie_taylor_6262,test123,charlie.taylor6262@example.com,premium,US
alice_miller_6263,test123,alice.miller6263@example.com,premium,EU
frank_smith_6264,test123,frank.smith6264@example.com,premium,US
diana_davis_6265,test123,diana.davis6265@example.com,standard,APAC
eva_wilson_6266,test123,eva.wilson6266@example.com,standard,APAC
charlie_wilson_6267,test123,charlie.wilson6267@example.com,standard,EU
henry_moore_6268,test123,henry.moore6268@example.com,standard,US
frank_davis_6269,test123,frank.davis6269@example.com,standard,US
alice_brown_6270,test123,alice.brown6270@example.com,standard,US
john_brown_6271,test123,john.brown6271@example.com,standard,EU
diana_wilson_6272,test123,diana.wilson6272@example.com,standard,US
jane_johnson_6273,test123,jane.johnson6273@example.com,standard,US
charlie_miller_6274,test123,charlie.miller6274@example.com,standard,US
diana_anderson_6275,test123,diana.anderson6275@example.com,admin,US
henry_moore_6276,test123,henry.moore6276@example.com,standard,APAC
john_miller_6277,test123,john.miller6277@example.com,premium,US
jane_wilson_6278,test123,jane.wilson6278@example.com,standard,US
john_davis_6279,test123,john.davis6279@example.com,standard,US
grace_brown_6280,test123,grace.brown6280@example.com,premium,EU
charlie_davis_6281,test123,charlie.davis6281@example.com,standard,EU
grace_davis_6282,test123,grace.davis6282@example.com,standard,EU
charlie_davis_6283,test123,charlie.davis6283@example.com,standard,US
eva_thomas_6284,test123,eva.thomas6284@example.com,standard,APAC
henry_moore_6285,test123,henry.moore6285@example.com,standard,US
eva_wilson_6286,test123,eva.wilson6286@example.com,premium,EU
john_davis_6287,test123,john.davis6287@example.com,premium,EU
frank_brown_6288,test123,frank.brown6288@example.com,standard,US
grace_taylor_6289,test123,grace.taylor6289@example.com,standard,US
alice_moore_6290,test123,alice.moore6290@example.com,standard,US
grace_johnson_6291,test123,grace.johnson6291@example.com,standard,US
john_thomas_6292,test123,john.thomas6292@example.com,premium,US
henry_moore_6293,test123,henry.moore6293@example.com,standard,US
henry_anderson_6294,test123,henry.anderson6294@example.com,premium,US
bob_johnson_6295,test123,bob.johnson6295@example.com,standard,US
alice_moore_6296,test123,alice.moore6296@example.com,premium,APAC
bob_miller_6297,test123,bob.miller6297@example.com,premium,US
jane_johnson_6298,test123,jane.johnson6298@example.com,premium,EU
grace_smith_6299,test123,grace.smith6299@example.com,premium,US
diana_thomas_6300,test123,diana.thomas6300@example.com,standard,EU
jane_davis_6301,test123,jane.davis6301@example.com,standard,EU
alice_taylor_6302,test123,alice.taylor6302@example.com,standard,APAC
bob_smith_6303,test123,bob.smith6303@example.com,premium,EU
henry_moore_6304,test123,henry.moore6304@example.com,premium,EU
diana_brown_6305,test123,diana.brown6305@example.com,standard,US
frank_davis_6306,test123,frank.davis6306@example.com,standard,US
alice_thomas_6307,test123,alice.thomas6307@example.com,standard,US
jane_brown_6308,test123,jane.brown6308@example.com,standard,EU
diana_thomas_6309,test123,diana.thomas6309@example.com,premium,US
eva_brown_6310,test123,eva.brown6310@example.com,premium,EU
jane_moore_6311,test123,jane.moore6311@example.com,standard,EU
eva_taylor_6312,test123,eva.taylor6312@example.com,standard,US
charlie_davis_6313,test123,charlie.davis6313@example.com,standard,US
charlie_taylor_6314,test123,charlie.taylor6314@example.com,standard,US
jane_brown_6315,test123,jane.brown6315@example.com,standard,US
henry_wilson_6316,test123,henry.wilson6316@example.com,premium,US
charlie_wilson_6317,test123,charlie.wilson6317@example.com,standard,APAC
eva_smith_6318,test123,eva.smith6318@example.com,standard,US
john_moore_6319,test123,john.moore6319@example.com,standard,US
alice_wilson_6320,test123,alice.wilson6320@example.com,standard,EU
jane_davis_6321,test123,jane.davis6321@example.com,premium,US
eva_wilson_6322,test123,eva.wilson6322@example.com,admin,US
henry_davis_6323,test123,henry.davis6323@example.com,standard,US
jane_brown_6324,test123,jane.brown6324@example.com,standard,US
john_brown_6325,test123,john.brown6325@example.com,premium,EU
grace_moore_6326,test123,grace.moore6326@example.com,standard,APAC
alice_miller_6327,test123,alice.miller6327@example.com,premium,US
alice_taylor_6328,test123,alice.taylor6328@example.com,standard,US
alice_davis_6329,test123,alice.davis6329@example.com,standard,APAC
frank_miller_6330,test123,frank.miller6330@example.com,premium,APAC
henry_taylor_6331,test123,henry.taylor6331@example.com,standard,APAC
charlie_wilson_6332,test123,charlie.wilson6332@example.com,premium,US
henry_taylor_6333,test123,henry.taylor6333@example.com,standard,US
john_brown_6334,test123,john.brown6334@example.com,standard,US
frank_brown_6335,test123,frank.brown6335@example.com,admin,APAC
eva_johnson_6336,test123,eva.johnson6336@example.com,standard,EU
henry_anderson_6337,test123,henry.anderson6337@example.com,standard,US
eva_johnson_6338,test123,eva.johnson6338@example.com,premium,US
grace_johnson_6339,test123,grace.johnson6339@example.com,standard,EU
charlie_miller_6340,test123,charlie.miller6340@example.com,standard,US
jane_brown_6341,test123,jane.brown6341@example.com,standard,APAC
alice_taylor_6342,test123,alice.taylor6342@example.com,standard,US
eva_anderson_6343,test123,eva.anderson6343@example.com,standard,US
eva_brown_6344,test123,eva.brown6344@example.com,standard,US
grace_moore_6345,test123,grace.moore6345@example.com,standard,APAC
frank_davis_6346,test123,frank.davis6346@example.com,standard,US
eva_miller_6347,test123,eva.miller6347@example.com,standard,APAC
bob_moore_6348,test123,bob.moore6348@example.com,standard,APAC
eva_davis_6349,test123,eva.davis6349@example.com,premium,US
bob_wilson_6350,test123,bob.wilson6350@example.com,premium,APAC
grace_taylor_6351,test123,grace.taylor6351@example.com,standard,US
bob_johnson_6352,test123,bob.johnson6352@example.com,standard,US
henry_miller_6353,test123,henry.miller6353@example.com,standard,APAC
bob_moore_6354,test123,bob.moore6354@example.com,standard,US
alice_taylor_6355,test123,alice.taylor6355@example.com,standard,APAC
grace_anderson_6356,test123,grace.anderson6356@example.com,standard,US
frank_brown_6357,test123,frank.brown6357@example.com,standard,US
bob_taylor_6358,test123,bob.taylor6358@example.com,standard,EU
jane_johnson_6359,test123,jane.johnson6359@example.com,standard,APAC
grace_smith_6360,test123,grace.smith6360@example.com,standard,US
alice_thomas_6361,test123,alice.thomas6361@example.com,premium,APAC
charlie_moore_6362,test123,charlie.moore6362@example.com,standard,US
eva_brown_6363,test123,eva.brown6363@example.com,standard,EU
henry_brown_6364,test123,henry.brown6364@example.com,premium,EU
henry_smith_6365,test123,henry.smith6365@example.com,standard,US
john_thomas_6366,test123,john.thomas6366@example.com,admin,US
john_brown_6367,test123,john.brown6367@example.com,standard,EU
alice_miller_6368,test123,alice.miller6368@example.com,standard,US
charlie_anderson_6369,test123,charlie.anderson6369@example.com,standard,US
frank_brown_6370,test123,frank.brown6370@example.com,standard,EU
grace_smith_6371,test123,grace.smith6371@example.com,standard,US
alice_moore_6372,test123,alice.moore6372@example.com,standard,EU
eva_davis_6373,test123,eva.davis6373@example.com,premium,US
bob_davis_6374,test123,bob.davis6374@example.com,standard,US
charlie_anderson_6375,test123,charlie.anderson6375@example.com,premium,APAC
charlie_taylor_6376,test123,charlie.taylor6376@example.com,admin,EU
grace_anderson_6377,test123,grace.anderson6377@example.com,premium,US
frank_miller_6378,test123,frank.miller6378@example.com,standard,EU
john_wilson_6379,test123,john.wilson6379@example.com,standard,EU
jane_davis_6380,test123,jane.davis6380@example.com,standard,US
henry_miller_6381,test123,henry.miller6381@example.com,standard,US
eva_smith_6382,test123,eva.smith6382@example.com,standard,APAC
bob_brown_6383,test123,bob.brown6383@example.com,standard,US
grace_brown_6384,test123,grace.brown6384@example.com,standard,US
grace_anderson_6385,test123,grace.anderson6385@example.com,standard,US
frank_taylor_6386,test123,frank.taylor6386@example.com,standard,US
henry_davis_6387,test123,henry.davis6387@example.com,standard,EU
charlie_wilson_6388,test123,charlie.wilson6388@example.com,premium,US
jane_wilson_6389,test123,jane.wilson6389@example.com,standard,EU
bob_smith_6390,test123,bob.smith6390@example.com,premium,US
henry_johnson_6391,test123,henry.johnson6391@example.com,standard,US
eva_wilson_6392,test123,eva.wilson6392@example.com,premium,APAC
john_anderson_6393,test123,john.anderson6393@example.com,premium,US
alice_smith_6394,test123,alice.smith6394@example.com,premium,US
grace_wilson_6395,test123,grace.wilson6395@example.com,premium,US
henry_wilson_6396,test123,henry.wilson6396@example.com,premium,EU
grace_brown_6397,test123,grace.brown6397@example.com,standard,EU
jane_thomas_6398,test123,jane.thomas6398@example.com,standard,US
eva_taylor_6399,test123,eva.taylor6399@example.com,standard,US
jane_wilson_6400,test123,jane.wilson6400@example.com,standard,US
jane_thomas_6401,test123,jane.thomas6401@example.com,standard,EU
frank_davis_6402,test123,frank.davis6402@example.com,standard,APAC
john_thomas_6403,test123,john.thomas6403@example.com,standard,US
charlie_taylor_6404,test123,charlie.taylor6404@example.com,premium,APAC
charlie_johnson_6405,test123,charlie.johnson6405@example.com,premium,APAC
frank_johnson_6406,test123,frank.johnson6406@example.com,premium,EU
charlie_johnson_6407,test123,charlie.johnson6407@example.com,standard,US
jane_brown_6408,test123,jane.brown6408@example.com,premium,APAC
diana_wilson_6409,test123,diana.wilson6409@example.com,standard,US
john_johnson_6410,test123,john.johnson6410@example.com,standard,US
eva_davis_6411,test123,eva.davis6411@example.com,standard,US
diana_brown_6412,test123,diana.brown6412@example.com,standard,EU
charlie_thomas_6413,test123,charlie.thomas6413@example.com,premium,US
eva_anderson_6414,test123,eva.anderson6414@example.com,premium,US
alice_wilson_6415,test123,alice.wilson6415@example.com,admin,US
grace_taylor_6416,test123,grace.taylor6416@example.com,premium,EU
frank_brown_6417,test123,frank.brown6417@example.com,standard,US
alice_brown_6418,test123,alice.brown6418@example.com,standard,US
jane_smith_6419,test123,jane.smith6419@example.com,premium,APAC
jane_brown_6420,test123,jane.brown6420@example.com,premium,US
grace_smith_6421,test123,grace.smith6421@example.com,standard,US
jane_anderson_6422,test123,jane.anderson6422@example.com,admin,US
diana_davis_6423,test123,diana.davis6423@example.com,standard,US
grace_brown_6424,test123,grace.brown6424@example.com,standard,EU
eva_anderson_6425,test123,eva.anderson6425@example.com,premium,US
charlie_johnson_6426,test123,charlie.johnson6426@example.com,standard,EU
alice_thomas_6427,test123,alice.thomas6427@example.com,premium,US
grace_miller_6428,test123,grace.miller6428@example.com,standard,US
frank_miller_6429,test123,frank.miller6429@example.com,standard,US
frank_miller_6430,test123,frank.miller6430@example.com,premium,US
bob_davis_6431,test123,bob.davis6431@example.com,premium,US
grace_johnson_6432,test123,grace.johnson6432@example.com,premium,US
diana_davis_6433,test123,diana.davis6433@example.com,standard,APAC
bob_thomas_6434,test123,bob.thomas6434@example.com,premium,US
jane_taylor_6435,test123,jane.taylor6435@example.com,premium,US
frank_davis_6436,test123,frank.davis6436@example.com,standard,US
frank_anderson_6437,test123,frank.anderson6437@example.com,standard,EU
john_thomas_6438,test123,john.thomas6438@example.com,admin,APAC
diana_wilson_6439,test123,diana.wilson6439@example.com,standard,APAC
frank_taylor_6440,test123,frank.taylor6440@example.com,standard,EU
eva_anderson_6441,test123,eva.anderson6441@example.com,standard,US
bob_thomas_6442,test123,bob.thomas6442@example.com,premium,EU
charlie_brown_6443,test123,charlie.brown6443@example.com,standard,US
grace_miller_6444,test123,grace.miller6444@example.com,premium,US
alice_johnson_6445,test123,alice.johnson6445@example.com,standard,EU
frank_wilson_6446,test123,frank.wilson6446@example.com,standard,US
eva_smith_6447,test123,eva.smith6447@example.com,standard,US
john_johnson_6448,test123,john.johnson6448@example.com,premium,EU
diana_miller_6449,test123,diana.miller6449@example.com,standard,US
john_wilson_6450,test123,john.wilson6450@example.com,standard,US
john_thomas_6451,test123,john.thomas6451@example.com,admin,US
diana_brown_6452,test123,diana.brown6452@example.com,premium,APAC
jane_davis_6453,test123,jane.davis6453@example.com,standard,US
alice_anderson_6454,test123,alice.anderson6454@example.com,standard,US
eva_moore_6455,test123,eva.moore6455@example.com,standard,US
john_wilson_6456,test123,john.wilson6456@example.com,standard,US
eva_wilson_6457,test123,eva.wilson6457@example.com,standard,US
frank_taylor_6458,test123,frank.taylor6458@example.com,standard,US
charlie_anderson_6459,test123,charlie.anderson6459@example.com,premium,US
diana_moore_6460,test123,diana.moore6460@example.com,standard,US
charlie_davis_6461,test123,charlie.davis6461@example.com,standard,US
eva_moore_6462,test123,eva.moore6462@example.com,premium,US
grace_thomas_6463,test123,grace.thomas6463@example.com,admin,APAC
grace_miller_6464,test123,grace.miller6464@example.com,standard,US
jane_miller_6465,test123,jane.miller6465@example.com,standard,US
bob_davis_6466,test123,bob.davis6466@example.com,standard,EU
frank_wilson_6467,test123,frank.wilson6467@example.com,standard,US
bob_anderson_6468,test123,bob.anderson6468@example.com,standard,US
grace_johnson_6469,test123,grace.johnson6469@example.com,premium,US
grace_brown_6470,test123,grace.brown6470@example.com,standard,APAC
bob_brown_6471,test123,bob.brown6471@example.com,standard,EU
henry_miller_6472,test123,henry.miller6472@example.com,standard,US
jane_moore_6473,test123,jane.moore6473@example.com,standard,EU
diana_johnson_6474,test123,diana.johnson6474@example.com,standard,US
jane_miller_6475,test123,jane.miller6475@example.com,standard,APAC
john_anderson_6476,test123,john.anderson6476@example.com,standard,APAC
frank_anderson_6477,test123,frank.anderson6477@example.com,standard,US
john_davis_6478,test123,john.davis6478@example.com,standard,US
frank_brown_6479,test123,frank.brown6479@example.com,standard,US
grace_thomas_6480,test123,grace.thomas6480@example.com,standard,US
eva_wilson_6481,test123,eva.wilson6481@example.com,standard,EU
john_thomas_6482,test123,john.thomas6482@example.com,standard,US
eva_johnson_6483,test123,eva.johnson6483@example.com,standard,US
henry_miller_6484,test123,henry.miller6484@example.com,standard,US
diana_davis_6485,test123,diana.davis6485@example.com,premium,EU
alice_brown_6486,test123,alice.brown6486@example.com,premium,EU
jane_wilson_6487,test123,jane.wilson6487@example.com,standard,US
jane_wilson_6488,test123,jane.wilson6488@example.com,premium,US
diana_brown_6489,test123,diana.brown6489@example.com,standard,US
eva_brown_6490,test123,eva.brown6490@example.com,standard,APAC
henry_taylor_6491,test123,henry.taylor6491@example.com,standard,US
bob_brown_6492,test123,bob.brown6492@example.com,standard,US
diana_smith_6493,test123,diana.smith6493@example.com,admin,US
charlie_anderson_6494,test123,charlie.anderson6494@example.com,standard,EU
jane_smith_6495,test123,jane.smith6495@example.com,premium,APAC
charlie_taylor_6496,test123,charlie.taylor6496@example.com,standard,US
frank_moore_6497,test123,frank.moore6497@example.com,standard,EU
john_moore_6498,test123,john.moore6498@example.com,standard,APAC
alice_johnson_6499,test123,alice.johnson6499@example.com,premium,EU
eva_wilson_6500,test123,eva.wilson6500@example.com,standard,US
john_brown_6501,test123,john.brown6501@example.com,standard,US
grace_smith_6502,test123,grace.smith6502@example.com,standard,APAC
grace_thomas_6503,test123,grace.thomas6503@example.com,standard,EU
diana_anderson_6504,test123,diana.anderson6504@example.com,standard,APAC
john_taylor_6505,test123,john.taylor6505@example.com,premium,US
henry_taylor_6506,test123,henry.taylor6506@example.com,premium,US
charlie_johnson_6507,test123,charlie.johnson6507@example.com,standard,APAC
grace_johnson_6508,test123,grace.johnson6508@example.com,standard,APAC
alice_wilson_6509,test123,alice.wilson6509@example.com,standard,EU
frank_wilson_6510,test123,frank.wilson6510@example.com,standard,EU
jane_miller_6511,test123,jane.miller6511@example.com,standard,US
diana_miller_6512,test123,diana.miller6512@example.com,premium,US
jane_johnson_6513,test123,jane.johnson6513@example.com,premium,APAC
john_taylor_6514,test123,john.taylor6514@example.com,standard,US
henry_davis_6515,test123,henry.davis6515@example.com,premium,US
bob_thomas_6516,test123,bob.thomas6516@example.com,premium,US
eva_johnson_6517,test123,eva.johnson6517@example.com,premium,EU
henry_wilson_6518,test123,henry.wilson6518@example.com,standard,US
jane_wilson_6519,test123,jane.wilson6519@example.com,standard,US
eva_thomas_6520,test123,eva.thomas6520@example.com,admin,US
alice_taylor_6521,test123,alice.taylor6521@example.com,standard,EU
diana_moore_6522,test123,diana.moore6522@example.com,standard,US
john_brown_6523,test123,john.brown6523@example.com,standard,APAC
diana_moore_6524,test123,diana.moore6524@example.com,admin,EU
eva_wilson_6525,test123,eva.wilson6525@example.com,standard,US
bob_miller_6526,test123,bob.miller6526@example.com,admin,US
jane_taylor_6527,test123,jane.taylor6527@example.com,standard,US
alice_anderson_6528,test123,alice.anderson6528@example.com,standard,US
grace_brown_6529,test123,grace.brown6529@example.com,standard,EU
bob_smith_6530,test123,bob.smith6530@example.com,premium,US
frank_thomas_6531,test123,frank.thomas6531@example.com,premium,US
frank_anderson_6532,test123,frank.anderson6532@example.com,standard,APAC
alice_moore_6533,test123,alice.moore6533@example.com,standard,US
diana_smith_6534,test123,diana.smith6534@example.com,standard,US
charlie_anderson_6535,test123,charlie.anderson6535@example.com,standard,US
john_taylor_6536,test123,john.taylor6536@example.com,standard,EU
charlie_moore_6537,test123,charlie.moore6537@example.com,standard,US
bob_thomas_6538,test123,bob.thomas6538@example.com,premium,APAC
bob_anderson_6539,test123,bob.anderson6539@example.com,standard,US
diana_anderson_6540,test123,diana.anderson6540@example.com,premium,US
bob_johnson_6541,test123,bob.johnson6541@example.com,standard,US
henry_johnson_6542,test123,henry.johnson6542@example.com,standard,US
eva_brown_6543,test123,eva.brown6543@example.com,standard,US
grace_miller_6544,test123,grace.miller6544@example.com,standard,EU
john_smith_6545,test123,john.smith6545@example.com,standard,US
bob_moore_6546,test123,bob.moore6546@example.com,premium,EU
charlie_moore_6547,test123,charlie.moore6547@example.com,standard,US
diana_moore_6548,test123,diana.moore6548@example.com,standard,US
charlie_johnson_6549,test123,charlie.johnson6549@example.com,premium,US
jane_brown_6550,test123,jane.brown6550@example.com,standard,US
henry_thomas_6551,test123,henry.thomas6551@example.com,standard,EU
diana_moore_6552,test123,diana.moore6552@example.com,standard,EU
grace_wilson_6553,test123,grace.wilson6553@example.com,standard,US
diana_johnson_6554,test123,diana.johnson6554@example.com,admin,US
charlie_brown_6555,test123,charlie.brown6555@example.com,standard,US
charlie_smith_6556,test123,charlie.smith6556@example.com,premium,APAC
jane_wilson_6557,test123,jane.wilson6557@example.com,standard,US
frank_anderson_6558,test123,frank.anderson6558@example.com,standard,US
eva_johnson_6559,test123,eva.johnson6559@example.com,standard,EU
charlie_thomas_6560,test123,charlie.thomas6560@example.com,standard,APAC
diana_moore_6561,test123,diana.moore6561@example.com,standard,APAC
bob_wilson_6562,test123,bob.wilson6562@example.com,standard,EU
henry_taylor_6563,test123,henry.taylor6563@example.com,admin,US
frank_wilson_6564,test123,frank.wilson6564@example.com,premium,APAC
eva_miller_6565,test123,eva.miller6565@example.com,standard,US
alice_moore_6566,test123,alice.moore6566@example.com,premium,US
charlie_anderson_6567,test123,charlie.anderson6567@example.com,premium,EU
jane_anderson_6568,test123,jane.anderson6568@example.com,premium,US
charlie_moore_6569,test123,charlie.moore6569@example.com,standard,EU
bob_johnson_6570,test123,bob.johnson6570@example.com,premium,US
john_wilson_6571,test123,john.wilson6571@example.com,standard,APAC
charlie_thomas_6572,test123,charlie.thomas6572@example.com,premium,APAC
eva_davis_6573,test123,eva.davis6573@example.com,standard,EU
frank_taylor_6574,test123,frank.taylor6574@example.com,standard,US
grace_anderson_6575,test123,grace.anderson6575@example.com,standard,US
henry_brown_6576,test123,henry.brown6576@example.com,standard,APAC
jane_moore_6577,test123,jane.moore6577@example.com,premium,US
jane_miller_6578,test123,jane.miller6578@example.com,premium,APAC
bob_wilson_6579,test123,bob.wilson6579@example.com,standard,US
grace_moore_6580,test123,grace.moore6580@example.com,standard,APAC
henry_taylor_6581,test123,henry.taylor6581@example.com,premium,US
henry_anderson_6582,test123,henry.anderson6582@example.com,standard,US
alice_davis_6583,test123,alice.davis6583@example.com,standard,US
frank_smith_6584,test123,frank.smith6584@example.com,standard,EU
frank_brown_6585,test123,frank.brown6585@example.com,standard,EU
alice_moore_6586,test123,alice.moore6586@example.com,premium,US
bob_anderson_6587,test123,bob.anderson6587@example.com,standard,US
bob_johnson_6588,test123,bob.johnson6588@example.com,standard,EU
eva_davis_6589,test123,eva.davis6589@example.com,standard,EU
grace_johnson_6590,test123,grace.johnson6590@example.com,standard,US
eva_smith_6591,test123,eva.smith6591@example.com,standard,US
grace_moore_6592,test123,grace.moore6592@example.com,standard,APAC
jane_johnson_6593,test123,jane.johnson6593@example.com,premium,EU
frank_miller_6594,test123,frank.miller6594@example.com,standard,APAC
henry_davis_6595,test123,henry.davis6595@example.com,standard,EU
eva_davis_6596,test123,eva.davis6596@example.com,standard,EU
henry_smith_6597,test123,henry.smith6597@example.com,premium,US
john_miller_6598,test123,john.miller6598@example.com,premium,US
frank_anderson_6599,test123,frank.anderson6599@example.com,standard,US
diana_smith_6600,test123,diana.smith6600@example.com,standard,US
grace_brown_6601,test123,grace.brown6601@example.com,premium,US
alice_moore_6602,test123,alice.moore6602@example.com,standard,US
eva_johnson_6603,test123,eva.johnson6603@example.com,premium,EU
diana_taylor_6604,test123,diana.taylor6604@example.com,standard,APAC
bob_thomas_6605,test123,bob.thomas6605@example.com,standard,US
diana_davis_6606,test123,diana.davis6606@example.com,standard,US
grace_thomas_6607,test123,grace.thomas6607@example.com,standard,APAC
john_taylor_6608,test123,john.taylor6608@example.com,standard,US
alice_thomas_6609,test123,alice.thomas6609@example.com,admin,EU
grace_davis_6610,test123,grace.davis6610@example.com,standard,US
frank_miller_6611,test123,frank.miller6611@example.com,standard,APAC
charlie_brown_6612,test123,charlie.brown6612@example.com,standard,US
jane_miller_6613,test123,jane.miller6613@example.com,standard,US
frank_thomas_6614,test123,frank.thomas6614@example.com,standard,EU
eva_davis_6615,test123,eva.davis6615@example.com,standard,APAC
henry_miller_6616,test123,henry.miller6616@example.com,standard,EU
alice_miller_6617,test123,alice.miller6617@example.com,standard,US
john_moore_6618,test123,john.moore6618@example.com,standard,US
grace_brown_6619,test123,grace.brown6619@example.com,premium,US
jane_davis_6620,test123,jane.davis6620@example.com,standard,US
charlie_miller_6621,test123,charlie.miller6621@example.com,standard,APAC
frank_davis_6622,test123,frank.davis6622@example.com,standard,APAC
diana_wilson_6623,test123,diana.wilson6623@example.com,standard,US
alice_johnson_6624,test123,alice.johnson6624@example.com,standard,APAC
bob_anderson_6625,test123,bob.anderson6625@example.com,premium,US
diana_smith_6626,test123,diana.smith6626@example.com,premium,EU
john_miller_6627,test123,john.miller6627@example.com,standard,US
grace_brown_6628,test123,grace.brown6628@example.com,standard,US
charlie_taylor_6629,test123,charlie.taylor6629@example.com,standard,US
charlie_johnson_6630,test123,charlie.johnson6630@example.com,standard,EU
bob_wilson_6631,test123,bob.wilson6631@example.com,admin,EU
diana_thomas_6632,test123,diana.thomas6632@example.com,standard,US
bob_moore_6633,test123,bob.moore6633@example.com,standard,EU
alice_davis_6634,test123,alice.davis6634@example.com,premium,US
frank_thomas_6635,test123,frank.thomas6635@example.com,premium,EU
eva_wilson_6636,test123,eva.wilson6636@example.com,standard,EU
diana_johnson_6637,test123,diana.johnson6637@example.com,premium,APAC
grace_smith_6638,test123,grace.smith6638@example.com,premium,APAC
frank_davis_6639,test123,frank.davis6639@example.com,admin,APAC
diana_brown_6640,test123,diana.brown6640@example.com,standard,US
john_thomas_6641,test123,john.thomas6641@example.com,premium,US
bob_anderson_6642,test123,bob.anderson6642@example.com,standard,US
charlie_smith_6643,test123,charlie.smith6643@example.com,premium,APAC
alice_davis_6644,test123,alice.davis6644@example.com,standard,EU
diana_johnson_6645,test123,diana.johnson6645@example.com,standard,APAC
diana_johnson_6646,test123,diana.johnson6646@example.com,standard,EU
bob_thomas_6647,test123,bob.thomas6647@example.com,premium,US
charlie_smith_6648,test123,charlie.smith6648@example.com,standard,APAC
alice_johnson_6649,test123,alice.johnson6649@example.com,standard,US
diana_miller_6650,test123,diana.miller6650@example.com,admin,US
jane_johnson_6651,test123,jane.johnson6651@example.com,standard,US
eva_moore_6652,test123,eva.moore6652@example.com,premium,APAC
diana_moore_6653,test123,diana.moore6653@example.com,premium,US
henry_davis_6654,test123,henry.davis6654@example.com,standard,APAC
grace_smith_6655,test123,grace.smith6655@example.com,premium,US
henry_thomas_6656,test123,henry.thomas6656@example.com,standard,APAC
diana_moore_6657,test123,diana.moore6657@example.com,standard,US
henry_davis_6658,test123,henry.davis6658@example.com,admin,EU
henry_wilson_6659,test123,henry.wilson6659@example.com,standard,EU
diana_taylor_6660,test123,diana.taylor6660@example.com,standard,US
bob_brown_6661,test123,bob.brown6661@example.com,standard,US
eva_moore_6662,test123,eva.moore6662@example.com,premium,US
jane_brown_6663,test123,jane.brown6663@example.com,standard,APAC
alice_miller_6664,test123,alice.miller6664@example.com,standard,APAC
charlie_wilson_6665,test123,charlie.wilson6665@example.com,standard,US
frank_thomas_6666,test123,frank.thomas6666@example.com,admin,US
jane_moore_6667,test123,jane.moore6667@example.com,premium,US
diana_taylor_6668,test123,diana.taylor6668@example.com,standard,US
henry_moore_6669,test123,henry.moore6669@example.com,premium,APAC
frank_taylor_6670,test123,frank.taylor6670@example.com,premium,US
alice_moore_6671,test123,alice.moore6671@example.com,premium,US
henry_wilson_6672,test123,henry.wilson6672@example.com,standard,US
john_davis_6673,test123,john.davis6673@example.com,standard,APAC
frank_miller_6674,test123,frank.miller6674@example.com,standard,US
henry_davis_6675,test123,henry.davis6675@example.com,premium,EU
eva_davis_6676,test123,eva.davis6676@example.com,standard,EU
alice_davis_6677,test123,alice.davis6677@example.com,standard,US
bob_taylor_6678,test123,bob.taylor6678@example.com,standard,US
jane_miller_6679,test123,jane.miller6679@example.com,standard,EU
alice_smith_6680,test123,alice.smith6680@example.com,standard,US
jane_taylor_6681,test123,jane.taylor6681@example.com,standard,US
grace_wilson_6682,test123,grace.wilson6682@example.com,standard,EU
john_smith_6683,test123,john.smith6683@example.com,standard,US
charlie_wilson_6684,test123,charlie.wilson6684@example.com,standard,US
grace_smith_6685,test123,grace.smith6685@example.com,standard,US
john_miller_6686,test123,john.miller6686@example.com,premium,US
charlie_taylor_6687,test123,charlie.taylor6687@example.com,standard,US
henry_davis_6688,test123,henry.davis6688@example.com,standard,EU
john_taylor_6689,test123,john.taylor6689@example.com,premium,EU
henry_johnson_6690,test123,henry.johnson6690@example.com,standard,EU
henry_taylor_6691,test123,henry.taylor6691@example.com,standard,EU
alice_brown_6692,test123,alice.brown6692@example.com,premium,US
john_johnson_6693,test123,john.johnson6693@example.com,standard,US
john_brown_6694,test123,john.brown6694@example.com,standard,US
jane_anderson_6695,test123,jane.anderson6695@example.com,premium,US
frank_smith_6696,test123,frank.smith6696@example.com,standard,EU
eva_brown_6697,test123,eva.brown6697@example.com,standard,EU
frank_anderson_6698,test123,frank.anderson6698@example.com,standard,US
diana_davis_6699,test123,diana.davis6699@example.com,standard,EU
alice_johnson_6700,test123,alice.johnson6700@example.com,premium,EU
frank_miller_6701,test123,frank.miller6701@example.com,standard,APAC
eva_thomas_6702,test123,eva.thomas6702@example.com,standard,APAC
henry_thomas_6703,test123,henry.thomas6703@example.com,standard,US
charlie_thomas_6704,test123,charlie.thomas6704@example.com,standard,US
eva_wilson_6705,test123,eva.wilson6705@example.com,premium,EU
john_moore_6706,test123,john.moore6706@example.com,standard,US
diana_anderson_6707,test123,diana.anderson6707@example.com,admin,US
grace_smith_6708,test123,grace.smith6708@example.com,premium,US
henry_smith_6709,test123,henry.smith6709@example.com,standard,US
grace_taylor_6710,test123,grace.taylor6710@example.com,admin,US
charlie_davis_6711,test123,charlie.davis6711@example.com,standard,US
charlie_thomas_6712,test123,charlie.thomas6712@example.com,standard,EU
eva_smith_6713,test123,eva.smith6713@example.com,standard,US
grace_anderson_6714,test123,grace.anderson6714@example.com,standard,EU
jane_taylor_6715,test123,jane.taylor6715@example.com,premium,US
frank_thomas_6716,test123,frank.thomas6716@example.com,standard,US
charlie_miller_6717,test123,charlie.miller6717@example.com,standard,APAC
bob_anderson_6718,test123,bob.anderson6718@example.com,standard,US
diana_moore_6719,test123,diana.moore6719@example.com,standard,US
henry_smith_6720,test123,henry.smith6720@example.com,standard,US
john_anderson_6721,test123,john.anderson6721@example.com,standard,US
eva_wilson_6722,test123,eva.wilson6722@example.com,standard,APAC
charlie_taylor_6723,test123,charlie.taylor6723@example.com,standard,US
bob_smith_6724,test123,bob.smith6724@example.com,premium,EU
charlie_smith_6725,test123,charlie.smith6725@example.com,standard,US
jane_brown_6726,test123,jane.brown6726@example.com,standard,US
jane_johnson_6727,test123,jane.johnson6727@example.com,standard,US
grace_taylor_6728,test123,grace.taylor6728@example.com,standard,US
charlie_davis_6729,test123,charlie.davis6729@example.com,standard,US
john_miller_6730,test123,john.miller6730@example.com,standard,US
frank_johnson_6731,test123,frank.johnson6731@example.com,premium,US
eva_johnson_6732,test123,eva.johnson6732@example.com,admin,APAC
alice_moore_6733,test123,alice.moore6733@example.com,standard,EU
eva_miller_6734,test123,eva.miller6734@example.com,premium,US
eva_moore_6735,test123,eva.moore6735@example.com,admin,APAC
frank_davis_6736,test123,frank.davis6736@example.com,standard,US
john_moore_6737,test123,john.moore6737@example.com,premium,US
diana_thomas_6738,test123,diana.thomas6738@example.com,standard,US
jane_davis_6739,test123,jane.davis6739@example.com,premium,EU
bob_wilson_6740,test123,bob.wilson6740@example.com,standard,US
eva_wilson_6741,test123,eva.wilson6741@example.com,premium,US
grace_anderson_6742,test123,grace.anderson6742@example.com,premium,EU
frank_miller_6743,test123,frank.miller6743@example.com,standard,EU
henry_thomas_6744,test123,henry.thomas6744@example.com,standard,US
diana_thomas_6745,test123,diana.thomas6745@example.com,standard,APAC
charlie_taylor_6746,test123,charlie.taylor6746@example.com,standard,US
frank_miller_6747,test123,frank.miller6747@example.com,standard,US
alice_brown_6748,test123,alice.brown6748@example.com,standard,APAC
diana_thomas_6749,test123,diana.thomas6749@example.com,premium,EU
bob_anderson_6750,test123,bob.anderson6750@example.com,premium,APAC
john_thomas_6751,test123,john.thomas6751@example.com,standard,EU
diana_davis_6752,test123,diana.davis6752@example.com,standard,US
bob_thomas_6753,test123,bob.thomas6753@example.com,standard,APAC
john_miller_6754,test123,john.miller6754@example.com,standard,EU
grace_taylor_6755,test123,grace.taylor6755@example.com,standard,US
henry_brown_6756,test123,henry.brown6756@example.com,standard,US
diana_moore_6757,test123,diana.moore6757@example.com,premium,EU
diana_brown_6758,test123,diana.brown6758@example.com,standard,US
henry_anderson_6759,test123,henry.anderson6759@example.com,standard,EU
jane_wilson_6760,test123,jane.wilson6760@example.com,standard,US
john_miller_6761,test123,john.miller6761@example.com,premium,US
alice_moore_6762,test123,alice.moore6762@example.com,standard,US
grace_wilson_6763,test123,grace.wilson6763@example.com,standard,EU
henry_taylor_6764,test123,henry.taylor6764@example.com,standard,US
diana_brown_6765,test123,diana.brown6765@example.com,premium,US
charlie_johnson_6766,test123,charlie.johnson6766@example.com,standard,EU
diana_brown_6767,test123,diana.brown6767@example.com,standard,US
bob_brown_6768,test123,bob.brown6768@example.com,standard,EU
jane_brown_6769,test123,jane.brown6769@example.com,standard,US
diana_moore_6770,test123,diana.moore6770@example.com,standard,EU
diana_thomas_6771,test123,diana.thomas6771@example.com,premium,US
charlie_wilson_6772,test123,charlie.wilson6772@example.com,premium,US
charlie_johnson_6773,test123,charlie.johnson6773@example.com,standard,US
diana_smith_6774,test123,diana.smith6774@example.com,standard,US
diana_davis_6775,test123,diana.davis6775@example.com,standard,US
grace_miller_6776,test123,grace.miller6776@example.com,premium,EU
bob_davis_6777,test123,bob.davis6777@example.com,standard,US
john_miller_6778,test123,john.miller6778@example.com,standard,US
henry_moore_6779,test123,henry.moore6779@example.com,standard,APAC
bob_johnson_6780,test123,bob.johnson6780@example.com,standard,US
frank_brown_6781,test123,frank.brown6781@example.com,standard,APAC
charlie_wilson_6782,test123,charlie.wilson6782@example.com,standard,EU
charlie_smith_6783,test123,charlie.smith6783@example.com,standard,US
henry_taylor_6784,test123,henry.taylor6784@example.com,standard,US
frank_brown_6785,test123,frank.brown6785@example.com,standard,APAC
grace_anderson_6786,test123,grace.anderson6786@example.com,admin,US
diana_taylor_6787,test123,diana.taylor6787@example.com,standard,EU
diana_taylor_6788,test123,diana.taylor6788@example.com,standard,EU
jane_brown_6789,test123,jane.brown6789@example.com,standard,US
charlie_thomas_6790,test123,charlie.thomas6790@example.com,standard,EU
john_miller_6791,test123,john.miller6791@example.com,premium,EU
eva_moore_6792,test123,eva.moore6792@example.com,standard,US
bob_thomas_6793,test123,bob.thomas6793@example.com,standard,US
henry_davis_6794,test123,henry.davis6794@example.com,standard,EU
john_thomas_6795,test123,john.thomas6795@example.com,premium,US
jane_miller_6796,test123,jane.miller6796@example.com,standard,US
john_smith_6797,test123,john.smith6797@example.com,standard,US
frank_davis_6798,test123,frank.davis6798@example.com,premium,US
diana_moore_6799,test123,diana.moore6799@example.com,premium,US
henry_miller_6800,test123,henry.miller6800@example.com,standard,US
eva_wilson_6801,test123,eva.wilson6801@example.com,standard,EU
alice_wilson_6802,test123,alice.wilson6802@example.com,premium,US
henry_wilson_6803,test123,henry.wilson6803@example.com,standard,APAC
eva_johnson_6804,test123,eva.johnson6804@example.com,standard,US
diana_davis_6805,test123,diana.davis6805@example.com,standard,APAC
john_smith_6806,test123,john.smith6806@example.com,premium,US
eva_davis_6807,test123,eva.davis6807@example.com,standard,US
charlie_taylor_6808,test123,charlie.taylor6808@example.com,premium,US
bob_taylor_6809,test123,bob.taylor6809@example.com,standard,EU
diana_smith_6810,test123,diana.smith6810@example.com,premium,US
john_davis_6811,test123,john.davis6811@example.com,standard,APAC
charlie_moore_6812,test123,charlie.moore6812@example.com,standard,EU
john_davis_6813,test123,john.davis6813@example.com,standard,US
diana_brown_6814,test123,diana.brown6814@example.com,standard,US
eva_wilson_6815,test123,eva.wilson6815@example.com,standard,EU
jane_wilson_6816,test123,jane.wilson6816@example.com,premium,US
charlie_smith_6817,test123,charlie.smith6817@example.com,standard,US
alice_johnson_6818,test123,alice.johnson6818@example.com,standard,US
grace_davis_6819,test123,grace.davis6819@example.com,standard,US
eva_moore_6820,test123,eva.moore6820@example.com,standard,US
grace_taylor_6821,test123,grace.taylor6821@example.com,premium,APAC
henry_anderson_6822,test123,henry.anderson6822@example.com,premium,US
alice_johnson_6823,test123,alice.johnson6823@example.com,standard,US
john_thomas_6824,test123,john.thomas6824@example.com,standard,US
charlie_brown_6825,test123,charlie.brown6825@example.com,standard,US
frank_brown_6826,test123,frank.brown6826@example.com,standard,US
bob_moore_6827,test123,bob.moore6827@example.com,admin,US
frank_anderson_6828,test123,frank.anderson6828@example.com,premium,APAC
john_anderson_6829,test123,john.anderson6829@example.com,standard,US
henry_thomas_6830,test123,henry.thomas6830@example.com,admin,US
grace_moore_6831,test123,grace.moore6831@example.com,standard,EU
eva_brown_6832,test123,eva.brown6832@example.com,standard,EU
henry_smith_6833,test123,henry.smith6833@example.com,standard,US
henry_moore_6834,test123,henry.moore6834@example.com,standard,US
frank_brown_6835,test123,frank.brown6835@example.com,standard,US
john_smith_6836,test123,john.smith6836@example.com,standard,US
eva_taylor_6837,test123,eva.taylor6837@example.com,premium,EU
alice_thomas_6838,test123,alice.thomas6838@example.com,standard,US
frank_moore_6839,test123,frank.moore6839@example.com,standard,US
diana_wilson_6840,test123,diana.wilson6840@example.com,standard,US
grace_davis_6841,test123,grace.davis6841@example.com,standard,APAC
jane_thomas_6842,test123,jane.thomas6842@example.com,premium,APAC
alice_smith_6843,test123,alice.smith6843@example.com,premium,US
jane_thomas_6844,test123,jane.thomas6844@example.com,standard,US
charlie_smith_6845,test123,charlie.smith6845@example.com,standard,EU
charlie_anderson_6846,test123,charlie.anderson6846@example.com,standard,EU
frank_brown_6847,test123,frank.brown6847@example.com,standard,US
frank_moore_6848,test123,frank.moore6848@example.com,standard,APAC
john_taylor_6849,test123,john.taylor6849@example.com,standard,EU
diana_brown_6850,test123,diana.brown6850@example.com,standard,EU
diana_moore_6851,test123,diana.moore6851@example.com,premium,EU
eva_wilson_6852,test123,eva.wilson6852@example.com,premium,US
grace_brown_6853,test123,grace.brown6853@example.com,standard,US
diana_anderson_6854,test123,diana.anderson6854@example.com,standard,US
john_davis_6855,test123,john.davis6855@example.com,standard,EU
john_wilson_6856,test123,john.wilson6856@example.com,standard,US
jane_brown_6857,test123,jane.brown6857@example.com,standard,EU
charlie_miller_6858,test123,charlie.miller6858@example.com,premium,EU
alice_miller_6859,test123,alice.miller6859@example.com,standard,EU
charlie_moore_6860,test123,charlie.moore6860@example.com,standard,US
bob_wilson_6861,test123,bob.wilson6861@example.com,standard,US
bob_moore_6862,test123,bob.moore6862@example.com,premium,US
grace_davis_6863,test123,grace.davis6863@example.com,standard,EU
eva_smith_6864,test123,eva.smith6864@example.com,standard,EU
alice_moore_6865,test123,alice.moore6865@example.com,standard,US
bob_moore_6866,test123,bob.moore6866@example.com,premium,US
john_moore_6867,test123,john.moore6867@example.com,standard,US
eva_moore_6868,test123,eva.moore6868@example.com,premium,US
grace_thomas_6869,test123,grace.thomas6869@example.com,standard,US
jane_johnson_6870,test123,jane.johnson6870@example.com,premium,US
grace_taylor_6871,test123,grace.taylor6871@example.com,standard,US
john_thomas_6872,test123,john.thomas6872@example.com,premium,US
alice_anderson_6873,test123,alice.anderson6873@example.com,premium,EU
diana_anderson_6874,test123,diana.anderson6874@example.com,standard,US
frank_smith_6875,test123,frank.smith6875@example.com,standard,US
bob_brown_6876,test123,bob.brown6876@example.com,standard,US
john_johnson_6877,test123,john.johnson6877@example.com,standard,US
jane_wilson_6878,test123,jane.wilson6878@example.com,standard,APAC
alice_wilson_6879,test123,alice.wilson6879@example.com,standard,APAC
eva_smith_6880,test123,eva.smith6880@example.com,premium,US
grace_smith_6881,test123,grace.smith6881@example.com,standard,US
grace_taylor_6882,test123,grace.taylor6882@example.com,standard,EU
charlie_anderson_6883,test123,charlie.anderson6883@example.com,standard,EU
alice_davis_6884,test123,alice.davis6884@example.com,standard,EU
charlie_brown_6885,test123,charlie.brown6885@example.com,standard,APAC
frank_moore_6886,test123,frank.moore6886@example.com,standard,US
eva_anderson_6887,test123,eva.anderson6887@example.com,standard,US
alice_moore_6888,test123,alice.moore6888@example.com,standard,US
eva_moore_6889,test123,eva.moore6889@example.com,admin,US
henry_wilson_6890,test123,henry.wilson6890@example.com,standard,EU
grace_miller_6891,test123,grace.miller6891@example.com,standard,EU
john_davis_6892,test123,john.davis6892@example.com,standard,US
frank_taylor_6893,test123,frank.taylor6893@example.com,premium,EU
eva_taylor_6894,test123,eva.taylor6894@example.com,standard,US
diana_anderson_6895,test123,diana.anderson6895@example.com,standard,US
jane_taylor_6896,test123,jane.taylor6896@example.com,standard,EU
jane_davis_6897,test123,jane.davis6897@example.com,standard,US
jane_brown_6898,test123,jane.brown6898@example.com,admin,US
charlie_davis_6899,test123,charlie.davis6899@example.com,standard,EU
alice_davis_6900,test123,alice.davis6900@example.com,standard,APAC
eva_davis_6901,test123,eva.davis6901@example.com,standard,APAC
charlie_wilson_6902,test123,charlie.wilson6902@example.com,premium,US
bob_smith_6903,test123,bob.smith6903@example.com,standard,US
john_anderson_6904,test123,john.anderson6904@example.com,standard,US
bob_thomas_6905,test123,bob.thomas6905@example.com,standard,EU
eva_thomas_6906,test123,eva.thomas6906@example.com,premium,US
grace_miller_6907,test123,grace.miller6907@example.com,standard,APAC
alice_davis_6908,test123,alice.davis6908@example.com,standard,US
grace_moore_6909,test123,grace.moore6909@example.com,premium,US
diana_thomas_6910,test123,diana.thomas6910@example.com,standard,US
charlie_taylor_6911,test123,charlie.taylor6911@example.com,premium,US
grace_davis_6912,test123,grace.davis6912@example.com,standard,EU
frank_thomas_6913,test123,frank.thomas6913@example.com,premium,EU
henry_miller_6914,test123,henry.miller6914@example.com,standard,US
frank_anderson_6915,test123,frank.anderson6915@example.com,standard,APAC
frank_thomas_6916,test123,frank.thomas6916@example.com,standard,US
eva_anderson_6917,test123,eva.anderson6917@example.com,standard,US
diana_smith_6918,test123,diana.smith6918@example.com,admin,US
john_brown_6919,test123,john.brown6919@example.com,standard,US
alice_miller_6920,test123,alice.miller6920@example.com,standard,US
diana_thomas_6921,test123,diana.thomas6921@example.com,standard,US
grace_wilson_6922,test123,grace.wilson6922@example.com,standard,APAC
alice_moore_6923,test123,alice.moore6923@example.com,standard,EU
bob_moore_6924,test123,bob.moore6924@example.com,standard,US
charlie_brown_6925,test123,charlie.brown6925@example.com,standard,US
frank_brown_6926,test123,frank.brown6926@example.com,standard,US
alice_anderson_6927,test123,alice.anderson6927@example.com,standard,APAC
john_miller_6928,test123,john.miller6928@example.com,standard,EU
charlie_wilson_6929,test123,charlie.wilson6929@example.com,admin,US
grace_brown_6930,test123,grace.brown6930@example.com,standard,EU
diana_moore_6931,test123,diana.moore6931@example.com,standard,US
john_anderson_6932,test123,john.anderson6932@example.com,standard,EU
eva_brown_6933,test123,eva.brown6933@example.com,standard,US
eva_taylor_6934,test123,eva.taylor6934@example.com,standard,APAC
grace_wilson_6935,test123,grace.wilson6935@example.com,standard,APAC
john_brown_6936,test123,john.brown6936@example.com,standard,EU
john_johnson_6937,test123,john.johnson6937@example.com,premium,US
john_brown_6938,test123,john.brown6938@example.com,standard,EU
bob_davis_6939,test123,bob.davis6939@example.com,standard,APAC
henry_anderson_6940,test123,henry.anderson6940@example.com,standard,EU
grace_thomas_6941,test123,grace.thomas6941@example.com,standard,EU
frank_wilson_6942,test123,frank.wilson6942@example.com,premium,US
charlie_moore_6943,test123,charlie.moore6943@example.com,standard,US
frank_thomas_6944,test123,frank.thomas6944@example.com,standard,EU
alice_miller_6945,test123,alice.miller6945@example.com,admin,US
eva_anderson_6946,test123,eva.anderson6946@example.com,admin,US
grace_johnson_6947,test123,grace.johnson6947@example.com,standard,EU
henry_smith_6948,test123,henry.smith6948@example.com,standard,US
charlie_moore_6949,test123,charlie.moore6949@example.com,premium,US
jane_miller_6950,test123,jane.miller6950@example.com,standard,US
eva_miller_6951,test123,eva.miller6951@example.com,standard,EU
john_smith_6952,test123,john.smith6952@example.com,standard,APAC
henry_smith_6953,test123,henry.smith6953@example.com,standard,APAC
frank_brown_6954,test123,frank.brown6954@example.com,standard,US
diana_taylor_6955,test123,diana.taylor6955@example.com,standard,US
john_anderson_6956,test123,john.anderson6956@example.com,premium,EU
frank_davis_6957,test123,frank.davis6957@example.com,standard,US
alice_davis_6958,test123,alice.davis6958@example.com,admin,EU
charlie_smith_6959,test123,charlie.smith6959@example.com,admin,APAC
bob_johnson_6960,test123,bob.johnson6960@example.com,premium,US
grace_thomas_6961,test123,grace.thomas6961@example.com,standard,US
alice_brown_6962,test123,alice.brown6962@example.com,premium,US
eva_miller_6963,test123,eva.miller6963@example.com,standard,EU
jane_miller_6964,test123,jane.miller6964@example.com,standard,US
john_wilson_6965,test123,john.wilson6965@example.com,standard,EU
eva_brown_6966,test123,eva.brown6966@example.com,standard,US
charlie_taylor_6967,test123,charlie.taylor6967@example.com,premium,US
frank_miller_6968,test123,frank.miller6968@example.com,standard,EU
charlie_miller_6969,test123,charlie.miller6969@example.com,standard,US
diana_davis_6970,test123,diana.davis6970@example.com,premium,US
jane_brown_6971,test123,jane.brown6971@example.com,standard,EU
bob_smith_6972,test123,bob.smith6972@example.com,standard,APAC
charlie_wilson_6973,test123,charlie.wilson6973@example.com,standard,US
charlie_thomas_6974,test123,charlie.thomas6974@example.com,admin,US
charlie_brown_6975,test123,charlie.brown6975@example.com,premium,US
grace_smith_6976,test123,grace.smith6976@example.com,standard,APAC
jane_davis_6977,test123,jane.davis6977@example.com,standard,APAC
bob_thomas_6978,test123,bob.thomas6978@example.com,standard,US
bob_taylor_6979,test123,bob.taylor6979@example.com,standard,US
jane_smith_6980,test123,jane.smith6980@example.com,standard,US
frank_johnson_6981,test123,frank.johnson6981@example.com,admin,APAC
alice_smith_6982,test123,alice.smith6982@example.com,standard,EU
bob_davis_6983,test123,bob.davis6983@example.com,admin,US
jane_thomas_6984,test123,jane.thomas6984@example.com,standard,EU
john_brown_6985,test123,john.brown6985@example.com,premium,US
henry_wilson_6986,test123,henry.wilson6986@example.com,admin,US
frank_smith_6987,test123,frank.smith6987@example.com,standard,US
bob_davis_6988,test123,bob.davis6988@example.com,standard,US
henry_anderson_6989,test123,henry.anderson6989@example.com,standard,APAC
jane_davis_6990,test123,jane.davis6990@example.com,standard,EU
eva_miller_6991,test123,eva.miller6991@example.com,standard,EU
alice_davis_6992,test123,alice.davis6992@example.com,standard,EU
grace_moore_6993,test123,grace.moore6993@example.com,standard,APAC
charlie_miller_6994,test123,charlie.miller6994@example.com,admin,EU
henry_brown_6995,test123,henry.brown6995@example.com,standard,US
jane_thomas_6996,test123,jane.thomas6996@example.com,premium,US
frank_moore_6997,test123,frank.moore6997@example.com,standard,US
charlie_miller_6998,test123,charlie.miller6998@example.com,standard,US
jane_brown_6999,test123,jane.brown6999@example.com,premium,US
diana_johnson_7000,test123,diana.johnson7000@example.com,standard,APAC
bob_wilson_7001,test123,bob.wilson7001@example.com,standard,US
alice_wilson_7002,test123,alice.wilson7002@example.com,standard,US
grace_taylor_7003,test123,grace.taylor7003@example.com,standard,EU
henry_brown_7004,test123,henry.brown7004@example.com,premium,APAC
alice_moore_7005,test123,alice.moore7005@example.com,standard,EU
alice_moore_7006,test123,alice.moore7006@example.com,premium,EU
frank_thomas_7007,test123,frank.thomas7007@example.com,standard,EU
bob_smith_7008,test123,bob.smith7008@example.com,standard,US
grace_smith_7009,test123,grace.smith7009@example.com,standard,US
diana_johnson_7010,test123,diana.johnson7010@example.com,standard,EU
jane_moore_7011,test123,jane.moore7011@example.com,standard,US
bob_johnson_7012,test123,bob.johnson7012@example.com,standard,APAC
jane_wilson_7013,test123,jane.wilson7013@example.com,standard,US
grace_davis_7014,test123,grace.davis7014@example.com,premium,EU
diana_anderson_7015,test123,diana.anderson7015@example.com,standard,EU
grace_davis_7016,test123,grace.davis7016@example.com,standard,APAC
charlie_miller_7017,test123,charlie.miller7017@example.com,standard,EU
grace_johnson_7018,test123,grace.johnson7018@example.com,premium,US
diana_johnson_7019,test123,diana.johnson7019@example.com,standard,US
bob_miller_7020,test123,bob.miller7020@example.com,standard,US
henry_davis_7021,test123,henry.davis7021@example.com,premium,US
henry_anderson_7022,test123,henry.anderson7022@example.com,standard,US
diana_miller_7023,test123,diana.miller7023@example.com,premium,US
grace_miller_7024,test123,grace.miller7024@example.com,standard,APAC
frank_wilson_7025,test123,frank.wilson7025@example.com,standard,US
eva_brown_7026,test123,eva.brown7026@example.com,standard,EU
frank_brown_7027,test123,frank.brown7027@example.com,premium,US
henry_anderson_7028,test123,henry.anderson7028@example.com,standard,US
jane_davis_7029,test123,jane.davis7029@example.com,standard,APAC
jane_davis_7030,test123,jane.davis7030@example.com,standard,US
henry_miller_7031,test123,henry.miller7031@example.com,premium,US
jane_brown_7032,test123,jane.brown7032@example.com,admin,US
alice_smith_7033,test123,alice.smith7033@example.com,standard,EU
frank_smith_7034,test123,frank.smith7034@example.com,standard,APAC
diana_miller_7035,test123,diana.miller7035@example.com,standard,US
john_moore_7036,test123,john.moore7036@example.com,premium,US
grace_taylor_7037,test123,grace.taylor7037@example.com,standard,US
jane_moore_7038,test123,jane.moore7038@example.com,standard,US
bob_anderson_7039,test123,bob.anderson7039@example.com,premium,EU
jane_johnson_7040,test123,jane.johnson7040@example.com,standard,APAC
grace_anderson_7041,test123,grace.anderson7041@example.com,standard,US
grace_thomas_7042,test123,grace.thomas7042@example.com,standard,US
john_wilson_7043,test123,john.wilson7043@example.com,standard,APAC
henry_brown_7044,test123,henry.brown7044@example.com,standard,US
grace_taylor_7045,test123,grace.taylor7045@example.com,premium,EU
frank_thomas_7046,test123,frank.thomas7046@example.com,standard,APAC
diana_smith_7047,test123,diana.smith7047@example.com,standard,US
john_thomas_7048,test123,john.thomas7048@example.com,premium,US
charlie_taylor_7049,test123,charlie.taylor7049@example.com,standard,EU
henry_miller_7050,test123,henry.miller7050@example.com,premium,US
eva_wilson_7051,test123,eva.wilson7051@example.com,standard,US
diana_smith_7052,test123,diana.smith7052@example.com,standard,US
alice_smith_7053,test123,alice.smith7053@example.com,premium,US
eva_miller_7054,test123,eva.miller7054@example.com,standard,US
bob_johnson_7055,test123,bob.johnson7055@example.com,standard,APAC
john_johnson_7056,test123,john.johnson7056@example.com,standard,US
henry_wilson_7057,test123,henry.wilson7057@example.com,premium,APAC
jane_smith_7058,test123,jane.smith7058@example.com,standard,APAC
jane_smith_7059,test123,jane.smith7059@example.com,premium,US
eva_thomas_7060,test123,eva.thomas7060@example.com,standard,US
henry_moore_7061,test123,henry.moore7061@example.com,standard,APAC
john_miller_7062,test123,john.miller7062@example.com,premium,APAC
grace_wilson_7063,test123,grace.wilson7063@example.com,standard,US
diana_anderson_7064,test123,diana.anderson7064@example.com,standard,EU
john_brown_7065,test123,john.brown7065@example.com,standard,EU
charlie_wilson_7066,test123,charlie.wilson7066@example.com,premium,EU
bob_taylor_7067,test123,bob.taylor7067@example.com,premium,US
john_johnson_7068,test123,john.johnson7068@example.com,standard,US
charlie_wilson_7069,test123,charlie.wilson7069@example.com,standard,US
frank_thomas_7070,test123,frank.thomas7070@example.com,admin,US
frank_brown_7071,test123,frank.brown7071@example.com,standard,US
alice_anderson_7072,test123,alice.anderson7072@example.com,standard,US
bob_wilson_7073,test123,bob.wilson7073@example.com,admin,EU
diana_thomas_7074,test123,diana.thomas7074@example.com,standard,US
john_wilson_7075,test123,john.wilson7075@example.com,standard,US
jane_davis_7076,test123,jane.davis7076@example.com,standard,US
diana_thomas_7077,test123,diana.thomas7077@example.com,standard,APAC
henry_johnson_7078,test123,henry.johnson7078@example.com,standard,US
frank_brown_7079,test123,frank.brown7079@example.com,standard,US
henry_brown_7080,test123,henry.brown7080@example.com,standard,EU
diana_anderson_7081,test123,diana.anderson7081@example.com,standard,US
bob_moore_7082,test123,bob.moore7082@example.com,premium,US
grace_wilson_7083,test123,grace.wilson7083@example.com,standard,US
jane_wilson_7084,test123,jane.wilson7084@example.com,standard,EU
eva_johnson_7085,test123,eva.johnson7085@example.com,standard,US
bob_johnson_7086,test123,bob.johnson7086@example.com,standard,US
frank_thomas_7087,test123,frank.thomas7087@example.com,standard,US
bob_moore_7088,test123,bob.moore7088@example.com,standard,US
alice_thomas_7089,test123,alice.thomas7089@example.com,admin,APAC
charlie_anderson_7090,test123,charlie.anderson7090@example.com,standard,APAC
charlie_johnson_7091,test123,charlie.johnson7091@example.com,standard,US
grace_taylor_7092,test123,grace.taylor7092@example.com,standard,US
bob_moore_7093,test123,bob.moore7093@example.com,premium,EU
eva_davis_7094,test123,eva.davis7094@example.com,premium,EU
alice_wilson_7095,test123,alice.wilson7095@example.com,premium,US
grace_moore_7096,test123,grace.moore7096@example.com,standard,US
diana_brown_7097,test123,diana.brown7097@example.com,standard,US
henry_miller_7098,test123,henry.miller7098@example.com,standard,EU
frank_taylor_7099,test123,frank.taylor7099@example.com,premium,US
frank_brown_7100,test123,frank.brown7100@example.com,standard,US
grace_anderson_7101,test123,grace.anderson7101@example.com,standard,US
frank_taylor_7102,test123,frank.taylor7102@example.com,premium,APAC
jane_smith_7103,test123,jane.smith7103@example.com,standard,US
henry_smith_7104,test123,henry.smith7104@example.com,standard,APAC
eva_johnson_7105,test123,eva.johnson7105@example.com,standard,EU
diana_thomas_7106,test123,diana.thomas7106@example.com,premium,EU
bob_johnson_7107,test123,bob.johnson7107@example.com,standard,US
bob_moore_7108,test123,bob.moore7108@example.com,standard,US
grace_anderson_7109,test123,grace.anderson7109@example.com,standard,US
jane_smith_7110,test123,jane.smith7110@example.com,standard,US
eva_davis_7111,test123,eva.davis7111@example.com,standard,EU
jane_moore_7112,test123,jane.moore7112@example.com,standard,EU
frank_johnson_7113,test123,frank.johnson7113@example.com,standard,US
charlie_johnson_7114,test123,charlie.johnson7114@example.com,premium,EU
jane_johnson_7115,test123,jane.johnson7115@example.com,standard,US
jane_anderson_7116,test123,jane.anderson7116@example.com,premium,US
charlie_miller_7117,test123,charlie.miller7117@example.com,standard,EU
jane_davis_7118,test123,jane.davis7118@example.com,standard,US
charlie_smith_7119,test123,charlie.smith7119@example.com,premium,US
eva_smith_7120,test123,eva.smith7120@example.com,standard,US
bob_johnson_7121,test123,bob.johnson7121@example.com,premium,US
alice_wilson_7122,test123,alice.wilson7122@example.com,standard,US
charlie_wilson_7123,test123,charlie.wilson7123@example.com,standard,US
john_miller_7124,test123,john.miller7124@example.com,standard,APAC
charlie_miller_7125,test123,charlie.miller7125@example.com,standard,EU
charlie_davis_7126,test123,charlie.davis7126@example.com,premium,APAC
john_smith_7127,test123,john.smith7127@example.com,standard,US
john_miller_7128,test123,john.miller7128@example.com,standard,EU
grace_moore_7129,test123,grace.moore7129@example.com,standard,US
henry_wilson_7130,test123,henry.wilson7130@example.com,standard,EU
grace_davis_7131,test123,grace.davis7131@example.com,premium,US
henry_brown_7132,test123,henry.brown7132@example.com,standard,US
diana_davis_7133,test123,diana.davis7133@example.com,premium,US
frank_wilson_7134,test123,frank.wilson7134@example.com,standard,EU
diana_miller_7135,test123,diana.miller7135@example.com,premium,US
grace_smith_7136,test123,grace.smith7136@example.com,standard,APAC
jane_taylor_7137,test123,jane.taylor7137@example.com,premium,US
john_anderson_7138,test123,john.anderson7138@example.com,standard,US
frank_miller_7139,test123,frank.miller7139@example.com,standard,US
alice_davis_7140,test123,alice.davis7140@example.com,premium,EU
alice_wilson_7141,test123,alice.wilson7141@example.com,standard,APAC
frank_wilson_7142,test123,frank.wilson7142@example.com,premium,US
jane_anderson_7143,test123,jane.anderson7143@example.com,standard,EU
jane_johnson_7144,test123,jane.johnson7144@example.com,standard,US
alice_davis_7145,test123,alice.davis7145@example.com,standard,US
frank_wilson_7146,test123,frank.wilson7146@example.com,standard,US
henry_davis_7147,test123,henry.davis7147@example.com,admin,US
diana_anderson_7148,test123,diana.anderson7148@example.com,premium,US
diana_johnson_7149,test123,diana.johnson7149@example.com,standard,APAC
henry_thomas_7150,test123,henry.thomas7150@example.com,standard,US
eva_wilson_7151,test123,eva.wilson7151@example.com,premium,US
grace_taylor_7152,test123,grace.taylor7152@example.com,standard,US
alice_anderson_7153,test123,alice.anderson7153@example.com,standard,US
eva_johnson_7154,test123,eva.johnson7154@example.com,standard,US
charlie_anderson_7155,test123,charlie.anderson7155@example.com,standard,US
john_brown_7156,test123,john.brown7156@example.com,standard,US
diana_smith_7157,test123,diana.smith7157@example.com,standard,US
henry_johnson_7158,test123,henry.johnson7158@example.com,premium,US
diana_taylor_7159,test123,diana.taylor7159@example.com,standard,APAC
alice_miller_7160,test123,alice.miller7160@example.com,standard,US
henry_wilson_7161,test123,henry.wilson7161@example.com,standard,US
frank_moore_7162,test123,frank.moore7162@example.com,premium,US
grace_moore_7163,test123,grace.moore7163@example.com,standard,EU
bob_brown_7164,test123,bob.brown7164@example.com,standard,US
frank_davis_7165,test123,frank.davis7165@example.com,standard,US
jane_brown_7166,test123,jane.brown7166@example.com,standard,APAC
diana_moore_7167,test123,diana.moore7167@example.com,standard,APAC
john_taylor_7168,test123,john.taylor7168@example.com,standard,US
eva_smith_7169,test123,eva.smith7169@example.com,standard,EU
diana_taylor_7170,test123,diana.taylor7170@example.com,premium,EU
charlie_wilson_7171,test123,charlie.wilson7171@example.com,standard,US
grace_miller_7172,test123,grace.miller7172@example.com,standard,EU
henry_brown_7173,test123,henry.brown7173@example.com,standard,APAC
grace_miller_7174,test123,grace.miller7174@example.com,standard,APAC
jane_moore_7175,test123,jane.moore7175@example.com,standard,US
henry_thomas_7176,test123,henry.thomas7176@example.com,premium,US
bob_taylor_7177,test123,bob.taylor7177@example.com,standard,APAC
diana_thomas_7178,test123,diana.thomas7178@example.com,standard,US
eva_wilson_7179,test123,eva.wilson7179@example.com,standard,US
bob_wilson_7180,test123,bob.wilson7180@example.com,standard,US
eva_johnson_7181,test123,eva.johnson7181@example.com,standard,EU
jane_brown_7182,test123,jane.brown7182@example.com,standard,US
alice_wilson_7183,test123,alice.wilson7183@example.com,standard,US
frank_thomas_7184,test123,frank.thomas7184@example.com,premium,US
grace_miller_7185,test123,grace.miller7185@example.com,standard,EU
frank_taylor_7186,test123,frank.taylor7186@example.com,standard,US
bob_anderson_7187,test123,bob.anderson7187@example.com,premium,EU
jane_wilson_7188,test123,jane.wilson7188@example.com,premium,APAC
grace_thomas_7189,test123,grace.thomas7189@example.com,standard,EU
henry_anderson_7190,test123,henry.anderson7190@example.com,standard,US
grace_smith_7191,test123,grace.smith7191@example.com,premium,EU
eva_thomas_7192,test123,eva.thomas7192@example.com,standard,US
jane_smith_7193,test123,jane.smith7193@example.com,standard,EU
alice_moore_7194,test123,alice.moore7194@example.com,premium,US
grace_miller_7195,test123,grace.miller7195@example.com,standard,EU
charlie_davis_7196,test123,charlie.davis7196@example.com,standard,US
charlie_wilson_7197,test123,charlie.wilson7197@example.com,standard,APAC
eva_miller_7198,test123,eva.miller7198@example.com,standard,US
henry_thomas_7199,test123,henry.thomas7199@example.com,premium,US
bob_moore_7200,test123,bob.moore7200@example.com,admin,APAC
grace_smith_7201,test123,grace.smith7201@example.com,standard,US
charlie_miller_7202,test123,charlie.miller7202@example.com,premium,US
bob_taylor_7203,test123,bob.taylor7203@example.com,premium,US
frank_thomas_7204,test123,frank.thomas7204@example.com,premium,US
frank_brown_7205,test123,frank.brown7205@example.com,standard,APAC
john_moore_7206,test123,john.moore7206@example.com,premium,US
john_johnson_7207,test123,john.johnson7207@example.com,standard,EU
jane_smith_7208,test123,jane.smith7208@example.com,standard,US
john_wilson_7209,test123,john.wilson7209@example.com,standard,US
frank_davis_7210,test123,frank.davis7210@example.com,admin,EU
john_johnson_7211,test123,john.johnson7211@example.com,standard,US
grace_davis_7212,test123,grace.davis7212@example.com,standard,US
eva_johnson_7213,test123,eva.johnson7213@example.com,standard,US
grace_brown_7214,test123,grace.brown7214@example.com,premium,US
henry_johnson_7215,test123,henry.johnson7215@example.com,standard,APAC
henry_brown_7216,test123,henry.brown7216@example.com,premium,US
eva_thomas_7217,test123,eva.thomas7217@example.com,standard,EU
jane_johnson_7218,test123,jane.johnson7218@example.com,premium,US
diana_wilson_7219,test123,diana.wilson7219@example.com,standard,US
frank_anderson_7220,test123,frank.anderson7220@example.com,premium,US
frank_moore_7221,test123,frank.moore7221@example.com,standard,APAC
john_anderson_7222,test123,john.anderson7222@example.com,premium,EU
bob_miller_7223,test123,bob.miller7223@example.com,standard,US
frank_anderson_7224,test123,frank.anderson7224@example.com,standard,APAC
charlie_smith_7225,test123,charlie.smith7225@example.com,standard,APAC
alice_thomas_7226,test123,alice.thomas7226@example.com,admin,US
henry_miller_7227,test123,henry.miller7227@example.com,premium,US
jane_taylor_7228,test123,jane.taylor7228@example.com,admin,APAC
charlie_thomas_7229,test123,charlie.thomas7229@example.com,standard,US
alice_johnson_7230,test123,alice.johnson7230@example.com,standard,US
bob_johnson_7231,test123,bob.johnson7231@example.com,premium,US
henry_taylor_7232,test123,henry.taylor7232@example.com,standard,EU
eva_moore_7233,test123,eva.moore7233@example.com,standard,US
henry_wilson_7234,test123,henry.wilson7234@example.com,standard,EU
alice_davis_7235,test123,alice.davis7235@example.com,premium,EU
alice_taylor_7236,test123,alice.taylor7236@example.com,standard,US
john_davis_7237,test123,john.davis7237@example.com,standard,EU
frank_anderson_7238,test123,frank.anderson7238@example.com,standard,US
eva_brown_7239,test123,eva.brown7239@example.com,standard,EU
john_anderson_7240,test123,john.anderson7240@example.com,standard,US
jane_thomas_7241,test123,jane.thomas7241@example.com,premium,US
john_miller_7242,test123,john.miller7242@example.com,premium,APAC
john_taylor_7243,test123,john.taylor7243@example.com,premium,US
john_brown_7244,test123,john.brown7244@example.com,standard,EU
bob_brown_7245,test123,bob.brown7245@example.com,standard,EU
diana_miller_7246,test123,diana.miller7246@example.com,premium,APAC
jane_taylor_7247,test123,jane.taylor7247@example.com,premium,US
grace_brown_7248,test123,grace.brown7248@example.com,standard,APAC
charlie_anderson_7249,test123,charlie.anderson7249@example.com,premium,EU
grace_davis_7250,test123,grace.davis7250@example.com,premium,US
eva_johnson_7251,test123,eva.johnson7251@example.com,standard,US
charlie_moore_7252,test123,charlie.moore7252@example.com,standard,US
henry_smith_7253,test123,henry.smith7253@example.com,premium,EU
frank_moore_7254,test123,frank.moore7254@example.com,standard,US
alice_anderson_7255,test123,alice.anderson7255@example.com,standard,EU
jane_anderson_7256,test123,jane.anderson7256@example.com,standard,US
alice_miller_7257,test123,alice.miller7257@example.com,standard,US
grace_brown_7258,test123,grace.brown7258@example.com,premium,US
alice_thomas_7259,test123,alice.thomas7259@example.com,standard,US
john_johnson_7260,test123,john.johnson7260@example.com,standard,EU
alice_miller_7261,test123,alice.miller7261@example.com,standard,US
eva_moore_7262,test123,eva.moore7262@example.com,standard,US
charlie_thomas_7263,test123,charlie.thomas7263@example.com,admin,US
eva_taylor_7264,test123,eva.taylor7264@example.com,premium,US
alice_miller_7265,test123,alice.miller7265@example.com,premium,US
frank_davis_7266,test123,frank.davis7266@example.com,admin,US
diana_wilson_7267,test123,diana.wilson7267@example.com,standard,APAC
eva_anderson_7268,test123,eva.anderson7268@example.com,premium,US
john_davis_7269,test123,john.davis7269@example.com,standard,US
alice_wilson_7270,test123,alice.wilson7270@example.com,premium,US
diana_miller_7271,test123,diana.miller7271@example.com,standard,EU
john_miller_7272,test123,john.miller7272@example.com,standard,EU
diana_moore_7273,test123,diana.moore7273@example.com,standard,US
jane_smith_7274,test123,jane.smith7274@example.com,standard,US
grace_davis_7275,test123,grace.davis7275@example.com,standard,APAC
john_smith_7276,test123,john.smith7276@example.com,standard,APAC
grace_brown_7277,test123,grace.brown7277@example.com,standard,EU
frank_anderson_7278,test123,frank.anderson7278@example.com,standard,EU
grace_anderson_7279,test123,grace.anderson7279@example.com,standard,US
jane_smith_7280,test123,jane.smith7280@example.com,standard,US
eva_johnson_7281,test123,eva.johnson7281@example.com,standard,US
jane_taylor_7282,test123,jane.taylor7282@example.com,standard,US
jane_taylor_7283,test123,jane.taylor7283@example.com,standard,US
grace_davis_7284,test123,grace.davis7284@example.com,standard,US
bob_taylor_7285,test123,bob.taylor7285@example.com,premium,US
diana_taylor_7286,test123,diana.taylor7286@example.com,standard,US
bob_brown_7287,test123,bob.brown7287@example.com,standard,US
diana_miller_7288,test123,diana.miller7288@example.com,standard,US
john_thomas_7289,test123,john.thomas7289@example.com,standard,US
alice_taylor_7290,test123,alice.taylor7290@example.com,standard,US
jane_taylor_7291,test123,jane.taylor7291@example.com,premium,US
charlie_anderson_7292,test123,charlie.anderson7292@example.com,premium,US
bob_brown_7293,test123,bob.brown7293@example.com,premium,US
john_brown_7294,test123,john.brown7294@example.com,standard,US
jane_anderson_7295,test123,jane.anderson7295@example.com,premium,US
henry_wilson_7296,test123,henry.wilson7296@example.com,premium,US
grace_miller_7297,test123,grace.miller7297@example.com,standard,APAC
eva_moore_7298,test123,eva.moore7298@example.com,standard,US
alice_thomas_7299,test123,alice.thomas7299@example.com,standard,US
grace_miller_7300,test123,grace.miller7300@example.com,premium,EU
frank_johnson_7301,test123,frank.johnson7301@example.com,standard,US
alice_thomas_7302,test123,alice.thomas7302@example.com,standard,US
henry_moore_7303,test123,henry.moore7303@example.com,standard,EU
alice_johnson_7304,test123,alice.johnson7304@example.com,standard,APAC
eva_johnson_7305,test123,eva.johnson7305@example.com,standard,EU
bob_wilson_7306,test123,bob.wilson7306@example.com,standard,US
charlie_taylor_7307,test123,charlie.taylor7307@example.com,premium,US
eva_moore_7308,test123,eva.moore7308@example.com,standard,US
alice_taylor_7309,test123,alice.taylor7309@example.com,premium,US
eva_davis_7310,test123,eva.davis7310@example.com,standard,EU
alice_taylor_7311,test123,alice.taylor7311@example.com,premium,US
diana_johnson_7312,test123,diana.johnson7312@example.com,standard,US
jane_anderson_7313,test123,jane.anderson7313@example.com,premium,APAC
diana_wilson_7314,test123,diana.wilson7314@example.com,standard,EU
frank_davis_7315,test123,frank.davis7315@example.com,standard,APAC
diana_moore_7316,test123,diana.moore7316@example.com,standard,EU
bob_anderson_7317,test123,bob.anderson7317@example.com,standard,US
grace_davis_7318,test123,grace.davis7318@example.com,premium,EU
bob_moore_7319,test123,bob.moore7319@example.com,standard,US
diana_miller_7320,test123,diana.miller7320@example.com,standard,US
john_anderson_7321,test123,john.anderson7321@example.com,standard,US
frank_johnson_7322,test123,frank.johnson7322@example.com,standard,US
grace_miller_7323,test123,grace.miller7323@example.com,standard,US
eva_smith_7324,test123,eva.smith7324@example.com,standard,US
diana_smith_7325,test123,diana.smith7325@example.com,standard,US
jane_wilson_7326,test123,jane.wilson7326@example.com,premium,US
eva_taylor_7327,test123,eva.taylor7327@example.com,premium,US
henry_brown_7328,test123,henry.brown7328@example.com,premium,EU
charlie_brown_7329,test123,charlie.brown7329@example.com,standard,US
henry_smith_7330,test123,henry.smith7330@example.com,premium,APAC
bob_davis_7331,test123,bob.davis7331@example.com,standard,EU
bob_wilson_7332,test123,bob.wilson7332@example.com,standard,APAC
diana_wilson_7333,test123,diana.wilson7333@example.com,standard,US
alice_brown_7334,test123,alice.brown7334@example.com,admin,US
henry_moore_7335,test123,henry.moore7335@example.com,standard,US
eva_anderson_7336,test123,eva.anderson7336@example.com,premium,EU
frank_smith_7337,test123,frank.smith7337@example.com,premium,US
henry_brown_7338,test123,henry.brown7338@example.com,standard,US
bob_brown_7339,test123,bob.brown7339@example.com,standard,US
henry_wilson_7340,test123,henry.wilson7340@example.com,standard,EU
charlie_moore_7341,test123,charlie.moore7341@example.com,standard,US
alice_anderson_7342,test123,alice.anderson7342@example.com,standard,EU
jane_davis_7343,test123,jane.davis7343@example.com,standard,EU
frank_taylor_7344,test123,frank.taylor7344@example.com,standard,US
john_wilson_7345,test123,john.wilson7345@example.com,standard,US
henry_brown_7346,test123,henry.brown7346@example.com,admin,US
jane_brown_7347,test123,jane.brown7347@example.com,premium,US
henry_miller_7348,test123,henry.miller7348@example.com,standard,APAC
john_wilson_7349,test123,john.wilson7349@example.com,standard,EU
diana_davis_7350,test123,diana.davis7350@example.com,standard,US
charlie_brown_7351,test123,charlie.brown7351@example.com,premium,US
jane_brown_7352,test123,jane.brown7352@example.com,premium,US
jane_moore_7353,test123,jane.moore7353@example.com,standard,US
diana_davis_7354,test123,diana.davis7354@example.com,standard,APAC
bob_brown_7355,test123,bob.brown7355@example.com,standard,EU
frank_miller_7356,test123,frank.miller7356@example.com,standard,US
alice_brown_7357,test123,alice.brown7357@example.com,premium,EU
john_davis_7358,test123,john.davis7358@example.com,standard,US
frank_miller_7359,test123,frank.miller7359@example.com,standard,US
alice_davis_7360,test123,alice.davis7360@example.com,premium,US
jane_anderson_7361,test123,jane.anderson7361@example.com,standard,APAC
eva_wilson_7362,test123,eva.wilson7362@example.com,standard,US
jane_brown_7363,test123,jane.brown7363@example.com,standard,US
henry_miller_7364,test123,henry.miller7364@example.com,standard,EU
frank_smith_7365,test123,frank.smith7365@example.com,standard,US
bob_anderson_7366,test123,bob.anderson7366@example.com,premium,US
alice_taylor_7367,test123,alice.taylor7367@example.com,premium,US
jane_wilson_7368,test123,jane.wilson7368@example.com,standard,US
jane_moore_7369,test123,jane.moore7369@example.com,standard,EU
grace_smith_7370,test123,grace.smith7370@example.com,premium,US
diana_smith_7371,test123,diana.smith7371@example.com,standard,US
grace_johnson_7372,test123,grace.johnson7372@example.com,standard,US
henry_taylor_7373,test123,henry.taylor7373@example.com,premium,APAC
john_brown_7374,test123,john.brown7374@example.com,standard,US
grace_smith_7375,test123,grace.smith7375@example.com,standard,US
charlie_taylor_7376,test123,charlie.taylor7376@example.com,standard,EU
alice_moore_7377,test123,alice.moore7377@example.com,admin,US
bob_brown_7378,test123,bob.brown7378@example.com,standard,US
diana_davis_7379,test123,diana.davis7379@example.com,standard,US
alice_johnson_7380,test123,alice.johnson7380@example.com,standard,US
diana_taylor_7381,test123,diana.taylor7381@example.com,standard,EU
grace_johnson_7382,test123,grace.johnson7382@example.com,standard,US
eva_johnson_7383,test123,eva.johnson7383@example.com,premium,APAC
grace_taylor_7384,test123,grace.taylor7384@example.com,standard,US
bob_brown_7385,test123,bob.brown7385@example.com,standard,US
frank_davis_7386,test123,frank.davis7386@example.com,standard,US
diana_moore_7387,test123,diana.moore7387@example.com,premium,US
frank_anderson_7388,test123,frank.anderson7388@example.com,admin,EU
charlie_johnson_7389,test123,charlie.johnson7389@example.com,standard,EU
john_moore_7390,test123,john.moore7390@example.com,standard,EU
john_johnson_7391,test123,john.johnson7391@example.com,standard,EU
eva_moore_7392,test123,eva.moore7392@example.com,standard,APAC
frank_wilson_7393,test123,frank.wilson7393@example.com,standard,US
john_wilson_7394,test123,john.wilson7394@example.com,premium,US
henry_johnson_7395,test123,henry.johnson7395@example.com,premium,US
grace_davis_7396,test123,grace.davis7396@example.com,standard,US
eva_smith_7397,test123,eva.smith7397@example.com,premium,US
jane_johnson_7398,test123,jane.johnson7398@example.com,premium,EU
john_miller_7399,test123,john.miller7399@example.com,admin,APAC
frank_wilson_7400,test123,frank.wilson7400@example.com,standard,EU
bob_anderson_7401,test123,bob.anderson7401@example.com,premium,APAC
eva_johnson_7402,test123,eva.johnson7402@example.com,premium,APAC
henry_thomas_7403,test123,henry.thomas7403@example.com,standard,US
diana_thomas_7404,test123,diana.thomas7404@example.com,standard,US
henry_thomas_7405,test123,henry.thomas7405@example.com,standard,US
frank_smith_7406,test123,frank.smith7406@example.com,premium,US
henry_moore_7407,test123,henry.moore7407@example.com,standard,US
frank_davis_7408,test123,frank.davis7408@example.com,standard,US
jane_anderson_7409,test123,jane.anderson7409@example.com,standard,US
diana_brown_7410,test123,diana.brown7410@example.com,standard,US
bob_anderson_7411,test123,bob.anderson7411@example.com,standard,US
john_moore_7412,test123,john.moore7412@example.com,standard,US
grace_moore_7413,test123,grace.moore7413@example.com,premium,EU
frank_moore_7414,test123,frank.moore7414@example.com,standard,EU
diana_moore_7415,test123,diana.moore7415@example.com,standard,US
charlie_anderson_7416,test123,charlie.anderson7416@example.com,standard,US
eva_taylor_7417,test123,eva.taylor7417@example.com,standard,US
diana_smith_7418,test123,diana.smith7418@example.com,standard,US
diana_thomas_7419,test123,diana.thomas7419@example.com,standard,EU
henry_smith_7420,test123,henry.smith7420@example.com,premium,US
charlie_johnson_7421,test123,charlie.johnson7421@example.com,premium,US
diana_taylor_7422,test123,diana.taylor7422@example.com,premium,US
frank_davis_7423,test123,frank.davis7423@example.com,standard,US
alice_taylor_7424,test123,alice.taylor7424@example.com,standard,EU
alice_moore_7425,test123,alice.moore7425@example.com,standard,US
john_taylor_7426,test123,john.taylor7426@example.com,standard,US
jane_davis_7427,test123,jane.davis7427@example.com,standard,US
alice_wilson_7428,test123,alice.wilson7428@example.com,standard,US
diana_taylor_7429,test123,diana.taylor7429@example.com,standard,US
alice_moore_7430,test123,alice.moore7430@example.com,standard,US
alice_brown_7431,test123,alice.brown7431@example.com,standard,APAC
frank_wilson_7432,test123,frank.wilson7432@example.com,standard,EU
eva_moore_7433,test123,eva.moore7433@example.com,standard,US
charlie_anderson_7434,test123,charlie.anderson7434@example.com,standard,US
john_miller_7435,test123,john.miller7435@example.com,standard,EU
grace_smith_7436,test123,grace.smith7436@example.com,premium,US
jane_davis_7437,test123,jane.davis7437@example.com,standard,US
jane_anderson_7438,test123,jane.anderson7438@example.com,standard,US
john_miller_7439,test123,john.miller7439@example.com,standard,US
charlie_johnson_7440,test123,charlie.johnson7440@example.com,standard,US
alice_thomas_7441,test123,alice.thomas7441@example.com,premium,US
henry_miller_7442,test123,henry.miller7442@example.com,premium,EU
alice_moore_7443,test123,alice.moore7443@example.com,standard,US
alice_moore_7444,test123,alice.moore7444@example.com,standard,US
john_miller_7445,test123,john.miller7445@example.com,premium,US
john_moore_7446,test123,john.moore7446@example.com,premium,EU
frank_smith_7447,test123,frank.smith7447@example.com,premium,APAC
jane_smith_7448,test123,jane.smith7448@example.com,standard,US
jane_johnson_7449,test123,jane.johnson7449@example.com,standard,US
john_miller_7450,test123,john.miller7450@example.com,standard,US
grace_johnson_7451,test123,grace.johnson7451@example.com,standard,EU
john_moore_7452,test123,john.moore7452@example.com,standard,US
diana_brown_7453,test123,diana.brown7453@example.com,premium,APAC
alice_thomas_7454,test123,alice.thomas7454@example.com,standard,EU
eva_wilson_7455,test123,eva.wilson7455@example.com,admin,EU
bob_smith_7456,test123,bob.smith7456@example.com,standard,EU
henry_brown_7457,test123,henry.brown7457@example.com,standard,US
diana_johnson_7458,test123,diana.johnson7458@example.com,premium,APAC
bob_taylor_7459,test123,bob.taylor7459@example.com,standard,US
alice_johnson_7460,test123,alice.johnson7460@example.com,standard,US
alice_thomas_7461,test123,alice.thomas7461@example.com,premium,US
bob_smith_7462,test123,bob.smith7462@example.com,admin,EU
frank_smith_7463,test123,frank.smith7463@example.com,standard,US
eva_johnson_7464,test123,eva.johnson7464@example.com,standard,US
frank_johnson_7465,test123,frank.johnson7465@example.com,admin,US
charlie_smith_7466,test123,charlie.smith7466@example.com,standard,US
henry_taylor_7467,test123,henry.taylor7467@example.com,standard,US
diana_davis_7468,test123,diana.davis7468@example.com,premium,US
john_davis_7469,test123,john.davis7469@example.com,standard,US
john_moore_7470,test123,john.moore7470@example.com,standard,US
john_thomas_7471,test123,john.thomas7471@example.com,standard,US
alice_anderson_7472,test123,alice.anderson7472@example.com,standard,US
diana_brown_7473,test123,diana.brown7473@example.com,standard,EU
charlie_brown_7474,test123,charlie.brown7474@example.com,standard,EU
grace_taylor_7475,test123,grace.taylor7475@example.com,standard,EU
alice_miller_7476,test123,alice.miller7476@example.com,standard,EU
charlie_johnson_7477,test123,charlie.johnson7477@example.com,standard,US
eva_thomas_7478,test123,eva.thomas7478@example.com,premium,US
henry_davis_7479,test123,henry.davis7479@example.com,standard,EU
grace_miller_7480,test123,grace.miller7480@example.com,standard,US
frank_johnson_7481,test123,frank.johnson7481@example.com,standard,US
frank_johnson_7482,test123,frank.johnson7482@example.com,standard,US
grace_brown_7483,test123,grace.brown7483@example.com,admin,US
bob_wilson_7484,test123,bob.wilson7484@example.com,premium,US
alice_johnson_7485,test123,alice.johnson7485@example.com,premium,US
henry_thomas_7486,test123,henry.thomas7486@example.com,standard,US
diana_johnson_7487,test123,diana.johnson7487@example.com,standard,US
john_smith_7488,test123,john.smith7488@example.com,standard,EU
henry_taylor_7489,test123,henry.taylor7489@example.com,premium,EU
henry_wilson_7490,test123,henry.wilson7490@example.com,standard,US
john_taylor_7491,test123,john.taylor7491@example.com,standard,APAC
eva_smith_7492,test123,eva.smith7492@example.com,standard,EU
jane_davis_7493,test123,jane.davis7493@example.com,admin,US
bob_johnson_7494,test123,bob.johnson7494@example.com,premium,EU
jane_smith_7495,test123,jane.smith7495@example.com,standard,US
bob_thomas_7496,test123,bob.thomas7496@example.com,standard,EU
bob_brown_7497,test123,bob.brown7497@example.com,standard,APAC
john_davis_7498,test123,john.davis7498@example.com,standard,EU
jane_brown_7499,test123,jane.brown7499@example.com,standard,US
alice_brown_7500,test123,alice.brown7500@example.com,standard,EU
alice_anderson_7501,test123,alice.anderson7501@example.com,standard,APAC
charlie_anderson_7502,test123,charlie.anderson7502@example.com,standard,APAC
henry_davis_7503,test123,henry.davis7503@example.com,standard,US
alice_brown_7504,test123,alice.brown7504@example.com,standard,US
frank_davis_7505,test123,frank.davis7505@example.com,premium,US
charlie_brown_7506,test123,charlie.brown7506@example.com,standard,EU
henry_davis_7507,test123,henry.davis7507@example.com,premium,US
bob_johnson_7508,test123,bob.johnson7508@example.com,standard,APAC
jane_smith_7509,test123,jane.smith7509@example.com,premium,EU
alice_wilson_7510,test123,alice.wilson7510@example.com,standard,EU
eva_taylor_7511,test123,eva.taylor7511@example.com,standard,US
jane_davis_7512,test123,jane.davis7512@example.com,standard,APAC
diana_thomas_7513,test123,diana.thomas7513@example.com,standard,APAC
henry_moore_7514,test123,henry.moore7514@example.com,admin,US
john_smith_7515,test123,john.smith7515@example.com,standard,APAC
jane_smith_7516,test123,jane.smith7516@example.com,standard,APAC
bob_wilson_7517,test123,bob.wilson7517@example.com,standard,US
grace_taylor_7518,test123,grace.taylor7518@example.com,admin,APAC
henry_anderson_7519,test123,henry.anderson7519@example.com,standard,US
eva_wilson_7520,test123,eva.wilson7520@example.com,standard,US
diana_johnson_7521,test123,diana.johnson7521@example.com,standard,APAC
charlie_wilson_7522,test123,charlie.wilson7522@example.com,standard,US
bob_moore_7523,test123,bob.moore7523@example.com,standard,US
jane_thomas_7524,test123,jane.thomas7524@example.com,standard,US
frank_thomas_7525,test123,frank.thomas7525@example.com,premium,US
charlie_brown_7526,test123,charlie.brown7526@example.com,standard,APAC
charlie_anderson_7527,test123,charlie.anderson7527@example.com,standard,US
john_davis_7528,test123,john.davis7528@example.com,premium,EU
charlie_anderson_7529,test123,charlie.anderson7529@example.com,standard,EU
alice_thomas_7530,test123,alice.thomas7530@example.com,standard,EU
diana_anderson_7531,test123,diana.anderson7531@example.com,premium,US
john_thomas_7532,test123,john.thomas7532@example.com,standard,EU
charlie_wilson_7533,test123,charlie.wilson7533@example.com,premium,US
eva_johnson_7534,test123,eva.johnson7534@example.com,premium,US
alice_miller_7535,test123,alice.miller7535@example.com,standard,APAC
john_wilson_7536,test123,john.wilson7536@example.com,standard,US
jane_johnson_7537,test123,jane.johnson7537@example.com,admin,US
alice_wilson_7538,test123,alice.wilson7538@example.com,standard,US
eva_johnson_7539,test123,eva.johnson7539@example.com,premium,US
bob_johnson_7540,test123,bob.johnson7540@example.com,premium,APAC
charlie_miller_7541,test123,charlie.miller7541@example.com,standard,EU
john_taylor_7542,test123,john.taylor7542@example.com,standard,US
bob_moore_7543,test123,bob.moore7543@example.com,standard,APAC
jane_davis_7544,test123,jane.davis7544@example.com,premium,APAC
john_moore_7545,test123,john.moore7545@example.com,premium,US
eva_miller_7546,test123,eva.miller7546@example.com,standard,EU
jane_taylor_7547,test123,jane.taylor7547@example.com,standard,APAC
frank_wilson_7548,test123,frank.wilson7548@example.com,premium,EU
alice_moore_7549,test123,alice.moore7549@example.com,standard,US
alice_moore_7550,test123,alice.moore7550@example.com,standard,EU
frank_smith_7551,test123,frank.smith7551@example.com,standard,US
grace_miller_7552,test123,grace.miller7552@example.com,standard,US
bob_wilson_7553,test123,bob.wilson7553@example.com,standard,US
henry_smith_7554,test123,henry.smith7554@example.com,standard,US
jane_moore_7555,test123,jane.moore7555@example.com,standard,US
charlie_wilson_7556,test123,charlie.wilson7556@example.com,standard,EU
charlie_anderson_7557,test123,charlie.anderson7557@example.com,standard,APAC
john_anderson_7558,test123,john.anderson7558@example.com,standard,US
jane_johnson_7559,test123,jane.johnson7559@example.com,standard,US
grace_thomas_7560,test123,grace.thomas7560@example.com,standard,APAC
john_anderson_7561,test123,john.anderson7561@example.com,premium,US
eva_smith_7562,test123,eva.smith7562@example.com,premium,US
frank_davis_7563,test123,frank.davis7563@example.com,standard,US
john_smith_7564,test123,john.smith7564@example.com,premium,US
bob_wilson_7565,test123,bob.wilson7565@example.com,standard,US
alice_johnson_7566,test123,alice.johnson7566@example.com,premium,APAC
grace_johnson_7567,test123,grace.johnson7567@example.com,standard,US
eva_moore_7568,test123,eva.moore7568@example.com,standard,EU
diana_anderson_7569,test123,diana.anderson7569@example.com,admin,US
eva_smith_7570,test123,eva.smith7570@example.com,standard,US
john_moore_7571,test123,john.moore7571@example.com,standard,EU
frank_wilson_7572,test123,frank.wilson7572@example.com,premium,US
frank_brown_7573,test123,frank.brown7573@example.com,premium,EU
diana_moore_7574,test123,diana.moore7574@example.com,premium,US
alice_johnson_7575,test123,alice.johnson7575@example.com,standard,US
henry_moore_7576,test123,henry.moore7576@example.com,standard,US
eva_thomas_7577,test123,eva.thomas7577@example.com,standard,US
charlie_anderson_7578,test123,charlie.anderson7578@example.com,standard,US
jane_moore_7579,test123,jane.moore7579@example.com,standard,EU
charlie_smith_7580,test123,charlie.smith7580@example.com,standard,US
grace_anderson_7581,test123,grace.anderson7581@example.com,standard,US
henry_johnson_7582,test123,henry.johnson7582@example.com,standard,US
charlie_johnson_7583,test123,charlie.johnson7583@example.com,premium,US
henry_moore_7584,test123,henry.moore7584@example.com,premium,US
john_smith_7585,test123,john.smith7585@example.com,premium,US
jane_wilson_7586,test123,jane.wilson7586@example.com,standard,US
diana_anderson_7587,test123,diana.anderson7587@example.com,standard,US
john_brown_7588,test123,john.brown7588@example.com,standard,EU
grace_moore_7589,test123,grace.moore7589@example.com,standard,EU
alice_moore_7590,test123,alice.moore7590@example.com,premium,US
henry_moore_7591,test123,henry.moore7591@example.com,premium,APAC
charlie_taylor_7592,test123,charlie.taylor7592@example.com,standard,US
frank_taylor_7593,test123,frank.taylor7593@example.com,premium,US
john_johnson_7594,test123,john.johnson7594@example.com,standard,US
john_thomas_7595,test123,john.thomas7595@example.com,premium,US
jane_johnson_7596,test123,jane.johnson7596@example.com,standard,US
henry_davis_7597,test123,henry.davis7597@example.com,standard,EU
eva_taylor_7598,test123,eva.taylor7598@example.com,standard,EU
diana_miller_7599,test123,diana.miller7599@example.com,standard,US
bob_thomas_7600,test123,bob.thomas7600@example.com,standard,EU
john_moore_7601,test123,john.moore7601@example.com,premium,US
alice_miller_7602,test123,alice.miller7602@example.com,standard,US
diana_miller_7603,test123,diana.miller7603@example.com,standard,US
diana_smith_7604,test123,diana.smith7604@example.com,standard,APAC
henry_davis_7605,test123,henry.davis7605@example.com,premium,US
bob_johnson_7606,test123,bob.johnson7606@example.com,standard,US
jane_miller_7607,test123,jane.miller7607@example.com,admin,EU
jane_miller_7608,test123,jane.miller7608@example.com,standard,EU
henry_miller_7609,test123,henry.miller7609@example.com,standard,US
jane_wilson_7610,test123,jane.wilson7610@example.com,standard,US
bob_moore_7611,test123,bob.moore7611@example.com,premium,APAC
eva_johnson_7612,test123,eva.johnson7612@example.com,standard,US
diana_taylor_7613,test123,diana.taylor7613@example.com,standard,US
eva_smith_7614,test123,eva.smith7614@example.com,standard,APAC
bob_wilson_7615,test123,bob.wilson7615@example.com,standard,US
john_johnson_7616,test123,john.johnson7616@example.com,standard,EU
alice_anderson_7617,test123,alice.anderson7617@example.com,premium,US
eva_thomas_7618,test123,eva.thomas7618@example.com,standard,EU
diana_davis_7619,test123,diana.davis7619@example.com,standard,EU
henry_thomas_7620,test123,henry.thomas7620@example.com,standard,US
charlie_davis_7621,test123,charlie.davis7621@example.com,standard,EU
grace_thomas_7622,test123,grace.thomas7622@example.com,standard,EU
diana_miller_7623,test123,diana.miller7623@example.com,standard,APAC
alice_taylor_7624,test123,alice.taylor7624@example.com,standard,US
eva_johnson_7625,test123,eva.johnson7625@example.com,standard,US
frank_brown_7626,test123,frank.brown7626@example.com,standard,US
grace_anderson_7627,test123,grace.anderson7627@example.com,standard,US
charlie_anderson_7628,test123,charlie.anderson7628@example.com,standard,EU
henry_thomas_7629,test123,henry.thomas7629@example.com,standard,EU
bob_smith_7630,test123,bob.smith7630@example.com,standard,EU
eva_brown_7631,test123,eva.brown7631@example.com,standard,APAC
eva_davis_7632,test123,eva.davis7632@example.com,premium,APAC
john_smith_7633,test123,john.smith7633@example.com,premium,US
eva_moore_7634,test123,eva.moore7634@example.com,standard,US
eva_johnson_7635,test123,eva.johnson7635@example.com,standard,US
alice_anderson_7636,test123,alice.anderson7636@example.com,standard,US
diana_moore_7637,test123,diana.moore7637@example.com,premium,US
charlie_davis_7638,test123,charlie.davis7638@example.com,premium,US
eva_davis_7639,test123,eva.davis7639@example.com,standard,EU
grace_brown_7640,test123,grace.brown7640@example.com,standard,APAC
henry_smith_7641,test123,henry.smith7641@example.com,standard,US
charlie_taylor_7642,test123,charlie.taylor7642@example.com,premium,EU
charlie_wilson_7643,test123,charlie.wilson7643@example.com,standard,US
grace_thomas_7644,test123,grace.thomas7644@example.com,admin,US
jane_davis_7645,test123,jane.davis7645@example.com,standard,US
alice_wilson_7646,test123,alice.wilson7646@example.com,standard,US
diana_anderson_7647,test123,diana.anderson7647@example.com,standard,APAC
diana_miller_7648,test123,diana.miller7648@example.com,standard,APAC
john_johnson_7649,test123,john.johnson7649@example.com,premium,US
john_johnson_7650,test123,john.johnson7650@example.com,standard,US
grace_moore_7651,test123,grace.moore7651@example.com,standard,EU
grace_taylor_7652,test123,grace.taylor7652@example.com,standard,EU
eva_miller_7653,test123,eva.miller7653@example.com,standard,US
bob_wilson_7654,test123,bob.wilson7654@example.com,premium,US
charlie_davis_7655,test123,charlie.davis7655@example.com,standard,APAC
jane_smith_7656,test123,jane.smith7656@example.com,premium,APAC
charlie_brown_7657,test123,charlie.brown7657@example.com,premium,EU
eva_moore_7658,test123,eva.moore7658@example.com,premium,US
frank_taylor_7659,test123,frank.taylor7659@example.com,standard,US
jane_johnson_7660,test123,jane.johnson7660@example.com,standard,APAC
jane_wilson_7661,test123,jane.wilson7661@example.com,standard,EU
eva_taylor_7662,test123,eva.taylor7662@example.com,standard,EU
john_wilson_7663,test123,john.wilson7663@example.com,standard,US
alice_brown_7664,test123,alice.brown7664@example.com,standard,EU
alice_davis_7665,test123,alice.davis7665@example.com,standard,EU
grace_johnson_7666,test123,grace.johnson7666@example.com,standard,EU
jane_thomas_7667,test123,jane.thomas7667@example.com,premium,APAC
diana_davis_7668,test123,diana.davis7668@example.com,standard,US
john_brown_7669,test123,john.brown7669@example.com,standard,EU
jane_taylor_7670,test123,jane.taylor7670@example.com,standard,EU
frank_miller_7671,test123,frank.miller7671@example.com,standard,APAC
john_smith_7672,test123,john.smith7672@example.com,standard,US
john_johnson_7673,test123,john.johnson7673@example.com,premium,APAC
bob_smith_7674,test123,bob.smith7674@example.com,standard,US
eva_brown_7675,test123,eva.brown7675@example.com,standard,US
eva_wilson_7676,test123,eva.wilson7676@example.com,standard,US
bob_anderson_7677,test123,bob.anderson7677@example.com,standard,US
eva_moore_7678,test123,eva.moore7678@example.com,premium,EU
jane_davis_7679,test123,jane.davis7679@example.com,standard,APAC
bob_brown_7680,test123,bob.brown7680@example.com,standard,APAC
jane_smith_7681,test123,jane.smith7681@example.com,standard,US
grace_davis_7682,test123,grace.davis7682@example.com,standard,APAC
bob_smith_7683,test123,bob.smith7683@example.com,premium,EU
eva_davis_7684,test123,eva.davis7684@example.com,standard,US
eva_taylor_7685,test123,eva.taylor7685@example.com,standard,US
frank_johnson_7686,test123,frank.johnson7686@example.com,premium,APAC
henry_miller_7687,test123,henry.miller7687@example.com,premium,EU
bob_brown_7688,test123,bob.brown7688@example.com,standard,EU
alice_taylor_7689,test123,alice.taylor7689@example.com,standard,US
alice_moore_7690,test123,alice.moore7690@example.com,standard,US
frank_davis_7691,test123,frank.davis7691@example.com,standard,US
charlie_davis_7692,test123,charlie.davis7692@example.com,standard,US
frank_anderson_7693,test123,frank.anderson7693@example.com,standard,US
henry_taylor_7694,test123,henry.taylor7694@example.com,standard,US
henry_thomas_7695,test123,henry.thomas7695@example.com,premium,US
charlie_thomas_7696,test123,charlie.thomas7696@example.com,premium,US
bob_brown_7697,test123,bob.brown7697@example.com,standard,APAC
bob_johnson_7698,test123,bob.johnson7698@example.com,standard,US
grace_johnson_7699,test123,grace.johnson7699@example.com,premium,EU
grace_moore_7700,test123,grace.moore7700@example.com,standard,US
eva_brown_7701,test123,eva.brown7701@example.com,premium,US
charlie_brown_7702,test123,charlie.brown7702@example.com,standard,EU
frank_davis_7703,test123,frank.davis7703@example.com,standard,US
alice_davis_7704,test123,alice.davis7704@example.com,standard,EU
charlie_wilson_7705,test123,charlie.wilson7705@example.com,standard,US
bob_wilson_7706,test123,bob.wilson7706@example.com,premium,EU
bob_thomas_7707,test123,bob.thomas7707@example.com,standard,US
frank_miller_7708,test123,frank.miller7708@example.com,standard,EU
eva_smith_7709,test123,eva.smith7709@example.com,premium,EU
diana_taylor_7710,test123,diana.taylor7710@example.com,standard,US
henry_thomas_7711,test123,henry.thomas7711@example.com,standard,US
alice_brown_7712,test123,alice.brown7712@example.com,standard,APAC
grace_anderson_7713,test123,grace.anderson7713@example.com,standard,APAC
henry_miller_7714,test123,henry.miller7714@example.com,standard,US
alice_wilson_7715,test123,alice.wilson7715@example.com,premium,US
eva_taylor_7716,test123,eva.taylor7716@example.com,standard,APAC
grace_anderson_7717,test123,grace.anderson7717@example.com,premium,EU
frank_brown_7718,test123,frank.brown7718@example.com,standard,US
henry_thomas_7719,test123,henry.thomas7719@example.com,standard,US
eva_brown_7720,test123,eva.brown7720@example.com,standard,EU
frank_johnson_7721,test123,frank.johnson7721@example.com,standard,US
john_taylor_7722,test123,john.taylor7722@example.com,premium,EU
alice_anderson_7723,test123,alice.anderson7723@example.com,premium,US
eva_miller_7724,test123,eva.miller7724@example.com,premium,US
eva_wilson_7725,test123,eva.wilson7725@example.com,premium,US
henry_davis_7726,test123,henry.davis7726@example.com,standard,US
grace_anderson_7727,test123,grace.anderson7727@example.com,standard,US
diana_anderson_7728,test123,diana.anderson7728@example.com,standard,EU
diana_miller_7729,test123,diana.miller7729@example.com,premium,US
henry_johnson_7730,test123,henry.johnson7730@example.com,standard,US
henry_thomas_7731,test123,henry.thomas7731@example.com,standard,US
henry_moore_7732,test123,henry.moore7732@example.com,premium,APAC
grace_thomas_7733,test123,grace.thomas7733@example.com,standard,EU
grace_smith_7734,test123,grace.smith7734@example.com,premium,APAC
eva_davis_7735,test123,eva.davis7735@example.com,standard,US
henry_taylor_7736,test123,henry.taylor7736@example.com,standard,APAC
jane_smith_7737,test123,jane.smith7737@example.com,standard,US
diana_miller_7738,test123,diana.miller7738@example.com,standard,US
bob_smith_7739,test123,bob.smith7739@example.com,premium,APAC
bob_brown_7740,test123,bob.brown7740@example.com,standard,EU
eva_thomas_7741,test123,eva.thomas7741@example.com,standard,US
diana_moore_7742,test123,diana.moore7742@example.com,premium,US
john_johnson_7743,test123,john.johnson7743@example.com,standard,EU
bob_johnson_7744,test123,bob.johnson7744@example.com,standard,EU
henry_thomas_7745,test123,henry.thomas7745@example.com,premium,US
diana_moore_7746,test123,diana.moore7746@example.com,standard,US
charlie_smith_7747,test123,charlie.smith7747@example.com,standard,US
diana_miller_7748,test123,diana.miller7748@example.com,premium,US
henry_brown_7749,test123,henry.brown7749@example.com,standard,US
grace_moore_7750,test123,grace.moore7750@example.com,standard,US
eva_johnson_7751,test123,eva.johnson7751@example.com,premium,EU
grace_brown_7752,test123,grace.brown7752@example.com,standard,EU
grace_miller_7753,test123,grace.miller7753@example.com,standard,US
alice_miller_7754,test123,alice.miller7754@example.com,standard,US
alice_smith_7755,test123,alice.smith7755@example.com,standard,US
frank_johnson_7756,test123,frank.johnson7756@example.com,standard,APAC
eva_taylor_7757,test123,eva.taylor7757@example.com,premium,APAC
frank_wilson_7758,test123,frank.wilson7758@example.com,standard,US
frank_wilson_7759,test123,frank.wilson7759@example.com,premium,US
charlie_davis_7760,test123,charlie.davis7760@example.com,standard,US
jane_anderson_7761,test123,jane.anderson7761@example.com,standard,APAC
john_miller_7762,test123,john.miller7762@example.com,standard,EU
jane_wilson_7763,test123,jane.wilson7763@example.com,standard,APAC
frank_thomas_7764,test123,frank.thomas7764@example.com,standard,US
charlie_davis_7765,test123,charlie.davis7765@example.com,premium,EU
john_moore_7766,test123,john.moore7766@example.com,premium,EU
charlie_miller_7767,test123,charlie.miller7767@example.com,standard,US
diana_taylor_7768,test123,diana.taylor7768@example.com,standard,US
john_taylor_7769,test123,john.taylor7769@example.com,standard,APAC
grace_johnson_7770,test123,grace.johnson7770@example.com,admin,EU
charlie_davis_7771,test123,charlie.davis7771@example.com,standard,US
charlie_wilson_7772,test123,charlie.wilson7772@example.com,standard,EU
john_thomas_7773,test123,john.thomas7773@example.com,standard,US
frank_smith_7774,test123,frank.smith7774@example.com,premium,US
eva_smith_7775,test123,eva.smith7775@example.com,premium,US
grace_thomas_7776,test123,grace.thomas7776@example.com,standard,US
john_smith_7777,test123,john.smith7777@example.com,standard,US
henry_brown_7778,test123,henry.brown7778@example.com,premium,EU
frank_miller_7779,test123,frank.miller7779@example.com,standard,US
frank_davis_7780,test123,frank.davis7780@example.com,standard,US
henry_thomas_7781,test123,henry.thomas7781@example.com,standard,EU
henry_brown_7782,test123,henry.brown7782@example.com,premium,US
eva_moore_7783,test123,eva.moore7783@example.com,standard,US
jane_miller_7784,test123,jane.miller7784@example.com,premium,US
alice_miller_7785,test123,alice.miller7785@example.com,standard,APAC
diana_moore_7786,test123,diana.moore7786@example.com,standard,US
jane_miller_7787,test123,jane.miller7787@example.com,standard,US
henry_wilson_7788,test123,henry.wilson7788@example.com,premium,US
diana_taylor_7789,test123,diana.taylor7789@example.com,standard,US
grace_brown_7790,test123,grace.brown7790@example.com,standard,EU
alice_davis_7791,test123,alice.davis7791@example.com,standard,US
bob_taylor_7792,test123,bob.taylor7792@example.com,standard,EU
john_anderson_7793,test123,john.anderson7793@example.com,standard,EU
alice_wilson_7794,test123,alice.wilson7794@example.com,premium,US
frank_wilson_7795,test123,frank.wilson7795@example.com,premium,US
alice_moore_7796,test123,alice.moore7796@example.com,standard,EU
henry_smith_7797,test123,henry.smith7797@example.com,standard,US
charlie_miller_7798,test123,charlie.miller7798@example.com,standard,EU
grace_brown_7799,test123,grace.brown7799@example.com,premium,EU
charlie_anderson_7800,test123,charlie.anderson7800@example.com,standard,US
jane_anderson_7801,test123,jane.anderson7801@example.com,standard,US
eva_smith_7802,test123,eva.smith7802@example.com,standard,US
grace_johnson_7803,test123,grace.johnson7803@example.com,admin,US
alice_moore_7804,test123,alice.moore7804@example.com,standard,APAC
diana_miller_7805,test123,diana.miller7805@example.com,standard,EU
eva_johnson_7806,test123,eva.johnson7806@example.com,premium,EU
diana_smith_7807,test123,diana.smith7807@example.com,standard,EU
frank_wilson_7808,test123,frank.wilson7808@example.com,premium,US
bob_moore_7809,test123,bob.moore7809@example.com,premium,US
jane_moore_7810,test123,jane.moore7810@example.com,premium,US
bob_taylor_7811,test123,bob.taylor7811@example.com,standard,EU
frank_taylor_7812,test123,frank.taylor7812@example.com,standard,APAC
diana_brown_7813,test123,diana.brown7813@example.com,standard,APAC
grace_wilson_7814,test123,grace.wilson7814@example.com,standard,US
diana_smith_7815,test123,diana.smith7815@example.com,premium,US
charlie_brown_7816,test123,charlie.brown7816@example.com,standard,US
diana_taylor_7817,test123,diana.taylor7817@example.com,standard,EU
john_davis_7818,test123,john.davis7818@example.com,premium,EU
jane_brown_7819,test123,jane.brown7819@example.com,standard,APAC
charlie_brown_7820,test123,charlie.brown7820@example.com,premium,US
charlie_brown_7821,test123,charlie.brown7821@example.com,standard,US
alice_taylor_7822,test123,alice.taylor7822@example.com,standard,EU
diana_anderson_7823,test123,diana.anderson7823@example.com,standard,EU
john_brown_7824,test123,john.brown7824@example.com,premium,US
frank_moore_7825,test123,frank.moore7825@example.com,premium,US
john_wilson_7826,test123,john.wilson7826@example.com,standard,US
jane_smith_7827,test123,jane.smith7827@example.com,standard,EU
frank_davis_7828,test123,frank.davis7828@example.com,standard,EU
bob_taylor_7829,test123,bob.taylor7829@example.com,premium,US
john_miller_7830,test123,john.miller7830@example.com,admin,US
jane_smith_7831,test123,jane.smith7831@example.com,standard,EU
eva_wilson_7832,test123,eva.wilson7832@example.com,standard,APAC
grace_miller_7833,test123,grace.miller7833@example.com,standard,US
henry_anderson_7834,test123,henry.anderson7834@example.com,standard,US
grace_smith_7835,test123,grace.smith7835@example.com,standard,EU
jane_moore_7836,test123,jane.moore7836@example.com,standard,EU
diana_johnson_7837,test123,diana.johnson7837@example.com,standard,US
charlie_thomas_7838,test123,charlie.thomas7838@example.com,standard,US
grace_wilson_7839,test123,grace.wilson7839@example.com,premium,US
jane_taylor_7840,test123,jane.taylor7840@example.com,premium,EU
charlie_anderson_7841,test123,charlie.anderson7841@example.com,standard,US
bob_thomas_7842,test123,bob.thomas7842@example.com,standard,US
eva_davis_7843,test123,eva.davis7843@example.com,standard,EU
frank_davis_7844,test123,frank.davis7844@example.com,standard,APAC
jane_johnson_7845,test123,jane.johnson7845@example.com,admin,US
frank_smith_7846,test123,frank.smith7846@example.com,standard,US
grace_miller_7847,test123,grace.miller7847@example.com,standard,US
bob_miller_7848,test123,bob.miller7848@example.com,standard,EU
grace_anderson_7849,test123,grace.anderson7849@example.com,premium,EU
alice_anderson_7850,test123,alice.anderson7850@example.com,premium,US
diana_davis_7851,test123,diana.davis7851@example.com,standard,US
henry_smith_7852,test123,henry.smith7852@example.com,standard,US
john_anderson_7853,test123,john.anderson7853@example.com,premium,US
jane_brown_7854,test123,jane.brown7854@example.com,standard,EU
grace_smith_7855,test123,grace.smith7855@example.com,standard,US
alice_davis_7856,test123,alice.davis7856@example.com,standard,APAC
jane_miller_7857,test123,jane.miller7857@example.com,admin,US
alice_thomas_7858,test123,alice.thomas7858@example.com,premium,EU
bob_miller_7859,test123,bob.miller7859@example.com,standard,EU
john_wilson_7860,test123,john.wilson7860@example.com,premium,US
bob_johnson_7861,test123,bob.johnson7861@example.com,standard,APAC
henry_anderson_7862,test123,henry.anderson7862@example.com,standard,APAC
frank_moore_7863,test123,frank.moore7863@example.com,standard,US
frank_davis_7864,test123,frank.davis7864@example.com,standard,US
jane_brown_7865,test123,jane.brown7865@example.com,standard,APAC
jane_moore_7866,test123,jane.moore7866@example.com,standard,US
henry_smith_7867,test123,henry.smith7867@example.com,standard,EU
john_brown_7868,test123,john.brown7868@example.com,standard,US
bob_brown_7869,test123,bob.brown7869@example.com,standard,APAC
diana_brown_7870,test123,diana.brown7870@example.com,standard,US
diana_johnson_7871,test123,diana.johnson7871@example.com,standard,EU
bob_thomas_7872,test123,bob.thomas7872@example.com,standard,APAC
frank_moore_7873,test123,frank.moore7873@example.com,standard,US
alice_anderson_7874,test123,alice.anderson7874@example.com,standard,US
eva_moore_7875,test123,eva.moore7875@example.com,standard,US
jane_johnson_7876,test123,jane.johnson7876@example.com,premium,US
alice_anderson_7877,test123,alice.anderson7877@example.com,standard,US
bob_brown_7878,test123,bob.brown7878@example.com,premium,APAC
diana_smith_7879,test123,diana.smith7879@example.com,standard,US
charlie_moore_7880,test123,charlie.moore7880@example.com,standard,US
charlie_anderson_7881,test123,charlie.anderson7881@example.com,premium,US
grace_taylor_7882,test123,grace.taylor7882@example.com,standard,EU
jane_johnson_7883,test123,jane.johnson7883@example.com,admin,APAC
alice_davis_7884,test123,alice.davis7884@example.com,standard,US
jane_brown_7885,test123,jane.brown7885@example.com,premium,US
henry_davis_7886,test123,henry.davis7886@example.com,standard,EU
frank_johnson_7887,test123,frank.johnson7887@example.com,premium,US
frank_moore_7888,test123,frank.moore7888@example.com,premium,APAC
alice_miller_7889,test123,alice.miller7889@example.com,standard,APAC
alice_anderson_7890,test123,alice.anderson7890@example.com,premium,US
eva_wilson_7891,test123,eva.wilson7891@example.com,standard,EU
grace_brown_7892,test123,grace.brown7892@example.com,standard,US
grace_brown_7893,test123,grace.brown7893@example.com,premium,US
charlie_wilson_7894,test123,charlie.wilson7894@example.com,standard,EU
frank_moore_7895,test123,frank.moore7895@example.com,premium,US
henry_smith_7896,test123,henry.smith7896@example.com,premium,US
henry_moore_7897,test123,henry.moore7897@example.com,standard,US
charlie_johnson_7898,test123,charlie.johnson7898@example.com,standard,EU
frank_taylor_7899,test123,frank.taylor7899@example.com,premium,US
john_anderson_7900,test123,john.anderson7900@example.com,admin,US
john_johnson_7901,test123,john.johnson7901@example.com,admin,US
grace_johnson_7902,test123,grace.johnson7902@example.com,standard,US
alice_smith_7903,test123,alice.smith7903@example.com,standard,EU
john_brown_7904,test123,john.brown7904@example.com,standard,US
bob_miller_7905,test123,bob.miller7905@example.com,premium,US
eva_thomas_7906,test123,eva.thomas7906@example.com,standard,US
jane_johnson_7907,test123,jane.johnson7907@example.com,standard,US
alice_wilson_7908,test123,alice.wilson7908@example.com,standard,EU
eva_thomas_7909,test123,eva.thomas7909@example.com,standard,APAC
bob_wilson_7910,test123,bob.wilson7910@example.com,standard,EU
charlie_johnson_7911,test123,charlie.johnson7911@example.com,standard,EU
alice_anderson_7912,test123,alice.anderson7912@example.com,admin,EU
john_anderson_7913,test123,john.anderson7913@example.com,standard,US
grace_wilson_7914,test123,grace.wilson7914@example.com,standard,US
jane_wilson_7915,test123,jane.wilson7915@example.com,standard,US
grace_davis_7916,test123,grace.davis7916@example.com,premium,US
diana_smith_7917,test123,diana.smith7917@example.com,premium,APAC
eva_moore_7918,test123,eva.moore7918@example.com,premium,US
charlie_wilson_7919,test123,charlie.wilson7919@example.com,standard,US
frank_davis_7920,test123,frank.davis7920@example.com,standard,EU
grace_davis_7921,test123,grace.davis7921@example.com,standard,US
jane_davis_7922,test123,jane.davis7922@example.com,standard,US
grace_wilson_7923,test123,grace.wilson7923@example.com,standard,EU
diana_wilson_7924,test123,diana.wilson7924@example.com,standard,EU
henry_anderson_7925,test123,henry.anderson7925@example.com,standard,US
grace_davis_7926,test123,grace.davis7926@example.com,premium,APAC
henry_wilson_7927,test123,henry.wilson7927@example.com,standard,APAC
henry_anderson_7928,test123,henry.anderson7928@example.com,standard,US
jane_davis_7929,test123,jane.davis7929@example.com,standard,EU
diana_smith_7930,test123,diana.smith7930@example.com,premium,US
henry_moore_7931,test123,henry.moore7931@example.com,standard,US
eva_miller_7932,test123,eva.miller7932@example.com,standard,APAC
jane_brown_7933,test123,jane.brown7933@example.com,standard,EU
diana_anderson_7934,test123,diana.anderson7934@example.com,standard,EU
jane_thomas_7935,test123,jane.thomas7935@example.com,standard,EU
charlie_moore_7936,test123,charlie.moore7936@example.com,admin,US
eva_smith_7937,test123,eva.smith7937@example.com,standard,US
henry_davis_7938,test123,henry.davis7938@example.com,standard,EU
grace_johnson_7939,test123,grace.johnson7939@example.com,standard,EU
grace_miller_7940,test123,grace.miller7940@example.com,standard,EU
jane_taylor_7941,test123,jane.taylor7941@example.com,premium,US
frank_miller_7942,test123,frank.miller7942@example.com,standard,US
jane_johnson_7943,test123,jane.johnson7943@example.com,standard,US
frank_brown_7944,test123,frank.brown7944@example.com,premium,APAC
frank_anderson_7945,test123,frank.anderson7945@example.com,admin,US
bob_taylor_7946,test123,bob.taylor7946@example.com,premium,US
charlie_moore_7947,test123,charlie.moore7947@example.com,premium,APAC
alice_smith_7948,test123,alice.smith7948@example.com,standard,US
diana_moore_7949,test123,diana.moore7949@example.com,premium,APAC
frank_davis_7950,test123,frank.davis7950@example.com,standard,EU
alice_wilson_7951,test123,alice.wilson7951@example.com,standard,EU
diana_brown_7952,test123,diana.brown7952@example.com,premium,US
diana_anderson_7953,test123,diana.anderson7953@example.com,premium,US
alice_thomas_7954,test123,alice.thomas7954@example.com,standard,APAC
bob_moore_7955,test123,bob.moore7955@example.com,standard,US
henry_johnson_7956,test123,henry.johnson7956@example.com,premium,US
charlie_miller_7957,test123,charlie.miller7957@example.com,standard,US
alice_brown_7958,test123,alice.brown7958@example.com,standard,APAC
jane_taylor_7959,test123,jane.taylor7959@example.com,standard,US
diana_johnson_7960,test123,diana.johnson7960@example.com,standard,APAC
frank_wilson_7961,test123,frank.wilson7961@example.com,standard,US
frank_smith_7962,test123,frank.smith7962@example.com,premium,US
john_davis_7963,test123,john.davis7963@example.com,standard,US
frank_wilson_7964,test123,frank.wilson7964@example.com,standard,US
charlie_anderson_7965,test123,charlie.anderson7965@example.com,standard,US
diana_davis_7966,test123,diana.davis7966@example.com,standard,EU
grace_moore_7967,test123,grace.moore7967@example.com,standard,US
bob_wilson_7968,test123,bob.wilson7968@example.com,standard,APAC
grace_smith_7969,test123,grace.smith7969@example.com,premium,EU
john_anderson_7970,test123,john.anderson7970@example.com,premium,US
charlie_wilson_7971,test123,charlie.wilson7971@example.com,admin,US
grace_anderson_7972,test123,grace.anderson7972@example.com,premium,US
bob_taylor_7973,test123,bob.taylor7973@example.com,standard,US
bob_wilson_7974,test123,bob.wilson7974@example.com,standard,US
bob_smith_7975,test123,bob.smith7975@example.com,premium,US
john_moore_7976,test123,john.moore7976@example.com,standard,US
alice_miller_7977,test123,alice.miller7977@example.com,standard,US
charlie_thomas_7978,test123,charlie.thomas7978@example.com,standard,US
eva_moore_7979,test123,eva.moore7979@example.com,standard,EU
charlie_wilson_7980,test123,charlie.wilson7980@example.com,premium,APAC
bob_davis_7981,test123,bob.davis7981@example.com,premium,EU
grace_miller_7982,test123,grace.miller7982@example.com,standard,US
john_brown_7983,test123,john.brown7983@example.com,standard,EU
frank_brown_7984,test123,frank.brown7984@example.com,admin,US
henry_davis_7985,test123,henry.davis7985@example.com,standard,EU
charlie_johnson_7986,test123,charlie.johnson7986@example.com,standard,APAC
grace_miller_7987,test123,grace.miller7987@example.com,standard,EU
diana_brown_7988,test123,diana.brown7988@example.com,standard,EU
bob_taylor_7989,test123,bob.taylor7989@example.com,standard,EU
henry_davis_7990,test123,henry.davis7990@example.com,standard,EU
henry_thomas_7991,test123,henry.thomas7991@example.com,premium,US
frank_wilson_7992,test123,frank.wilson7992@example.com,standard,US
diana_taylor_7993,test123,diana.taylor7993@example.com,standard,US
diana_johnson_7994,test123,diana.johnson7994@example.com,premium,US
alice_smith_7995,test123,alice.smith7995@example.com,premium,EU
henry_johnson_7996,test123,henry.johnson7996@example.com,standard,US
alice_smith_7997,test123,alice.smith7997@example.com,premium,US
john_davis_7998,test123,john.davis7998@example.com,premium,US
charlie_thomas_7999,test123,charlie.thomas7999@example.com,premium,US
diana_johnson_8000,test123,diana.johnson8000@example.com,standard,EU
henry_wilson_8001,test123,henry.wilson8001@example.com,admin,US
john_taylor_8002,test123,john.taylor8002@example.com,standard,US
grace_thomas_8003,test123,grace.thomas8003@example.com,standard,US
eva_smith_8004,test123,eva.smith8004@example.com,standard,EU
frank_smith_8005,test123,frank.smith8005@example.com,premium,APAC
jane_smith_8006,test123,jane.smith8006@example.com,standard,US
charlie_wilson_8007,test123,charlie.wilson8007@example.com,premium,APAC
charlie_anderson_8008,test123,charlie.anderson8008@example.com,standard,US
bob_brown_8009,test123,bob.brown8009@example.com,premium,EU
eva_moore_8010,test123,eva.moore8010@example.com,standard,US
charlie_taylor_8011,test123,charlie.taylor8011@example.com,standard,US
henry_moore_8012,test123,henry.moore8012@example.com,admin,APAC
henry_thomas_8013,test123,henry.thomas8013@example.com,standard,US
john_davis_8014,test123,john.davis8014@example.com,premium,APAC
henry_anderson_8015,test123,henry.anderson8015@example.com,standard,US
john_davis_8016,test123,john.davis8016@example.com,standard,APAC
frank_wilson_8017,test123,frank.wilson8017@example.com,standard,EU
diana_anderson_8018,test123,diana.anderson8018@example.com,standard,US
alice_wilson_8019,test123,alice.wilson8019@example.com,admin,EU
henry_johnson_8020,test123,henry.johnson8020@example.com,premium,EU
henry_brown_8021,test123,henry.brown8021@example.com,standard,EU
charlie_thomas_8022,test123,charlie.thomas8022@example.com,premium,US
eva_moore_8023,test123,eva.moore8023@example.com,standard,US
grace_moore_8024,test123,grace.moore8024@example.com,standard,US
grace_moore_8025,test123,grace.moore8025@example.com,standard,US
charlie_moore_8026,test123,charlie.moore8026@example.com,standard,US
eva_johnson_8027,test123,eva.johnson8027@example.com,standard,EU
bob_johnson_8028,test123,bob.johnson8028@example.com,standard,US
grace_wilson_8029,test123,grace.wilson8029@example.com,standard,US
bob_brown_8030,test123,bob.brown8030@example.com,premium,US
eva_brown_8031,test123,eva.brown8031@example.com,standard,US
frank_smith_8032,test123,frank.smith8032@example.com,standard,US
alice_anderson_8033,test123,alice.anderson8033@example.com,standard,US
jane_moore_8034,test123,jane.moore8034@example.com,standard,US
henry_thomas_8035,test123,henry.thomas8035@example.com,premium,US
eva_moore_8036,test123,eva.moore8036@example.com,premium,US
eva_johnson_8037,test123,eva.johnson8037@example.com,standard,US
frank_moore_8038,test123,frank.moore8038@example.com,premium,US
grace_taylor_8039,test123,grace.taylor8039@example.com,standard,US
frank_thomas_8040,test123,frank.thomas8040@example.com,admin,US
henry_moore_8041,test123,henry.moore8041@example.com,standard,EU
frank_wilson_8042,test123,frank.wilson8042@example.com,standard,US
frank_taylor_8043,test123,frank.taylor8043@example.com,standard,US
charlie_brown_8044,test123,charlie.brown8044@example.com,standard,EU
grace_anderson_8045,test123,grace.anderson8045@example.com,standard,APAC
alice_brown_8046,test123,alice.brown8046@example.com,premium,EU
john_davis_8047,test123,john.davis8047@example.com,standard,US
eva_davis_8048,test123,eva.davis8048@example.com,standard,US
eva_miller_8049,test123,eva.miller8049@example.com,standard,US
henry_miller_8050,test123,henry.miller8050@example.com,standard,APAC
jane_thomas_8051,test123,jane.thomas8051@example.com,standard,APAC
diana_anderson_8052,test123,diana.anderson8052@example.com,standard,EU
john_smith_8053,test123,john.smith8053@example.com,admin,EU
john_anderson_8054,test123,john.anderson8054@example.com,standard,APAC
bob_taylor_8055,test123,bob.taylor8055@example.com,standard,EU
charlie_johnson_8056,test123,charlie.johnson8056@example.com,standard,US
alice_taylor_8057,test123,alice.taylor8057@example.com,premium,APAC
jane_taylor_8058,test123,jane.taylor8058@example.com,premium,APAC
grace_anderson_8059,test123,grace.anderson8059@example.com,standard,US
eva_miller_8060,test123,eva.miller8060@example.com,standard,EU
charlie_taylor_8061,test123,charlie.taylor8061@example.com,standard,EU
john_thomas_8062,test123,john.thomas8062@example.com,premium,US
bob_davis_8063,test123,bob.davis8063@example.com,premium,APAC
frank_davis_8064,test123,frank.davis8064@example.com,standard,US
bob_moore_8065,test123,bob.moore8065@example.com,premium,EU
john_moore_8066,test123,john.moore8066@example.com,standard,US
jane_wilson_8067,test123,jane.wilson8067@example.com,standard,US
grace_thomas_8068,test123,grace.thomas8068@example.com,standard,US
henry_thomas_8069,test123,henry.thomas8069@example.com,standard,APAC
charlie_anderson_8070,test123,charlie.anderson8070@example.com,standard,US
diana_johnson_8071,test123,diana.johnson8071@example.com,standard,US
charlie_miller_8072,test123,charlie.miller8072@example.com,standard,APAC
jane_johnson_8073,test123,jane.johnson8073@example.com,standard,EU
grace_johnson_8074,test123,grace.johnson8074@example.com,standard,US
jane_smith_8075,test123,jane.smith8075@example.com,premium,US
alice_brown_8076,test123,alice.brown8076@example.com,premium,APAC
bob_brown_8077,test123,bob.brown8077@example.com,standard,EU
john_brown_8078,test123,john.brown8078@example.com,standard,APAC
bob_miller_8079,test123,bob.miller8079@example.com,standard,EU
bob_wilson_8080,test123,bob.wilson8080@example.com,standard,US
diana_davis_8081,test123,diana.davis8081@example.com,standard,EU
eva_anderson_8082,test123,eva.anderson8082@example.com,admin,US
henry_taylor_8083,test123,henry.taylor8083@example.com,standard,EU
alice_smith_8084,test123,alice.smith8084@example.com,premium,APAC
diana_taylor_8085,test123,diana.taylor8085@example.com,standard,APAC
jane_wilson_8086,test123,jane.wilson8086@example.com,standard,US
jane_davis_8087,test123,jane.davis8087@example.com,premium,US
john_davis_8088,test123,john.davis8088@example.com,standard,US
eva_miller_8089,test123,eva.miller8089@example.com,standard,US
jane_thomas_8090,test123,jane.thomas8090@example.com,standard,US
frank_davis_8091,test123,frank.davis8091@example.com,standard,US
alice_anderson_8092,test123,alice.anderson8092@example.com,standard,US
alice_smith_8093,test123,alice.smith8093@example.com,standard,US
henry_johnson_8094,test123,henry.johnson8094@example.com,standard,APAC
bob_taylor_8095,test123,bob.taylor8095@example.com,standard,US
jane_moore_8096,test123,jane.moore8096@example.com,standard,US
jane_brown_8097,test123,jane.brown8097@example.com,standard,US
eva_thomas_8098,test123,eva.thomas8098@example.com,standard,US
john_anderson_8099,test123,john.anderson8099@example.com,admin,EU
charlie_taylor_8100,test123,charlie.taylor8100@example.com,premium,EU
eva_thomas_8101,test123,eva.thomas8101@example.com,standard,US
grace_moore_8102,test123,grace.moore8102@example.com,admin,US
john_thomas_8103,test123,john.thomas8103@example.com,premium,APAC
john_miller_8104,test123,john.miller8104@example.com,premium,US
eva_wilson_8105,test123,eva.wilson8105@example.com,standard,US
jane_taylor_8106,test123,jane.taylor8106@example.com,premium,US
frank_johnson_8107,test123,frank.johnson8107@example.com,standard,US
jane_johnson_8108,test123,jane.johnson8108@example.com,standard,US
henry_davis_8109,test123,henry.davis8109@example.com,premium,APAC
alice_miller_8110,test123,alice.miller8110@example.com,premium,US
charlie_davis_8111,test123,charlie.davis8111@example.com,standard,EU
john_johnson_8112,test123,john.johnson8112@example.com,admin,US
henry_johnson_8113,test123,henry.johnson8113@example.com,premium,EU
eva_moore_8114,test123,eva.moore8114@example.com,standard,US
grace_thomas_8115,test123,grace.thomas8115@example.com,premium,US
jane_wilson_8116,test123,jane.wilson8116@example.com,standard,EU
grace_johnson_8117,test123,grace.johnson8117@example.com,standard,EU
charlie_miller_8118,test123,charlie.miller8118@example.com,standard,EU
bob_taylor_8119,test123,bob.taylor8119@example.com,standard,EU
bob_wilson_8120,test123,bob.wilson8120@example.com,standard,US
bob_taylor_8121,test123,bob.taylor8121@example.com,standard,US
diana_thomas_8122,test123,diana.thomas8122@example.com,standard,US
bob_davis_8123,test123,bob.davis8123@example.com,standard,US
charlie_davis_8124,test123,charlie.davis8124@example.com,standard,US
henry_miller_8125,test123,henry.miller8125@example.com,standard,US
frank_davis_8126,test123,frank.davis8126@example.com,standard,EU
eva_moore_8127,test123,eva.moore8127@example.com,standard,EU
john_miller_8128,test123,john.miller8128@example.com,standard,US
jane_anderson_8129,test123,jane.anderson8129@example.com,standard,US
henry_moore_8130,test123,henry.moore8130@example.com,premium,US
bob_thomas_8131,test123,bob.thomas8131@example.com,standard,EU
frank_johnson_8132,test123,frank.johnson8132@example.com,standard,APAC
alice_wilson_8133,test123,alice.wilson8133@example.com,standard,US
diana_johnson_8134,test123,diana.johnson8134@example.com,standard,US
grace_smith_8135,test123,grace.smith8135@example.com,standard,US
jane_moore_8136,test123,jane.moore8136@example.com,standard,EU
diana_johnson_8137,test123,diana.johnson8137@example.com,standard,EU
henry_taylor_8138,test123,henry.taylor8138@example.com,standard,EU
grace_brown_8139,test123,grace.brown8139@example.com,standard,US
alice_moore_8140,test123,alice.moore8140@example.com,standard,US
diana_wilson_8141,test123,diana.wilson8141@example.com,standard,EU
diana_thomas_8142,test123,diana.thomas8142@example.com,standard,EU
grace_johnson_8143,test123,grace.johnson8143@example.com,standard,EU
grace_brown_8144,test123,grace.brown8144@example.com,standard,US
alice_miller_8145,test123,alice.miller8145@example.com,premium,APAC
diana_wilson_8146,test123,diana.wilson8146@example.com,premium,US
eva_brown_8147,test123,eva.brown8147@example.com,standard,APAC
henry_miller_8148,test123,henry.miller8148@example.com,standard,EU
henry_anderson_8149,test123,henry.anderson8149@example.com,standard,US
frank_johnson_8150,test123,frank.johnson8150@example.com,standard,US
bob_smith_8151,test123,bob.smith8151@example.com,standard,US
jane_anderson_8152,test123,jane.anderson8152@example.com,premium,US
grace_taylor_8153,test123,grace.taylor8153@example.com,standard,EU
diana_anderson_8154,test123,diana.anderson8154@example.com,standard,US
john_johnson_8155,test123,john.johnson8155@example.com,standard,EU
frank_davis_8156,test123,frank.davis8156@example.com,premium,US
jane_taylor_8157,test123,jane.taylor8157@example.com,standard,APAC
jane_smith_8158,test123,jane.smith8158@example.com,standard,APAC
diana_thomas_8159,test123,diana.thomas8159@example.com,standard,US
diana_thomas_8160,test123,diana.thomas8160@example.com,standard,EU
grace_moore_8161,test123,grace.moore8161@example.com,standard,EU
henry_miller_8162,test123,henry.miller8162@example.com,standard,US
grace_johnson_8163,test123,grace.johnson8163@example.com,standard,US
frank_johnson_8164,test123,frank.johnson8164@example.com,premium,US
frank_davis_8165,test123,frank.davis8165@example.com,standard,EU
charlie_miller_8166,test123,charlie.miller8166@example.com,standard,US
jane_anderson_8167,test123,jane.anderson8167@example.com,premium,APAC
grace_smith_8168,test123,grace.smith8168@example.com,standard,US
jane_wilson_8169,test123,jane.wilson8169@example.com,standard,US
charlie_davis_8170,test123,charlie.davis8170@example.com,standard,US
grace_anderson_8171,test123,grace.anderson8171@example.com,standard,APAC
alice_davis_8172,test123,alice.davis8172@example.com,standard,EU
diana_johnson_8173,test123,diana.johnson8173@example.com,standard,US
alice_miller_8174,test123,alice.miller8174@example.com,standard,EU
charlie_wilson_8175,test123,charlie.wilson8175@example.com,standard,US
frank_brown_8176,test123,frank.brown8176@example.com,standard,US
grace_moore_8177,test123,grace.moore8177@example.com,standard,US
henry_taylor_8178,test123,henry.taylor8178@example.com,premium,US
diana_moore_8179,test123,diana.moore8179@example.com,standard,US
jane_taylor_8180,test123,jane.taylor8180@example.com,standard,US
charlie_brown_8181,test123,charlie.brown8181@example.com,standard,US
grace_taylor_8182,test123,grace.taylor8182@example.com,standard,US
grace_wilson_8183,test123,grace.wilson8183@example.com,standard,US
henry_johnson_8184,test123,henry.johnson8184@example.com,premium,US
eva_davis_8185,test123,eva.davis8185@example.com,premium,EU
diana_taylor_8186,test123,diana.taylor8186@example.com,standard,US
bob_anderson_8187,test123,bob.anderson8187@example.com,admin,APAC
grace_wilson_8188,test123,grace.wilson8188@example.com,standard,US
grace_anderson_8189,test123,grace.anderson8189@example.com,standard,US
jane_wilson_8190,test123,jane.wilson8190@example.com,standard,EU
grace_moore_8191,test123,grace.moore8191@example.com,standard,US
eva_wilson_8192,test123,eva.wilson8192@example.com,premium,EU
charlie_wilson_8193,test123,charlie.wilson8193@example.com,standard,US
frank_brown_8194,test123,frank.brown8194@example.com,admin,US
jane_miller_8195,test123,jane.miller8195@example.com,premium,US
henry_smith_8196,test123,henry.smith8196@example.com,premium,EU
jane_miller_8197,test123,jane.miller8197@example.com,standard,EU
diana_anderson_8198,test123,diana.anderson8198@example.com,standard,EU
henry_johnson_8199,test123,henry.johnson8199@example.com,premium,APAC
john_brown_8200,test123,john.brown8200@example.com,standard,APAC
john_anderson_8201,test123,john.anderson8201@example.com,standard,EU
diana_johnson_8202,test123,diana.johnson8202@example.com,standard,EU
bob_davis_8203,test123,bob.davis8203@example.com,admin,EU
bob_brown_8204,test123,bob.brown8204@example.com,standard,EU
john_brown_8205,test123,john.brown8205@example.com,premium,US
jane_johnson_8206,test123,jane.johnson8206@example.com,standard,US
john_brown_8207,test123,john.brown8207@example.com,premium,US
diana_smith_8208,test123,diana.smith8208@example.com,standard,EU
jane_davis_8209,test123,jane.davis8209@example.com,admin,EU
bob_miller_8210,test123,bob.miller8210@example.com,standard,US
bob_thomas_8211,test123,bob.thomas8211@example.com,standard,US
john_taylor_8212,test123,john.taylor8212@example.com,premium,EU
charlie_thomas_8213,test123,charlie.thomas8213@example.com,standard,APAC
frank_thomas_8214,test123,frank.thomas8214@example.com,standard,US
henry_wilson_8215,test123,henry.wilson8215@example.com,premium,US
john_taylor_8216,test123,john.taylor8216@example.com,standard,US
jane_miller_8217,test123,jane.miller8217@example.com,premium,EU
bob_smith_8218,test123,bob.smith8218@example.com,standard,US
charlie_moore_8219,test123,charlie.moore8219@example.com,standard,US
john_davis_8220,test123,john.davis8220@example.com,standard,US
diana_davis_8221,test123,diana.davis8221@example.com,standard,APAC
charlie_smith_8222,test123,charlie.smith8222@example.com,standard,US
diana_taylor_8223,test123,diana.taylor8223@example.com,standard,EU
alice_thomas_8224,test123,alice.thomas8224@example.com,premium,EU
eva_davis_8225,test123,eva.davis8225@example.com,standard,APAC
frank_wilson_8226,test123,frank.wilson8226@example.com,standard,US
alice_anderson_8227,test123,alice.anderson8227@example.com,standard,US
eva_taylor_8228,test123,eva.taylor8228@example.com,premium,US
john_anderson_8229,test123,john.anderson8229@example.com,standard,APAC
frank_miller_8230,test123,frank.miller8230@example.com,standard,US
henry_wilson_8231,test123,henry.wilson8231@example.com,premium,US
bob_anderson_8232,test123,bob.anderson8232@example.com,standard,APAC
bob_miller_8233,test123,bob.miller8233@example.com,standard,US
eva_taylor_8234,test123,eva.taylor8234@example.com,standard,EU
eva_anderson_8235,test123,eva.anderson8235@example.com,standard,EU
grace_brown_8236,test123,grace.brown8236@example.com,premium,US
frank_brown_8237,test123,frank.brown8237@example.com,admin,US
eva_thomas_8238,test123,eva.thomas8238@example.com,standard,US
jane_smith_8239,test123,jane.smith8239@example.com,premium,APAC
diana_brown_8240,test123,diana.brown8240@example.com,standard,US
eva_moore_8241,test123,eva.moore8241@example.com,premium,EU
bob_anderson_8242,test123,bob.anderson8242@example.com,premium,US
john_wilson_8243,test123,john.wilson8243@example.com,standard,APAC
eva_davis_8244,test123,eva.davis8244@example.com,standard,EU
john_moore_8245,test123,john.moore8245@example.com,standard,US
frank_anderson_8246,test123,frank.anderson8246@example.com,premium,US
bob_davis_8247,test123,bob.davis8247@example.com,standard,US
diana_davis_8248,test123,diana.davis8248@example.com,premium,US
diana_taylor_8249,test123,diana.taylor8249@example.com,premium,EU
jane_taylor_8250,test123,jane.taylor8250@example.com,standard,US
john_taylor_8251,test123,john.taylor8251@example.com,admin,APAC
charlie_davis_8252,test123,charlie.davis8252@example.com,standard,EU
eva_smith_8253,test123,eva.smith8253@example.com,standard,US
frank_anderson_8254,test123,frank.anderson8254@example.com,premium,US
henry_anderson_8255,test123,henry.anderson8255@example.com,premium,EU
charlie_brown_8256,test123,charlie.brown8256@example.com,standard,EU
eva_thomas_8257,test123,eva.thomas8257@example.com,premium,US
henry_brown_8258,test123,henry.brown8258@example.com,standard,US
john_taylor_8259,test123,john.taylor8259@example.com,standard,EU
grace_brown_8260,test123,grace.brown8260@example.com,standard,US
grace_thomas_8261,test123,grace.thomas8261@example.com,premium,US
alice_anderson_8262,test123,alice.anderson8262@example.com,premium,US
frank_moore_8263,test123,frank.moore8263@example.com,standard,US
frank_thomas_8264,test123,frank.thomas8264@example.com,admin,EU
diana_miller_8265,test123,diana.miller8265@example.com,standard,US
jane_miller_8266,test123,jane.miller8266@example.com,standard,APAC
eva_moore_8267,test123,eva.moore8267@example.com,standard,US
grace_anderson_8268,test123,grace.anderson8268@example.com,standard,US
grace_smith_8269,test123,grace.smith8269@example.com,premium,APAC
charlie_davis_8270,test123,charlie.davis8270@example.com,premium,US
frank_johnson_8271,test123,frank.johnson8271@example.com,standard,EU
henry_moore_8272,test123,henry.moore8272@example.com,standard,EU
bob_thomas_8273,test123,bob.thomas8273@example.com,standard,US
john_johnson_8274,test123,john.johnson8274@example.com,standard,US
bob_moore_8275,test123,bob.moore8275@example.com,standard,US
john_brown_8276,test123,john.brown8276@example.com,standard,US
jane_miller_8277,test123,jane.miller8277@example.com,standard,US
diana_taylor_8278,test123,diana.taylor8278@example.com,standard,US
henry_brown_8279,test123,henry.brown8279@example.com,standard,EU
diana_davis_8280,test123,diana.davis8280@example.com,premium,US
diana_taylor_8281,test123,diana.taylor8281@example.com,standard,EU
frank_johnson_8282,test123,frank.johnson8282@example.com,premium,EU
frank_smith_8283,test123,frank.smith8283@example.com,standard,US
diana_brown_8284,test123,diana.brown8284@example.com,premium,EU
bob_davis_8285,test123,bob.davis8285@example.com,admin,US
john_anderson_8286,test123,john.anderson8286@example.com,admin,EU
grace_davis_8287,test123,grace.davis8287@example.com,premium,US
bob_johnson_8288,test123,bob.johnson8288@example.com,standard,US
charlie_thomas_8289,test123,charlie.thomas8289@example.com,standard,US
diana_anderson_8290,test123,diana.anderson8290@example.com,standard,US
john_brown_8291,test123,john.brown8291@example.com,admin,US
henry_anderson_8292,test123,henry.anderson8292@example.com,premium,US
jane_thomas_8293,test123,jane.thomas8293@example.com,premium,US
john_johnson_8294,test123,john.johnson8294@example.com,standard,APAC
jane_johnson_8295,test123,jane.johnson8295@example.com,standard,US
john_taylor_8296,test123,john.taylor8296@example.com,standard,EU
john_thomas_8297,test123,john.thomas8297@example.com,admin,US
john_davis_8298,test123,john.davis8298@example.com,standard,EU
bob_anderson_8299,test123,bob.anderson8299@example.com,premium,US
jane_miller_8300,test123,jane.miller8300@example.com,standard,US
henry_smith_8301,test123,henry.smith8301@example.com,standard,US
eva_anderson_8302,test123,eva.anderson8302@example.com,admin,US
john_miller_8303,test123,john.miller8303@example.com,standard,APAC
frank_davis_8304,test123,frank.davis8304@example.com,standard,US
alice_taylor_8305,test123,alice.taylor8305@example.com,standard,US
diana_miller_8306,test123,diana.miller8306@example.com,standard,APAC
grace_wilson_8307,test123,grace.wilson8307@example.com,standard,US
henry_davis_8308,test123,henry.davis8308@example.com,premium,APAC
frank_davis_8309,test123,frank.davis8309@example.com,standard,US
frank_johnson_8310,test123,frank.johnson8310@example.com,premium,APAC
frank_wilson_8311,test123,frank.wilson8311@example.com,standard,US
grace_wilson_8312,test123,grace.wilson8312@example.com,standard,EU
charlie_davis_8313,test123,charlie.davis8313@example.com,standard,US
henry_davis_8314,test123,henry.davis8314@example.com,standard,APAC
bob_anderson_8315,test123,bob.anderson8315@example.com,standard,EU
diana_taylor_8316,test123,diana.taylor8316@example.com,standard,US
alice_moore_8317,test123,alice.moore8317@example.com,standard,EU
henry_thomas_8318,test123,henry.thomas8318@example.com,standard,US
john_brown_8319,test123,john.brown8319@example.com,standard,US
eva_brown_8320,test123,eva.brown8320@example.com,standard,US
eva_wilson_8321,test123,eva.wilson8321@example.com,standard,US
charlie_taylor_8322,test123,charlie.taylor8322@example.com,premium,US
charlie_johnson_8323,test123,charlie.johnson8323@example.com,standard,US
bob_taylor_8324,test123,bob.taylor8324@example.com,standard,EU
jane_anderson_8325,test123,jane.anderson8325@example.com,premium,EU
alice_johnson_8326,test123,alice.johnson8326@example.com,premium,EU
john_smith_8327,test123,john.smith8327@example.com,premium,APAC
charlie_davis_8328,test123,charlie.davis8328@example.com,standard,APAC
jane_smith_8329,test123,jane.smith8329@example.com,standard,EU
charlie_johnson_8330,test123,charlie.johnson8330@example.com,premium,US
john_johnson_8331,test123,john.johnson8331@example.com,premium,EU
grace_davis_8332,test123,grace.davis8332@example.com,standard,EU
jane_johnson_8333,test123,jane.johnson8333@example.com,standard,APAC
jane_moore_8334,test123,jane.moore8334@example.com,premium,US
henry_moore_8335,test123,henry.moore8335@example.com,premium,US
frank_brown_8336,test123,frank.brown8336@example.com,premium,US
john_taylor_8337,test123,john.taylor8337@example.com,standard,US
eva_anderson_8338,test123,eva.anderson8338@example.com,standard,US
diana_wilson_8339,test123,diana.wilson8339@example.com,premium,APAC
bob_brown_8340,test123,bob.brown8340@example.com,standard,APAC
jane_miller_8341,test123,jane.miller8341@example.com,standard,US
john_smith_8342,test123,john.smith8342@example.com,premium,US
eva_thomas_8343,test123,eva.thomas8343@example.com,premium,APAC
john_smith_8344,test123,john.smith8344@example.com,standard,US
grace_anderson_8345,test123,grace.anderson8345@example.com,standard,US
john_johnson_8346,test123,john.johnson8346@example.com,standard,US
bob_brown_8347,test123,bob.brown8347@example.com,standard,US
charlie_wilson_8348,test123,charlie.wilson8348@example.com,premium,EU
bob_smith_8349,test123,bob.smith8349@example.com,standard,EU
grace_johnson_8350,test123,grace.johnson8350@example.com,standard,US
diana_brown_8351,test123,diana.brown8351@example.com,premium,US
jane_taylor_8352,test123,jane.taylor8352@example.com,standard,US
jane_davis_8353,test123,jane.davis8353@example.com,standard,US
eva_taylor_8354,test123,eva.taylor8354@example.com,standard,EU
henry_johnson_8355,test123,henry.johnson8355@example.com,standard,APAC
charlie_smith_8356,test123,charlie.smith8356@example.com,standard,APAC
alice_anderson_8357,test123,alice.anderson8357@example.com,standard,US
john_wilson_8358,test123,john.wilson8358@example.com,premium,EU
frank_brown_8359,test123,frank.brown8359@example.com,standard,US
alice_miller_8360,test123,alice.miller8360@example.com,standard,EU
john_moore_8361,test123,john.moore8361@example.com,standard,US
diana_moore_8362,test123,diana.moore8362@example.com,admin,US
eva_smith_8363,test123,eva.smith8363@example.com,standard,US
charlie_smith_8364,test123,charlie.smith8364@example.com,premium,US
frank_anderson_8365,test123,frank.anderson8365@example.com,standard,US
diana_wilson_8366,test123,diana.wilson8366@example.com,standard,APAC
henry_wilson_8367,test123,henry.wilson8367@example.com,premium,US
eva_thomas_8368,test123,eva.thomas8368@example.com,standard,US
frank_miller_8369,test123,frank.miller8369@example.com,standard,US
bob_smith_8370,test123,bob.smith8370@example.com,standard,US
frank_taylor_8371,test123,frank.taylor8371@example.com,standard,US
jane_taylor_8372,test123,jane.taylor8372@example.com,standard,APAC
frank_thomas_8373,test123,frank.thomas8373@example.com,standard,US
eva_smith_8374,test123,eva.smith8374@example.com,admin,US
bob_davis_8375,test123,bob.davis8375@example.com,standard,US
jane_johnson_8376,test123,jane.johnson8376@example.com,standard,US
diana_davis_8377,test123,diana.davis8377@example.com,standard,US
charlie_anderson_8378,test123,charlie.anderson8378@example.com,premium,EU
alice_miller_8379,test123,alice.miller8379@example.com,standard,US
charlie_miller_8380,test123,charlie.miller8380@example.com,premium,US
grace_smith_8381,test123,grace.smith8381@example.com,standard,US
alice_wilson_8382,test123,alice.wilson8382@example.com,standard,US
bob_thomas_8383,test123,bob.thomas8383@example.com,standard,US
charlie_smith_8384,test123,charlie.smith8384@example.com,standard,EU
grace_thomas_8385,test123,grace.thomas8385@example.com,standard,US
alice_wilson_8386,test123,alice.wilson8386@example.com,standard,US
frank_johnson_8387,test123,frank.johnson8387@example.com,premium,US
grace_davis_8388,test123,grace.davis8388@example.com,standard,EU
charlie_smith_8389,test123,charlie.smith8389@example.com,standard,US
bob_davis_8390,test123,bob.davis8390@example.com,standard,US
eva_miller_8391,test123,eva.miller8391@example.com,standard,US
charlie_taylor_8392,test123,charlie.taylor8392@example.com,admin,EU
john_johnson_8393,test123,john.johnson8393@example.com,standard,APAC
bob_smith_8394,test123,bob.smith8394@example.com,premium,US
charlie_miller_8395,test123,charlie.miller8395@example.com,standard,US
frank_davis_8396,test123,frank.davis8396@example.com,standard,US
frank_thomas_8397,test123,frank.thomas8397@example.com,standard,US
eva_moore_8398,test123,eva.moore8398@example.com,standard,EU
john_thomas_8399,test123,john.thomas8399@example.com,standard,US
bob_brown_8400,test123,bob.brown8400@example.com,standard,EU
alice_taylor_8401,test123,alice.taylor8401@example.com,standard,APAC
henry_anderson_8402,test123,henry.anderson8402@example.com,standard,EU
charlie_davis_8403,test123,charlie.davis8403@example.com,standard,EU
frank_moore_8404,test123,frank.moore8404@example.com,standard,EU
bob_johnson_8405,test123,bob.johnson8405@example.com,standard,US
bob_thomas_8406,test123,bob.thomas8406@example.com,standard,US
henry_thomas_8407,test123,henry.thomas8407@example.com,admin,US
eva_davis_8408,test123,eva.davis8408@example.com,standard,US
frank_smith_8409,test123,frank.smith8409@example.com,standard,US
grace_anderson_8410,test123,grace.anderson8410@example.com,standard,EU
john_davis_8411,test123,john.davis8411@example.com,premium,APAC
jane_davis_8412,test123,jane.davis8412@example.com,standard,US
grace_smith_8413,test123,grace.smith8413@example.com,premium,US
diana_smith_8414,test123,diana.smith8414@example.com,standard,EU
jane_anderson_8415,test123,jane.anderson8415@example.com,premium,US
jane_johnson_8416,test123,jane.johnson8416@example.com,premium,EU
charlie_moore_8417,test123,charlie.moore8417@example.com,standard,EU
henry_taylor_8418,test123,henry.taylor8418@example.com,premium,EU
bob_smith_8419,test123,bob.smith8419@example.com,premium,US
eva_anderson_8420,test123,eva.anderson8420@example.com,standard,US
frank_smith_8421,test123,frank.smith8421@example.com,standard,US
bob_anderson_8422,test123,bob.anderson8422@example.com,admin,EU
bob_smith_8423,test123,bob.smith8423@example.com,standard,EU
henry_moore_8424,test123,henry.moore8424@example.com,standard,US
john_thomas_8425,test123,john.thomas8425@example.com,standard,US
eva_wilson_8426,test123,eva.wilson8426@example.com,admin,US
diana_miller_8427,test123,diana.miller8427@example.com,premium,APAC
bob_smith_8428,test123,bob.smith8428@example.com,premium,US
eva_thomas_8429,test123,eva.thomas8429@example.com,standard,US
frank_wilson_8430,test123,frank.wilson8430@example.com,standard,US
john_anderson_8431,test123,john.anderson8431@example.com,premium,EU
henry_wilson_8432,test123,henry.wilson8432@example.com,standard,EU
alice_moore_8433,test123,alice.moore8433@example.com,standard,APAC
alice_anderson_8434,test123,alice.anderson8434@example.com,admin,US
john_miller_8435,test123,john.miller8435@example.com,standard,APAC
john_taylor_8436,test123,john.taylor8436@example.com,standard,EU
diana_johnson_8437,test123,diana.johnson8437@example.com,premium,US
frank_thomas_8438,test123,frank.thomas8438@example.com,standard,APAC
john_johnson_8439,test123,john.johnson8439@example.com,standard,US
henry_moore_8440,test123,henry.moore8440@example.com,premium,APAC
diana_moore_8441,test123,diana.moore8441@example.com,premium,APAC
frank_johnson_8442,test123,frank.johnson8442@example.com,standard,US
jane_anderson_8443,test123,jane.anderson8443@example.com,standard,US
eva_brown_8444,test123,eva.brown8444@example.com,premium,APAC
alice_taylor_8445,test123,alice.taylor8445@example.com,standard,EU
alice_davis_8446,test123,alice.davis8446@example.com,standard,APAC
charlie_johnson_8447,test123,charlie.johnson8447@example.com,premium,EU
eva_anderson_8448,test123,eva.anderson8448@example.com,standard,US
john_thomas_8449,test123,john.thomas8449@example.com,standard,EU
bob_anderson_8450,test123,bob.anderson8450@example.com,premium,US
diana_wilson_8451,test123,diana.wilson8451@example.com,premium,US
grace_wilson_8452,test123,grace.wilson8452@example.com,premium,EU
charlie_johnson_8453,test123,charlie.johnson8453@example.com,standard,US
alice_wilson_8454,test123,alice.wilson8454@example.com,standard,EU
henry_miller_8455,test123,henry.miller8455@example.com,premium,US
frank_miller_8456,test123,frank.miller8456@example.com,standard,US
frank_smith_8457,test123,frank.smith8457@example.com,standard,EU
grace_thomas_8458,test123,grace.thomas8458@example.com,standard,EU
eva_anderson_8459,test123,eva.anderson8459@example.com,standard,EU
jane_johnson_8460,test123,jane.johnson8460@example.com,standard,EU
eva_miller_8461,test123,eva.miller8461@example.com,standard,US
charlie_brown_8462,test123,charlie.brown8462@example.com,premium,US
eva_anderson_8463,test123,eva.anderson8463@example.com,premium,APAC
jane_smith_8464,test123,jane.smith8464@example.com,standard,US
grace_moore_8465,test123,grace.moore8465@example.com,standard,US
grace_taylor_8466,test123,grace.taylor8466@example.com,standard,EU
alice_thomas_8467,test123,alice.thomas8467@example.com,standard,US
bob_smith_8468,test123,bob.smith8468@example.com,standard,US
frank_johnson_8469,test123,frank.johnson8469@example.com,standard,US
diana_miller_8470,test123,diana.miller8470@example.com,standard,US
charlie_taylor_8471,test123,charlie.taylor8471@example.com,standard,US
eva_smith_8472,test123,eva.smith8472@example.com,standard,EU
john_wilson_8473,test123,john.wilson8473@example.com,premium,APAC
grace_johnson_8474,test123,grace.johnson8474@example.com,standard,US
grace_smith_8475,test123,grace.smith8475@example.com,premium,APAC
bob_smith_8476,test123,bob.smith8476@example.com,standard,US
henry_brown_8477,test123,henry.brown8477@example.com,premium,APAC
grace_wilson_8478,test123,grace.wilson8478@example.com,standard,EU
diana_moore_8479,test123,diana.moore8479@example.com,premium,US
charlie_davis_8480,test123,charlie.davis8480@example.com,standard,APAC
frank_davis_8481,test123,frank.davis8481@example.com,standard,US
grace_wilson_8482,test123,grace.wilson8482@example.com,standard,US
eva_davis_8483,test123,eva.davis8483@example.com,standard,EU
alice_brown_8484,test123,alice.brown8484@example.com,premium,US
henry_smith_8485,test123,henry.smith8485@example.com,standard,US
jane_taylor_8486,test123,jane.taylor8486@example.com,standard,US
eva_thomas_8487,test123,eva.thomas8487@example.com,standard,APAC
jane_johnson_8488,test123,jane.johnson8488@example.com,premium,EU
bob_johnson_8489,test123,bob.johnson8489@example.com,standard,EU
bob_moore_8490,test123,bob.moore8490@example.com,standard,APAC
john_johnson_8491,test123,john.johnson8491@example.com,premium,US
frank_moore_8492,test123,frank.moore8492@example.com,premium,EU
henry_anderson_8493,test123,henry.anderson8493@example.com,premium,US
henry_johnson_8494,test123,henry.johnson8494@example.com,standard,EU
alice_miller_8495,test123,alice.miller8495@example.com,premium,US
henry_taylor_8496,test123,henry.taylor8496@example.com,standard,US
frank_brown_8497,test123,frank.brown8497@example.com,standard,EU
charlie_anderson_8498,test123,charlie.anderson8498@example.com,standard,US
henry_moore_8499,test123,henry.moore8499@example.com,standard,EU
diana_moore_8500,test123,diana.moore8500@example.com,standard,EU
jane_taylor_8501,test123,jane.taylor8501@example.com,standard,US
grace_johnson_8502,test123,grace.johnson8502@example.com,standard,US
charlie_wilson_8503,test123,charlie.wilson8503@example.com,standard,US
frank_davis_8504,test123,frank.davis8504@example.com,standard,APAC
henry_davis_8505,test123,henry.davis8505@example.com,standard,US
henry_moore_8506,test123,henry.moore8506@example.com,standard,EU
alice_thomas_8507,test123,alice.thomas8507@example.com,standard,APAC
alice_wilson_8508,test123,alice.wilson8508@example.com,standard,US
diana_smith_8509,test123,diana.smith8509@example.com,standard,APAC
diana_brown_8510,test123,diana.brown8510@example.com,standard,US
diana_wilson_8511,test123,diana.wilson8511@example.com,premium,EU
frank_miller_8512,test123,frank.miller8512@example.com,standard,US
john_brown_8513,test123,john.brown8513@example.com,standard,EU
henry_davis_8514,test123,henry.davis8514@example.com,standard,US
henry_davis_8515,test123,henry.davis8515@example.com,admin,EU
diana_wilson_8516,test123,diana.wilson8516@example.com,standard,APAC
alice_johnson_8517,test123,alice.johnson8517@example.com,standard,EU
jane_smith_8518,test123,jane.smith8518@example.com,standard,US
eva_miller_8519,test123,eva.miller8519@example.com,standard,US
eva_moore_8520,test123,eva.moore8520@example.com,standard,US
john_johnson_8521,test123,john.johnson8521@example.com,premium,US
bob_miller_8522,test123,bob.miller8522@example.com,standard,US
frank_johnson_8523,test123,frank.johnson8523@example.com,standard,US
charlie_thomas_8524,test123,charlie.thomas8524@example.com,standard,US
bob_thomas_8525,test123,bob.thomas8525@example.com,standard,APAC
diana_moore_8526,test123,diana.moore8526@example.com,standard,US
charlie_davis_8527,test123,charlie.davis8527@example.com,standard,US
jane_smith_8528,test123,jane.smith8528@example.com,standard,US
grace_brown_8529,test123,grace.brown8529@example.com,standard,EU
grace_moore_8530,test123,grace.moore8530@example.com,standard,US
grace_brown_8531,test123,grace.brown8531@example.com,premium,US
grace_johnson_8532,test123,grace.johnson8532@example.com,standard,APAC
jane_moore_8533,test123,jane.moore8533@example.com,premium,APAC
alice_anderson_8534,test123,alice.anderson8534@example.com,standard,US
diana_johnson_8535,test123,diana.johnson8535@example.com,standard,EU
henry_thomas_8536,test123,henry.thomas8536@example.com,standard,US
charlie_thomas_8537,test123,charlie.thomas8537@example.com,standard,EU
charlie_brown_8538,test123,charlie.brown8538@example.com,standard,US
eva_johnson_8539,test123,eva.johnson8539@example.com,standard,US
jane_smith_8540,test123,jane.smith8540@example.com,standard,US
grace_brown_8541,test123,grace.brown8541@example.com,standard,US
frank_taylor_8542,test123,frank.taylor8542@example.com,standard,US
diana_taylor_8543,test123,diana.taylor8543@example.com,premium,US
eva_johnson_8544,test123,eva.johnson8544@example.com,standard,US
grace_wilson_8545,test123,grace.wilson8545@example.com,standard,EU
bob_thomas_8546,test123,bob.thomas8546@example.com,standard,US
diana_miller_8547,test123,diana.miller8547@example.com,standard,US
alice_wilson_8548,test123,alice.wilson8548@example.com,standard,US
bob_thomas_8549,test123,bob.thomas8549@example.com,standard,APAC
jane_johnson_8550,test123,jane.johnson8550@example.com,premium,US
alice_thomas_8551,test123,alice.thomas8551@example.com,standard,APAC
bob_thomas_8552,test123,bob.thomas8552@example.com,admin,EU
diana_johnson_8553,test123,diana.johnson8553@example.com,standard,US
jane_johnson_8554,test123,jane.johnson8554@example.com,standard,APAC
diana_moore_8555,test123,diana.moore8555@example.com,standard,US
john_brown_8556,test123,john.brown8556@example.com,premium,APAC
frank_wilson_8557,test123,frank.wilson8557@example.com,standard,US
jane_miller_8558,test123,jane.miller8558@example.com,premium,EU
john_davis_8559,test123,john.davis8559@example.com,standard,EU
alice_miller_8560,test123,alice.miller8560@example.com,standard,US
john_johnson_8561,test123,john.johnson8561@example.com,premium,US
frank_smith_8562,test123,frank.smith8562@example.com,standard,US
bob_smith_8563,test123,bob.smith8563@example.com,premium,US
frank_anderson_8564,test123,frank.anderson8564@example.com,standard,APAC
bob_brown_8565,test123,bob.brown8565@example.com,premium,US
eva_johnson_8566,test123,eva.johnson8566@example.com,standard,US
henry_johnson_8567,test123,henry.johnson8567@example.com,standard,US
frank_smith_8568,test123,frank.smith8568@example.com,standard,APAC
grace_miller_8569,test123,grace.miller8569@example.com,admin,EU
grace_miller_8570,test123,grace.miller8570@example.com,premium,EU
grace_smith_8571,test123,grace.smith8571@example.com,premium,US
frank_davis_8572,test123,frank.davis8572@example.com,premium,US
grace_anderson_8573,test123,grace.anderson8573@example.com,standard,US
john_davis_8574,test123,john.davis8574@example.com,standard,APAC
john_johnson_8575,test123,john.johnson8575@example.com,premium,US
eva_anderson_8576,test123,eva.anderson8576@example.com,standard,APAC
henry_anderson_8577,test123,henry.anderson8577@example.com,premium,US
henry_davis_8578,test123,henry.davis8578@example.com,standard,US
grace_johnson_8579,test123,grace.johnson8579@example.com,standard,US
bob_davis_8580,test123,bob.davis8580@example.com,standard,US
charlie_brown_8581,test123,charlie.brown8581@example.com,premium,US
eva_brown_8582,test123,eva.brown8582@example.com,standard,US
eva_thomas_8583,test123,eva.thomas8583@example.com,standard,US
alice_anderson_8584,test123,alice.anderson8584@example.com,standard,EU
jane_johnson_8585,test123,jane.johnson8585@example.com,standard,US
frank_anderson_8586,test123,frank.anderson8586@example.com,premium,EU
john_davis_8587,test123,john.davis8587@example.com,standard,US
john_davis_8588,test123,john.davis8588@example.com,standard,US
frank_thomas_8589,test123,frank.thomas8589@example.com,standard,APAC
john_miller_8590,test123,john.miller8590@example.com,standard,EU
eva_anderson_8591,test123,eva.anderson8591@example.com,premium,US
henry_smith_8592,test123,henry.smith8592@example.com,standard,APAC
bob_brown_8593,test123,bob.brown8593@example.com,standard,US
john_moore_8594,test123,john.moore8594@example.com,admin,US
alice_wilson_8595,test123,alice.wilson8595@example.com,premium,EU
bob_wilson_8596,test123,bob.wilson8596@example.com,standard,US
henry_thomas_8597,test123,henry.thomas8597@example.com,premium,US
eva_brown_8598,test123,eva.brown8598@example.com,standard,US
jane_davis_8599,test123,jane.davis8599@example.com,premium,EU
diana_smith_8600,test123,diana.smith8600@example.com,premium,US
bob_johnson_8601,test123,bob.johnson8601@example.com,standard,EU
john_johnson_8602,test123,john.johnson8602@example.com,standard,US
diana_thomas_8603,test123,diana.thomas8603@example.com,standard,US
grace_wilson_8604,test123,grace.wilson8604@example.com,standard,US
charlie_wilson_8605,test123,charlie.wilson8605@example.com,premium,EU
john_thomas_8606,test123,john.thomas8606@example.com,standard,US
eva_moore_8607,test123,eva.moore8607@example.com,standard,US
charlie_smith_8608,test123,charlie.smith8608@example.com,standard,US
charlie_thomas_8609,test123,charlie.thomas8609@example.com,premium,US
henry_taylor_8610,test123,henry.taylor8610@example.com,premium,US
charlie_moore_8611,test123,charlie.moore8611@example.com,premium,EU
jane_johnson_8612,test123,jane.johnson8612@example.com,standard,APAC
john_taylor_8613,test123,john.taylor8613@example.com,standard,US
jane_davis_8614,test123,jane.davis8614@example.com,standard,US
john_taylor_8615,test123,john.taylor8615@example.com,standard,US
alice_brown_8616,test123,alice.brown8616@example.com,premium,EU
grace_anderson_8617,test123,grace.anderson8617@example.com,standard,US
eva_smith_8618,test123,eva.smith8618@example.com,premium,EU
bob_anderson_8619,test123,bob.anderson8619@example.com,standard,US
jane_miller_8620,test123,jane.miller8620@example.com,premium,EU
jane_wilson_8621,test123,jane.wilson8621@example.com,standard,US
charlie_davis_8622,test123,charlie.davis8622@example.com,standard,APAC
john_thomas_8623,test123,john.thomas8623@example.com,standard,EU
eva_wilson_8624,test123,eva.wilson8624@example.com,standard,US
charlie_miller_8625,test123,charlie.miller8625@example.com,standard,EU
frank_brown_8626,test123,frank.brown8626@example.com,standard,US
henry_anderson_8627,test123,henry.anderson8627@example.com,standard,EU
jane_brown_8628,test123,jane.brown8628@example.com,standard,US
alice_thomas_8629,test123,alice.thomas8629@example.com,premium,EU
charlie_smith_8630,test123,charlie.smith8630@example.com,standard,APAC
jane_brown_8631,test123,jane.brown8631@example.com,standard,EU
frank_anderson_8632,test123,frank.anderson8632@example.com,standard,APAC
grace_thomas_8633,test123,grace.thomas8633@example.com,premium,EU
alice_thomas_8634,test123,alice.thomas8634@example.com,premium,APAC
alice_thomas_8635,test123,alice.thomas8635@example.com,standard,US
diana_johnson_8636,test123,diana.johnson8636@example.com,standard,APAC
jane_anderson_8637,test123,jane.anderson8637@example.com,standard,EU
henry_thomas_8638,test123,henry.thomas8638@example.com,standard,US
bob_anderson_8639,test123,bob.anderson8639@example.com,standard,US
bob_davis_8640,test123,bob.davis8640@example.com,standard,US
henry_miller_8641,test123,henry.miller8641@example.com,standard,US
charlie_taylor_8642,test123,charlie.taylor8642@example.com,premium,APAC
charlie_miller_8643,test123,charlie.miller8643@example.com,standard,US
eva_taylor_8644,test123,eva.taylor8644@example.com,standard,US
grace_brown_8645,test123,grace.brown8645@example.com,premium,US
john_wilson_8646,test123,john.wilson8646@example.com,standard,EU
diana_miller_8647,test123,diana.miller8647@example.com,premium,US
alice_davis_8648,test123,alice.davis8648@example.com,standard,US
john_miller_8649,test123,john.miller8649@example.com,standard,US
frank_moore_8650,test123,frank.moore8650@example.com,standard,EU
grace_smith_8651,test123,grace.smith8651@example.com,standard,EU
henry_brown_8652,test123,henry.brown8652@example.com,premium,US
john_anderson_8653,test123,john.anderson8653@example.com,admin,APAC
charlie_miller_8654,test123,charlie.miller8654@example.com,standard,US
charlie_brown_8655,test123,charlie.brown8655@example.com,standard,US
bob_brown_8656,test123,bob.brown8656@example.com,standard,EU
diana_moore_8657,test123,diana.moore8657@example.com,premium,US
frank_davis_8658,test123,frank.davis8658@example.com,standard,US
eva_johnson_8659,test123,eva.johnson8659@example.com,standard,EU
henry_davis_8660,test123,henry.davis8660@example.com,standard,APAC
john_johnson_8661,test123,john.johnson8661@example.com,standard,APAC
jane_moore_8662,test123,jane.moore8662@example.com,standard,US
bob_taylor_8663,test123,bob.taylor8663@example.com,standard,APAC
diana_davis_8664,test123,diana.davis8664@example.com,standard,EU
frank_smith_8665,test123,frank.smith8665@example.com,standard,APAC
henry_smith_8666,test123,henry.smith8666@example.com,standard,APAC
bob_anderson_8667,test123,bob.anderson8667@example.com,standard,APAC
alice_thomas_8668,test123,alice.thomas8668@example.com,standard,APAC
alice_wilson_8669,test123,alice.wilson8669@example.com,standard,APAC
alice_moore_8670,test123,alice.moore8670@example.com,premium,US
frank_wilson_8671,test123,frank.wilson8671@example.com,standard,US
charlie_thomas_8672,test123,charlie.thomas8672@example.com,standard,EU
henry_brown_8673,test123,henry.brown8673@example.com,standard,US
diana_brown_8674,test123,diana.brown8674@example.com,standard,APAC
bob_davis_8675,test123,bob.davis8675@example.com,standard,US
jane_wilson_8676,test123,jane.wilson8676@example.com,standard,US
eva_taylor_8677,test123,eva.taylor8677@example.com,standard,US
grace_davis_8678,test123,grace.davis8678@example.com,standard,US
grace_davis_8679,test123,grace.davis8679@example.com,admin,US
eva_miller_8680,test123,eva.miller8680@example.com,standard,EU
jane_taylor_8681,test123,jane.taylor8681@example.com,standard,EU
charlie_moore_8682,test123,charlie.moore8682@example.com,standard,US
alice_taylor_8683,test123,alice.taylor8683@example.com,premium,US
frank_brown_8684,test123,frank.brown8684@example.com,premium,US
frank_wilson_8685,test123,frank.wilson8685@example.com,standard,US
henry_johnson_8686,test123,henry.johnson8686@example.com,standard,US
frank_miller_8687,test123,frank.miller8687@example.com,standard,APAC
jane_anderson_8688,test123,jane.anderson8688@example.com,premium,APAC
eva_thomas_8689,test123,eva.thomas8689@example.com,standard,US
john_moore_8690,test123,john.moore8690@example.com,standard,EU
diana_johnson_8691,test123,diana.johnson8691@example.com,admin,US
bob_anderson_8692,test123,bob.anderson8692@example.com,standard,US
frank_smith_8693,test123,frank.smith8693@example.com,standard,US
frank_miller_8694,test123,frank.miller8694@example.com,premium,EU
alice_thomas_8695,test123,alice.thomas8695@example.com,standard,US
jane_wilson_8696,test123,jane.wilson8696@example.com,admin,EU
jane_moore_8697,test123,jane.moore8697@example.com,standard,APAC
bob_davis_8698,test123,bob.davis8698@example.com,premium,US
diana_johnson_8699,test123,diana.johnson8699@example.com,standard,US
charlie_johnson_8700,test123,charlie.johnson8700@example.com,premium,US
grace_johnson_8701,test123,grace.johnson8701@example.com,standard,US
bob_smith_8702,test123,bob.smith8702@example.com,standard,EU
eva_thomas_8703,test123,eva.thomas8703@example.com,standard,EU
henry_miller_8704,test123,henry.miller8704@example.com,standard,EU
charlie_davis_8705,test123,charlie.davis8705@example.com,standard,US
john_thomas_8706,test123,john.thomas8706@example.com,premium,APAC
frank_wilson_8707,test123,frank.wilson8707@example.com,standard,APAC
jane_brown_8708,test123,jane.brown8708@example.com,standard,APAC
eva_taylor_8709,test123,eva.taylor8709@example.com,standard,US
diana_davis_8710,test123,diana.davis8710@example.com,standard,US
frank_wilson_8711,test123,frank.wilson8711@example.com,standard,EU
charlie_wilson_8712,test123,charlie.wilson8712@example.com,standard,EU
grace_anderson_8713,test123,grace.anderson8713@example.com,standard,US
bob_miller_8714,test123,bob.miller8714@example.com,premium,US
jane_thomas_8715,test123,jane.thomas8715@example.com,standard,US
grace_anderson_8716,test123,grace.anderson8716@example.com,standard,EU
alice_smith_8717,test123,alice.smith8717@example.com,premium,US
bob_davis_8718,test123,bob.davis8718@example.com,standard,APAC
alice_thomas_8719,test123,alice.thomas8719@example.com,standard,EU
charlie_davis_8720,test123,charlie.davis8720@example.com,standard,US
henry_wilson_8721,test123,henry.wilson8721@example.com,standard,US
bob_davis_8722,test123,bob.davis8722@example.com,premium,EU
frank_johnson_8723,test123,frank.johnson8723@example.com,standard,EU
charlie_wilson_8724,test123,charlie.wilson8724@example.com,standard,EU
grace_wilson_8725,test123,grace.wilson8725@example.com,standard,APAC
eva_smith_8726,test123,eva.smith8726@example.com,standard,US
bob_smith_8727,test123,bob.smith8727@example.com,standard,EU
eva_miller_8728,test123,eva.miller8728@example.com,premium,EU
frank_davis_8729,test123,frank.davis8729@example.com,standard,US
frank_johnson_8730,test123,frank.johnson8730@example.com,premium,APAC
alice_anderson_8731,test123,alice.anderson8731@example.com,standard,EU
jane_thomas_8732,test123,jane.thomas8732@example.com,premium,EU
grace_wilson_8733,test123,grace.wilson8733@example.com,standard,US
frank_miller_8734,test123,frank.miller8734@example.com,standard,US
eva_thomas_8735,test123,eva.thomas8735@example.com,standard,APAC
charlie_thomas_8736,test123,charlie.thomas8736@example.com,premium,US
charlie_johnson_8737,test123,charlie.johnson8737@example.com,premium,EU
diana_moore_8738,test123,diana.moore8738@example.com,standard,EU
henry_johnson_8739,test123,henry.johnson8739@example.com,standard,US
grace_wilson_8740,test123,grace.wilson8740@example.com,standard,US
frank_miller_8741,test123,frank.miller8741@example.com,premium,US
alice_davis_8742,test123,alice.davis8742@example.com,standard,APAC
grace_smith_8743,test123,grace.smith8743@example.com,standard,US
grace_moore_8744,test123,grace.moore8744@example.com,standard,US
alice_miller_8745,test123,alice.miller8745@example.com,standard,US
john_brown_8746,test123,john.brown8746@example.com,standard,US
eva_taylor_8747,test123,eva.taylor8747@example.com,standard,EU
john_moore_8748,test123,john.moore8748@example.com,premium,EU
jane_johnson_8749,test123,jane.johnson8749@example.com,admin,US
john_anderson_8750,test123,john.anderson8750@example.com,premium,US
grace_johnson_8751,test123,grace.johnson8751@example.com,premium,US
frank_taylor_8752,test123,frank.taylor8752@example.com,premium,APAC
jane_anderson_8753,test123,jane.anderson8753@example.com,premium,APAC
henry_smith_8754,test123,henry.smith8754@example.com,premium,US
eva_johnson_8755,test123,eva.johnson8755@example.com,premium,APAC
john_brown_8756,test123,john.brown8756@example.com,standard,US
john_wilson_8757,test123,john.wilson8757@example.com,standard,US
alice_smith_8758,test123,alice.smith8758@example.com,standard,US
john_davis_8759,test123,john.davis8759@example.com,standard,APAC
john_davis_8760,test123,john.davis8760@example.com,premium,EU
jane_thomas_8761,test123,jane.thomas8761@example.com,standard,US
frank_davis_8762,test123,frank.davis8762@example.com,standard,US
charlie_davis_8763,test123,charlie.davis8763@example.com,standard,US
jane_smith_8764,test123,jane.smith8764@example.com,admin,EU
charlie_moore_8765,test123,charlie.moore8765@example.com,standard,US
bob_smith_8766,test123,bob.smith8766@example.com,premium,APAC
jane_wilson_8767,test123,jane.wilson8767@example.com,premium,US
charlie_smith_8768,test123,charlie.smith8768@example.com,standard,US
alice_brown_8769,test123,alice.brown8769@example.com,standard,US
john_brown_8770,test123,john.brown8770@example.com,premium,US
bob_miller_8771,test123,bob.miller8771@example.com,standard,US
alice_miller_8772,test123,alice.miller8772@example.com,standard,APAC
frank_smith_8773,test123,frank.smith8773@example.com,standard,APAC
grace_brown_8774,test123,grace.brown8774@example.com,standard,US
frank_smith_8775,test123,frank.smith8775@example.com,premium,US
henry_smith_8776,test123,henry.smith8776@example.com,standard,EU
henry_wilson_8777,test123,henry.wilson8777@example.com,standard,US
diana_miller_8778,test123,diana.miller8778@example.com,standard,US
frank_moore_8779,test123,frank.moore8779@example.com,standard,EU
jane_davis_8780,test123,jane.davis8780@example.com,standard,US
henry_miller_8781,test123,henry.miller8781@example.com,standard,US
henry_miller_8782,test123,henry.miller8782@example.com,standard,EU
diana_wilson_8783,test123,diana.wilson8783@example.com,standard,APAC
henry_wilson_8784,test123,henry.wilson8784@example.com,standard,EU
jane_miller_8785,test123,jane.miller8785@example.com,standard,APAC
jane_brown_8786,test123,jane.brown8786@example.com,premium,APAC
charlie_davis_8787,test123,charlie.davis8787@example.com,standard,US
eva_brown_8788,test123,eva.brown8788@example.com,standard,US
eva_brown_8789,test123,eva.brown8789@example.com,standard,EU
alice_davis_8790,test123,alice.davis8790@example.com,standard,EU
henry_brown_8791,test123,henry.brown8791@example.com,standard,US
henry_miller_8792,test123,henry.miller8792@example.com,standard,EU
charlie_wilson_8793,test123,charlie.wilson8793@example.com,standard,US
diana_davis_8794,test123,diana.davis8794@example.com,standard,US
henry_thomas_8795,test123,henry.thomas8795@example.com,standard,EU
eva_moore_8796,test123,eva.moore8796@example.com,standard,US
diana_taylor_8797,test123,diana.taylor8797@example.com,premium,EU
alice_moore_8798,test123,alice.moore8798@example.com,standard,EU
john_smith_8799,test123,john.smith8799@example.com,premium,US
henry_anderson_8800,test123,henry.anderson8800@example.com,standard,APAC
jane_wilson_8801,test123,jane.wilson8801@example.com,standard,EU
grace_wilson_8802,test123,grace.wilson8802@example.com,standard,APAC
jane_thomas_8803,test123,jane.thomas8803@example.com,admin,US
frank_johnson_8804,test123,frank.johnson8804@example.com,standard,US
charlie_moore_8805,test123,charlie.moore8805@example.com,standard,US
frank_anderson_8806,test123,frank.anderson8806@example.com,standard,US
john_taylor_8807,test123,john.taylor8807@example.com,standard,APAC
jane_davis_8808,test123,jane.davis8808@example.com,premium,US
alice_smith_8809,test123,alice.smith8809@example.com,standard,US
bob_miller_8810,test123,bob.miller8810@example.com,standard,EU
grace_brown_8811,test123,grace.brown8811@example.com,standard,EU
bob_brown_8812,test123,bob.brown8812@example.com,premium,EU
jane_thomas_8813,test123,jane.thomas8813@example.com,standard,US
henry_taylor_8814,test123,henry.taylor8814@example.com,standard,EU
alice_anderson_8815,test123,alice.anderson8815@example.com,standard,APAC
henry_anderson_8816,test123,henry.anderson8816@example.com,standard,US
diana_anderson_8817,test123,diana.anderson8817@example.com,standard,US
frank_smith_8818,test123,frank.smith8818@example.com,premium,US
frank_thomas_8819,test123,frank.thomas8819@example.com,premium,US
alice_brown_8820,test123,alice.brown8820@example.com,standard,US
frank_miller_8821,test123,frank.miller8821@example.com,premium,US
john_miller_8822,test123,john.miller8822@example.com,standard,EU
diana_brown_8823,test123,diana.brown8823@example.com,standard,US
frank_anderson_8824,test123,frank.anderson8824@example.com,standard,APAC
bob_brown_8825,test123,bob.brown8825@example.com,standard,EU
frank_davis_8826,test123,frank.davis8826@example.com,standard,US
charlie_miller_8827,test123,charlie.miller8827@example.com,standard,US
frank_davis_8828,test123,frank.davis8828@example.com,standard,EU
jane_johnson_8829,test123,jane.johnson8829@example.com,standard,EU
grace_taylor_8830,test123,grace.taylor8830@example.com,standard,EU
john_moore_8831,test123,john.moore8831@example.com,standard,US
jane_wilson_8832,test123,jane.wilson8832@example.com,standard,US
john_wilson_8833,test123,john.wilson8833@example.com,premium,US
charlie_thomas_8834,test123,charlie.thomas8834@example.com,standard,EU
jane_miller_8835,test123,jane.miller8835@example.com,premium,US
henry_johnson_8836,test123,henry.johnson8836@example.com,standard,US
john_thomas_8837,test123,john.thomas8837@example.com,standard,US
john_wilson_8838,test123,john.wilson8838@example.com,standard,US
frank_taylor_8839,test123,frank.taylor8839@example.com,standard,US
grace_wilson_8840,test123,grace.wilson8840@example.com,premium,EU
john_brown_8841,test123,john.brown8841@example.com,premium,US
frank_smith_8842,test123,frank.smith8842@example.com,premium,EU
frank_thomas_8843,test123,frank.thomas8843@example.com,standard,EU
alice_smith_8844,test123,alice.smith8844@example.com,standard,US
bob_johnson_8845,test123,bob.johnson8845@example.com,standard,APAC
jane_wilson_8846,test123,jane.wilson8846@example.com,standard,EU
eva_anderson_8847,test123,eva.anderson8847@example.com,premium,US
charlie_taylor_8848,test123,charlie.taylor8848@example.com,standard,US
diana_thomas_8849,test123,diana.thomas8849@example.com,standard,US
henry_davis_8850,test123,henry.davis8850@example.com,standard,APAC
charlie_davis_8851,test123,charlie.davis8851@example.com,standard,US
alice_davis_8852,test123,alice.davis8852@example.com,standard,APAC
john_smith_8853,test123,john.smith8853@example.com,standard,US
charlie_anderson_8854,test123,charlie.anderson8854@example.com,admin,APAC
eva_brown_8855,test123,eva.brown8855@example.com,standard,US
grace_miller_8856,test123,grace.miller8856@example.com,standard,APAC
frank_thomas_8857,test123,frank.thomas8857@example.com,standard,US
bob_thomas_8858,test123,bob.thomas8858@example.com,standard,APAC
bob_smith_8859,test123,bob.smith8859@example.com,premium,EU
john_thomas_8860,test123,john.thomas8860@example.com,premium,US
eva_moore_8861,test123,eva.moore8861@example.com,standard,APAC
jane_miller_8862,test123,jane.miller8862@example.com,standard,US
charlie_anderson_8863,test123,charlie.anderson8863@example.com,standard,US
eva_johnson_8864,test123,eva.johnson8864@example.com,standard,US
john_taylor_8865,test123,john.taylor8865@example.com,standard,US
diana_wilson_8866,test123,diana.wilson8866@example.com,standard,US
frank_moore_8867,test123,frank.moore8867@example.com,standard,EU
frank_anderson_8868,test123,frank.anderson8868@example.com,standard,US
bob_brown_8869,test123,bob.brown8869@example.com,standard,EU
diana_thomas_8870,test123,diana.thomas8870@example.com,standard,US
bob_davis_8871,test123,bob.davis8871@example.com,premium,US
diana_miller_8872,test123,diana.miller8872@example.com,standard,US
grace_brown_8873,test123,grace.brown8873@example.com,premium,US
alice_brown_8874,test123,alice.brown8874@example.com,standard,US
alice_brown_8875,test123,alice.brown8875@example.com,standard,US
grace_taylor_8876,test123,grace.taylor8876@example.com,premium,US
john_johnson_8877,test123,john.johnson8877@example.com,standard,US
diana_johnson_8878,test123,diana.johnson8878@example.com,standard,EU
jane_miller_8879,test123,jane.miller8879@example.com,standard,EU
henry_miller_8880,test123,henry.miller8880@example.com,standard,US
henry_brown_8881,test123,henry.brown8881@example.com,admin,US
eva_anderson_8882,test123,eva.anderson8882@example.com,standard,APAC
alice_taylor_8883,test123,alice.taylor8883@example.com,premium,APAC
frank_moore_8884,test123,frank.moore8884@example.com,premium,US
frank_davis_8885,test123,frank.davis8885@example.com,standard,US
grace_davis_8886,test123,grace.davis8886@example.com,premium,US
bob_johnson_8887,test123,bob.johnson8887@example.com,standard,US
charlie_wilson_8888,test123,charlie.wilson8888@example.com,premium,EU
charlie_taylor_8889,test123,charlie.taylor8889@example.com,standard,EU
frank_brown_8890,test123,frank.brown8890@example.com,standard,EU
charlie_moore_8891,test123,charlie.moore8891@example.com,standard,APAC
grace_anderson_8892,test123,grace.anderson8892@example.com,standard,APAC
charlie_thomas_8893,test123,charlie.thomas8893@example.com,standard,EU
henry_johnson_8894,test123,henry.johnson8894@example.com,standard,US
john_miller_8895,test123,john.miller8895@example.com,premium,APAC
diana_johnson_8896,test123,diana.johnson8896@example.com,standard,US
eva_brown_8897,test123,eva.brown8897@example.com,standard,APAC
frank_smith_8898,test123,frank.smith8898@example.com,standard,EU
alice_davis_8899,test123,alice.davis8899@example.com,standard,EU
frank_davis_8900,test123,frank.davis8900@example.com,premium,EU
frank_taylor_8901,test123,frank.taylor8901@example.com,standard,US
eva_wilson_8902,test123,eva.wilson8902@example.com,admin,US
charlie_moore_8903,test123,charlie.moore8903@example.com,standard,US
bob_miller_8904,test123,bob.miller8904@example.com,standard,EU
diana_thomas_8905,test123,diana.thomas8905@example.com,standard,US
charlie_thomas_8906,test123,charlie.thomas8906@example.com,premium,EU
eva_moore_8907,test123,eva.moore8907@example.com,standard,EU
grace_thomas_8908,test123,grace.thomas8908@example.com,admin,US
henry_davis_8909,test123,henry.davis8909@example.com,premium,US
alice_davis_8910,test123,alice.davis8910@example.com,standard,US
john_brown_8911,test123,john.brown8911@example.com,standard,EU
henry_johnson_8912,test123,henry.johnson8912@example.com,standard,APAC
eva_taylor_8913,test123,eva.taylor8913@example.com,standard,EU
john_moore_8914,test123,john.moore8914@example.com,standard,US
grace_thomas_8915,test123,grace.thomas8915@example.com,standard,US
eva_taylor_8916,test123,eva.taylor8916@example.com,premium,EU
diana_moore_8917,test123,diana.moore8917@example.com,standard,EU
jane_johnson_8918,test123,jane.johnson8918@example.com,premium,US
diana_miller_8919,test123,diana.miller8919@example.com,standard,US
frank_smith_8920,test123,frank.smith8920@example.com,premium,US
eva_moore_8921,test123,eva.moore8921@example.com,admin,EU
alice_davis_8922,test123,alice.davis8922@example.com,standard,EU
charlie_wilson_8923,test123,charlie.wilson8923@example.com,standard,US
frank_smith_8924,test123,frank.smith8924@example.com,standard,EU
henry_miller_8925,test123,henry.miller8925@example.com,standard,US
henry_brown_8926,test123,henry.brown8926@example.com,standard,APAC
eva_anderson_8927,test123,eva.anderson8927@example.com,standard,US
alice_taylor_8928,test123,alice.taylor8928@example.com,premium,US
grace_johnson_8929,test123,grace.johnson8929@example.com,standard,EU
frank_taylor_8930,test123,frank.taylor8930@example.com,premium,EU
henry_johnson_8931,test123,henry.johnson8931@example.com,premium,APAC
jane_johnson_8932,test123,jane.johnson8932@example.com,standard,EU
alice_moore_8933,test123,alice.moore8933@example.com,standard,US
alice_anderson_8934,test123,alice.anderson8934@example.com,standard,US
jane_brown_8935,test123,jane.brown8935@example.com,standard,US
bob_taylor_8936,test123,bob.taylor8936@example.com,standard,US
alice_miller_8937,test123,alice.miller8937@example.com,premium,US
jane_miller_8938,test123,jane.miller8938@example.com,standard,US
eva_brown_8939,test123,eva.brown8939@example.com,premium,US
eva_moore_8940,test123,eva.moore8940@example.com,standard,EU
alice_moore_8941,test123,alice.moore8941@example.com,standard,US
bob_johnson_8942,test123,bob.johnson8942@example.com,standard,US
henry_anderson_8943,test123,henry.anderson8943@example.com,standard,EU
frank_wilson_8944,test123,frank.wilson8944@example.com,standard,US
charlie_wilson_8945,test123,charlie.wilson8945@example.com,standard,US
bob_anderson_8946,test123,bob.anderson8946@example.com,standard,US
diana_moore_8947,test123,diana.moore8947@example.com,admin,US
eva_wilson_8948,test123,eva.wilson8948@example.com,admin,US
jane_miller_8949,test123,jane.miller8949@example.com,standard,US
bob_anderson_8950,test123,bob.anderson8950@example.com,standard,US
john_thomas_8951,test123,john.thomas8951@example.com,standard,US
grace_wilson_8952,test123,grace.wilson8952@example.com,standard,US
bob_miller_8953,test123,bob.miller8953@example.com,standard,APAC
grace_johnson_8954,test123,grace.johnson8954@example.com,standard,EU
bob_taylor_8955,test123,bob.taylor8955@example.com,premium,EU
john_thomas_8956,test123,john.thomas8956@example.com,standard,US
frank_moore_8957,test123,frank.moore8957@example.com,standard,US
diana_wilson_8958,test123,diana.wilson8958@example.com,standard,US
alice_miller_8959,test123,alice.miller8959@example.com,standard,EU
grace_moore_8960,test123,grace.moore8960@example.com,standard,EU
bob_johnson_8961,test123,bob.johnson8961@example.com,standard,US
jane_moore_8962,test123,jane.moore8962@example.com,premium,US
john_anderson_8963,test123,john.anderson8963@example.com,standard,US
bob_brown_8964,test123,bob.brown8964@example.com,standard,US
bob_brown_8965,test123,bob.brown8965@example.com,standard,EU
diana_smith_8966,test123,diana.smith8966@example.com,standard,US
frank_johnson_8967,test123,frank.johnson8967@example.com,standard,EU
charlie_miller_8968,test123,charlie.miller8968@example.com,standard,US
eva_brown_8969,test123,eva.brown8969@example.com,standard,US
henry_taylor_8970,test123,henry.taylor8970@example.com,premium,US
henry_brown_8971,test123,henry.brown8971@example.com,premium,US
frank_wilson_8972,test123,frank.wilson8972@example.com,standard,EU
bob_anderson_8973,test123,bob.anderson8973@example.com,premium,EU
henry_wilson_8974,test123,henry.wilson8974@example.com,standard,US
alice_smith_8975,test123,alice.smith8975@example.com,premium,US
charlie_thomas_8976,test123,charlie.thomas8976@example.com,standard,EU
diana_miller_8977,test123,diana.miller8977@example.com,standard,US
alice_thomas_8978,test123,alice.thomas8978@example.com,premium,APAC
grace_smith_8979,test123,grace.smith8979@example.com,standard,US
grace_smith_8980,test123,grace.smith8980@example.com,admin,APAC
diana_brown_8981,test123,diana.brown8981@example.com,premium,US
henry_smith_8982,test123,henry.smith8982@example.com,standard,US
john_moore_8983,test123,john.moore8983@example.com,premium,US
grace_anderson_8984,test123,grace.anderson8984@example.com,standard,EU
diana_taylor_8985,test123,diana.taylor8985@example.com,standard,US
henry_anderson_8986,test123,henry.anderson8986@example.com,standard,US
eva_johnson_8987,test123,eva.johnson8987@example.com,standard,US
alice_anderson_8988,test123,alice.anderson8988@example.com,premium,US
jane_wilson_8989,test123,jane.wilson8989@example.com,admin,US
diana_thomas_8990,test123,diana.thomas8990@example.com,standard,APAC
bob_anderson_8991,test123,bob.anderson8991@example.com,standard,US
henry_miller_8992,test123,henry.miller8992@example.com,standard,US
bob_davis_8993,test123,bob.davis8993@example.com,standard,US
henry_wilson_8994,test123,henry.wilson8994@example.com,standard,APAC
eva_johnson_8995,test123,eva.johnson8995@example.com,standard,EU
eva_moore_8996,test123,eva.moore8996@example.com,standard,US
bob_taylor_8997,test123,bob.taylor8997@example.com,standard,US
john_davis_8998,test123,john.davis8998@example.com,standard,EU
john_smith_8999,test123,john.smith8999@example.com,standard,US
jane_smith_9000,test123,jane.smith9000@example.com,premium,US
charlie_johnson_9001,test123,charlie.johnson9001@example.com,standard,US
alice_smith_9002,test123,alice.smith9002@example.com,standard,US
charlie_wilson_9003,test123,charlie.wilson9003@example.com,premium,US
jane_taylor_9004,test123,jane.taylor9004@example.com,standard,US
grace_wilson_9005,test123,grace.wilson9005@example.com,standard,APAC
diana_davis_9006,test123,diana.davis9006@example.com,standard,US
charlie_smith_9007,test123,charlie.smith9007@example.com,premium,EU
john_brown_9008,test123,john.brown9008@example.com,standard,US
henry_brown_9009,test123,henry.brown9009@example.com,standard,US
eva_johnson_9010,test123,eva.johnson9010@example.com,standard,EU
diana_wilson_9011,test123,diana.wilson9011@example.com,standard,EU
frank_wilson_9012,test123,frank.wilson9012@example.com,premium,EU
bob_davis_9013,test123,bob.davis9013@example.com,standard,US
john_wilson_9014,test123,john.wilson9014@example.com,admin,US
charlie_moore_9015,test123,charlie.moore9015@example.com,standard,EU
diana_smith_9016,test123,diana.smith9016@example.com,standard,APAC
eva_davis_9017,test123,eva.davis9017@example.com,standard,APAC
jane_davis_9018,test123,jane.davis9018@example.com,standard,US
john_johnson_9019,test123,john.johnson9019@example.com,standard,EU
bob_smith_9020,test123,bob.smith9020@example.com,standard,US
henry_davis_9021,test123,henry.davis9021@example.com,standard,US
diana_thomas_9022,test123,diana.thomas9022@example.com,standard,APAC
eva_taylor_9023,test123,eva.taylor9023@example.com,standard,US
bob_taylor_9024,test123,bob.taylor9024@example.com,admin,US
charlie_brown_9025,test123,charlie.brown9025@example.com,premium,EU
grace_smith_9026,test123,grace.smith9026@example.com,premium,US
grace_thomas_9027,test123,grace.thomas9027@example.com,standard,US
charlie_wilson_9028,test123,charlie.wilson9028@example.com,standard,EU
john_thomas_9029,test123,john.thomas9029@example.com,standard,APAC
grace_wilson_9030,test123,grace.wilson9030@example.com,standard,US
henry_miller_9031,test123,henry.miller9031@example.com,standard,US
bob_smith_9032,test123,bob.smith9032@example.com,standard,US
jane_davis_9033,test123,jane.davis9033@example.com,premium,US
frank_wilson_9034,test123,frank.wilson9034@example.com,premium,APAC
frank_smith_9035,test123,frank.smith9035@example.com,standard,US
frank_anderson_9036,test123,frank.anderson9036@example.com,standard,APAC
henry_taylor_9037,test123,henry.taylor9037@example.com,standard,US
grace_brown_9038,test123,grace.brown9038@example.com,standard,EU
diana_davis_9039,test123,diana.davis9039@example.com,premium,US
bob_anderson_9040,test123,bob.anderson9040@example.com,standard,APAC
charlie_davis_9041,test123,charlie.davis9041@example.com,standard,US
henry_smith_9042,test123,henry.smith9042@example.com,premium,EU
frank_moore_9043,test123,frank.moore9043@example.com,premium,EU
grace_thomas_9044,test123,grace.thomas9044@example.com,admin,APAC
eva_taylor_9045,test123,eva.taylor9045@example.com,premium,APAC
john_wilson_9046,test123,john.wilson9046@example.com,standard,US
jane_miller_9047,test123,jane.miller9047@example.com,premium,US
frank_wilson_9048,test123,frank.wilson9048@example.com,standard,EU
henry_davis_9049,test123,henry.davis9049@example.com,standard,US
eva_smith_9050,test123,eva.smith9050@example.com,standard,US
henry_wilson_9051,test123,henry.wilson9051@example.com,premium,US
charlie_johnson_9052,test123,charlie.johnson9052@example.com,standard,EU
henry_johnson_9053,test123,henry.johnson9053@example.com,premium,US
grace_brown_9054,test123,grace.brown9054@example.com,standard,APAC
charlie_smith_9055,test123,charlie.smith9055@example.com,standard,US
frank_moore_9056,test123,frank.moore9056@example.com,standard,US
john_davis_9057,test123,john.davis9057@example.com,standard,US
frank_smith_9058,test123,frank.smith9058@example.com,standard,US
charlie_moore_9059,test123,charlie.moore9059@example.com,standard,APAC
grace_anderson_9060,test123,grace.anderson9060@example.com,premium,US
alice_anderson_9061,test123,alice.anderson9061@example.com,standard,US
diana_miller_9062,test123,diana.miller9062@example.com,standard,US
charlie_taylor_9063,test123,charlie.taylor9063@example.com,standard,US
bob_johnson_9064,test123,bob.johnson9064@example.com,standard,US
diana_davis_9065,test123,diana.davis9065@example.com,standard,US
john_smith_9066,test123,john.smith9066@example.com,standard,US
henry_anderson_9067,test123,henry.anderson9067@example.com,admin,US
bob_davis_9068,test123,bob.davis9068@example.com,standard,US
grace_moore_9069,test123,grace.moore9069@example.com,standard,EU
alice_wilson_9070,test123,alice.wilson9070@example.com,standard,APAC
alice_moore_9071,test123,alice.moore9071@example.com,standard,EU
charlie_miller_9072,test123,charlie.miller9072@example.com,standard,US
john_thomas_9073,test123,john.thomas9073@example.com,standard,US
diana_davis_9074,test123,diana.davis9074@example.com,standard,EU
alice_anderson_9075,test123,alice.anderson9075@example.com,premium,US
jane_brown_9076,test123,jane.brown9076@example.com,premium,EU
john_davis_9077,test123,john.davis9077@example.com,standard,EU
alice_davis_9078,test123,alice.davis9078@example.com,premium,US
grace_wilson_9079,test123,grace.wilson9079@example.com,premium,US
eva_taylor_9080,test123,eva.taylor9080@example.com,standard,US
diana_taylor_9081,test123,diana.taylor9081@example.com,premium,EU
henry_anderson_9082,test123,henry.anderson9082@example.com,premium,US
charlie_brown_9083,test123,charlie.brown9083@example.com,standard,US
eva_brown_9084,test123,eva.brown9084@example.com,premium,US
diana_anderson_9085,test123,diana.anderson9085@example.com,standard,US
john_johnson_9086,test123,john.johnson9086@example.com,premium,US
john_thomas_9087,test123,john.thomas9087@example.com,standard,US
henry_anderson_9088,test123,henry.anderson9088@example.com,premium,US
charlie_taylor_9089,test123,charlie.taylor9089@example.com,admin,EU
grace_moore_9090,test123,grace.moore9090@example.com,standard,US
john_brown_9091,test123,john.brown9091@example.com,standard,EU
bob_brown_9092,test123,bob.brown9092@example.com,standard,US
jane_johnson_9093,test123,jane.johnson9093@example.com,standard,APAC
henry_miller_9094,test123,henry.miller9094@example.com,standard,US
jane_thomas_9095,test123,jane.thomas9095@example.com,admin,US
john_smith_9096,test123,john.smith9096@example.com,premium,US
charlie_davis_9097,test123,charlie.davis9097@example.com,standard,APAC
bob_wilson_9098,test123,bob.wilson9098@example.com,standard,APAC
grace_moore_9099,test123,grace.moore9099@example.com,standard,APAC
henry_brown_9100,test123,henry.brown9100@example.com,standard,EU
eva_miller_9101,test123,eva.miller9101@example.com,admin,EU
diana_anderson_9102,test123,diana.anderson9102@example.com,standard,US
eva_miller_9103,test123,eva.miller9103@example.com,standard,US
alice_wilson_9104,test123,alice.wilson9104@example.com,admin,US
john_brown_9105,test123,john.brown9105@example.com,standard,US
charlie_smith_9106,test123,charlie.smith9106@example.com,standard,US
alice_thomas_9107,test123,alice.thomas9107@example.com,standard,US
frank_smith_9108,test123,frank.smith9108@example.com,standard,US
alice_smith_9109,test123,alice.smith9109@example.com,standard,US
henry_anderson_9110,test123,henry.anderson9110@example.com,admin,APAC
henry_smith_9111,test123,henry.smith9111@example.com,premium,US
john_taylor_9112,test123,john.taylor9112@example.com,premium,APAC
diana_thomas_9113,test123,diana.thomas9113@example.com,standard,US
grace_miller_9114,test123,grace.miller9114@example.com,standard,US
grace_brown_9115,test123,grace.brown9115@example.com,standard,US
grace_anderson_9116,test123,grace.anderson9116@example.com,standard,US
eva_taylor_9117,test123,eva.taylor9117@example.com,standard,US
john_wilson_9118,test123,john.wilson9118@example.com,standard,US
bob_thomas_9119,test123,bob.thomas9119@example.com,admin,US
charlie_taylor_9120,test123,charlie.taylor9120@example.com,admin,US
diana_taylor_9121,test123,diana.taylor9121@example.com,standard,US
eva_moore_9122,test123,eva.moore9122@example.com,standard,US
frank_brown_9123,test123,frank.brown9123@example.com,standard,APAC
henry_anderson_9124,test123,henry.anderson9124@example.com,premium,US
bob_thomas_9125,test123,bob.thomas9125@example.com,standard,APAC
grace_moore_9126,test123,grace.moore9126@example.com,standard,US
alice_miller_9127,test123,alice.miller9127@example.com,premium,US
jane_wilson_9128,test123,jane.wilson9128@example.com,standard,US
grace_anderson_9129,test123,grace.anderson9129@example.com,standard,US
bob_wilson_9130,test123,bob.wilson9130@example.com,premium,APAC
charlie_anderson_9131,test123,charlie.anderson9131@example.com,standard,US
bob_johnson_9132,test123,bob.johnson9132@example.com,standard,US
diana_davis_9133,test123,diana.davis9133@example.com,standard,US
henry_thomas_9134,test123,henry.thomas9134@example.com,standard,US
henry_brown_9135,test123,henry.brown9135@example.com,standard,US
jane_davis_9136,test123,jane.davis9136@example.com,standard,APAC
diana_taylor_9137,test123,diana.taylor9137@example.com,standard,APAC
diana_smith_9138,test123,diana.smith9138@example.com,standard,US
diana_miller_9139,test123,diana.miller9139@example.com,standard,US
diana_wilson_9140,test123,diana.wilson9140@example.com,admin,APAC
frank_wilson_9141,test123,frank.wilson9141@example.com,premium,US
jane_johnson_9142,test123,jane.johnson9142@example.com,standard,US
alice_thomas_9143,test123,alice.thomas9143@example.com,standard,US
charlie_taylor_9144,test123,charlie.taylor9144@example.com,standard,US
charlie_wilson_9145,test123,charlie.wilson9145@example.com,standard,APAC
henry_taylor_9146,test123,henry.taylor9146@example.com,standard,US
henry_wilson_9147,test123,henry.wilson9147@example.com,standard,US
grace_johnson_9148,test123,grace.johnson9148@example.com,premium,US
john_thomas_9149,test123,john.thomas9149@example.com,standard,US
john_smith_9150,test123,john.smith9150@example.com,standard,APAC
jane_anderson_9151,test123,jane.anderson9151@example.com,standard,APAC
bob_smith_9152,test123,bob.smith9152@example.com,standard,EU
alice_smith_9153,test123,alice.smith9153@example.com,standard,US
frank_davis_9154,test123,frank.davis9154@example.com,standard,EU
henry_wilson_9155,test123,henry.wilson9155@example.com,standard,APAC
eva_anderson_9156,test123,eva.anderson9156@example.com,standard,US
frank_johnson_9157,test123,frank.johnson9157@example.com,standard,EU
charlie_davis_9158,test123,charlie.davis9158@example.com,standard,APAC
charlie_thomas_9159,test123,charlie.thomas9159@example.com,standard,US
jane_miller_9160,test123,jane.miller9160@example.com,premium,US
john_wilson_9161,test123,john.wilson9161@example.com,standard,US
charlie_smith_9162,test123,charlie.smith9162@example.com,admin,EU
charlie_taylor_9163,test123,charlie.taylor9163@example.com,standard,US
alice_moore_9164,test123,alice.moore9164@example.com,standard,EU
alice_miller_9165,test123,alice.miller9165@example.com,standard,US
bob_johnson_9166,test123,bob.johnson9166@example.com,premium,US
diana_brown_9167,test123,diana.brown9167@example.com,standard,US
diana_smith_9168,test123,diana.smith9168@example.com,premium,APAC
bob_smith_9169,test123,bob.smith9169@example.com,standard,APAC
eva_johnson_9170,test123,eva.johnson9170@example.com,standard,APAC
henry_moore_9171,test123,henry.moore9171@example.com,standard,US
diana_taylor_9172,test123,diana.taylor9172@example.com,standard,US
bob_johnson_9173,test123,bob.johnson9173@example.com,premium,US
john_moore_9174,test123,john.moore9174@example.com,standard,EU
grace_taylor_9175,test123,grace.taylor9175@example.com,standard,US
charlie_anderson_9176,test123,charlie.anderson9176@example.com,standard,US
frank_moore_9177,test123,frank.moore9177@example.com,standard,EU
john_thomas_9178,test123,john.thomas9178@example.com,standard,US
grace_moore_9179,test123,grace.moore9179@example.com,premium,US
diana_anderson_9180,test123,diana.anderson9180@example.com,standard,APAC
grace_moore_9181,test123,grace.moore9181@example.com,standard,EU
henry_brown_9182,test123,henry.brown9182@example.com,standard,US
john_smith_9183,test123,john.smith9183@example.com,standard,EU
jane_wilson_9184,test123,jane.wilson9184@example.com,standard,US
grace_brown_9185,test123,grace.brown9185@example.com,premium,EU
john_miller_9186,test123,john.miller9186@example.com,standard,US
charlie_smith_9187,test123,charlie.smith9187@example.com,standard,EU
eva_miller_9188,test123,eva.miller9188@example.com,standard,US
bob_thomas_9189,test123,bob.thomas9189@example.com,premium,EU
alice_thomas_9190,test123,alice.thomas9190@example.com,premium,US
jane_smith_9191,test123,jane.smith9191@example.com,premium,APAC
eva_wilson_9192,test123,eva.wilson9192@example.com,standard,US
bob_taylor_9193,test123,bob.taylor9193@example.com,premium,APAC
eva_smith_9194,test123,eva.smith9194@example.com,standard,APAC
diana_taylor_9195,test123,diana.taylor9195@example.com,standard,EU
bob_davis_9196,test123,bob.davis9196@example.com,standard,US
henry_wilson_9197,test123,henry.wilson9197@example.com,premium,US
frank_miller_9198,test123,frank.miller9198@example.com,standard,EU
john_taylor_9199,test123,john.taylor9199@example.com,standard,APAC
bob_thomas_9200,test123,bob.thomas9200@example.com,standard,US
bob_miller_9201,test123,bob.miller9201@example.com,standard,US
bob_moore_9202,test123,bob.moore9202@example.com,standard,EU
diana_moore_9203,test123,diana.moore9203@example.com,premium,EU
frank_davis_9204,test123,frank.davis9204@example.com,standard,APAC
john_miller_9205,test123,john.miller9205@example.com,standard,EU
grace_wilson_9206,test123,grace.wilson9206@example.com,premium,US
eva_brown_9207,test123,eva.brown9207@example.com,standard,US
diana_taylor_9208,test123,diana.taylor9208@example.com,standard,US
jane_davis_9209,test123,jane.davis9209@example.com,standard,APAC
diana_brown_9210,test123,diana.brown9210@example.com,premium,US
frank_smith_9211,test123,frank.smith9211@example.com,standard,EU
diana_wilson_9212,test123,diana.wilson9212@example.com,standard,US
frank_moore_9213,test123,frank.moore9213@example.com,premium,APAC
frank_smith_9214,test123,frank.smith9214@example.com,standard,US
henry_anderson_9215,test123,henry.anderson9215@example.com,premium,US
bob_davis_9216,test123,bob.davis9216@example.com,standard,US
grace_anderson_9217,test123,grace.anderson9217@example.com,standard,US
charlie_anderson_9218,test123,charlie.anderson9218@example.com,premium,EU
charlie_anderson_9219,test123,charlie.anderson9219@example.com,standard,EU
diana_thomas_9220,test123,diana.thomas9220@example.com,premium,US
grace_moore_9221,test123,grace.moore9221@example.com,standard,US
bob_anderson_9222,test123,bob.anderson9222@example.com,premium,US
diana_anderson_9223,test123,diana.anderson9223@example.com,standard,US
john_miller_9224,test123,john.miller9224@example.com,standard,EU
charlie_miller_9225,test123,charlie.miller9225@example.com,standard,US
bob_smith_9226,test123,bob.smith9226@example.com,premium,US
alice_anderson_9227,test123,alice.anderson9227@example.com,premium,US
jane_davis_9228,test123,jane.davis9228@example.com,standard,US
eva_moore_9229,test123,eva.moore9229@example.com,standard,US
henry_thomas_9230,test123,henry.thomas9230@example.com,standard,EU
charlie_davis_9231,test123,charlie.davis9231@example.com,standard,US
grace_smith_9232,test123,grace.smith9232@example.com,standard,US
henry_smith_9233,test123,henry.smith9233@example.com,standard,US
john_moore_9234,test123,john.moore9234@example.com,standard,US
john_taylor_9235,test123,john.taylor9235@example.com,standard,US
charlie_johnson_9236,test123,charlie.johnson9236@example.com,standard,US
alice_moore_9237,test123,alice.moore9237@example.com,standard,APAC
eva_brown_9238,test123,eva.brown9238@example.com,premium,APAC
bob_anderson_9239,test123,bob.anderson9239@example.com,standard,APAC
charlie_davis_9240,test123,charlie.davis9240@example.com,standard,US
grace_miller_9241,test123,grace.miller9241@example.com,admin,EU
grace_davis_9242,test123,grace.davis9242@example.com,standard,US
john_anderson_9243,test123,john.anderson9243@example.com,standard,EU
diana_johnson_9244,test123,diana.johnson9244@example.com,standard,EU
alice_thomas_9245,test123,alice.thomas9245@example.com,standard,US
bob_wilson_9246,test123,bob.wilson9246@example.com,standard,EU
diana_anderson_9247,test123,diana.anderson9247@example.com,standard,APAC
john_brown_9248,test123,john.brown9248@example.com,standard,EU
alice_miller_9249,test123,alice.miller9249@example.com,standard,US
alice_taylor_9250,test123,alice.taylor9250@example.com,standard,EU
john_brown_9251,test123,john.brown9251@example.com,standard,US
alice_taylor_9252,test123,alice.taylor9252@example.com,premium,EU
diana_miller_9253,test123,diana.miller9253@example.com,standard,US
bob_smith_9254,test123,bob.smith9254@example.com,standard,APAC
charlie_miller_9255,test123,charlie.miller9255@example.com,premium,US
jane_wilson_9256,test123,jane.wilson9256@example.com,standard,EU
grace_moore_9257,test123,grace.moore9257@example.com,standard,EU
henry_smith_9258,test123,henry.smith9258@example.com,admin,EU
jane_miller_9259,test123,jane.miller9259@example.com,admin,US
henry_miller_9260,test123,henry.miller9260@example.com,premium,US
eva_davis_9261,test123,eva.davis9261@example.com,standard,US
henry_thomas_9262,test123,henry.thomas9262@example.com,standard,US
charlie_taylor_9263,test123,charlie.taylor9263@example.com,standard,US
alice_taylor_9264,test123,alice.taylor9264@example.com,standard,US
alice_smith_9265,test123,alice.smith9265@example.com,standard,EU
eva_johnson_9266,test123,eva.johnson9266@example.com,standard,EU
alice_brown_9267,test123,alice.brown9267@example.com,premium,US
bob_taylor_9268,test123,bob.taylor9268@example.com,standard,US
frank_thomas_9269,test123,frank.thomas9269@example.com,standard,US
bob_wilson_9270,test123,bob.wilson9270@example.com,standard,EU
charlie_miller_9271,test123,charlie.miller9271@example.com,premium,US
diana_davis_9272,test123,diana.davis9272@example.com,standard,EU
henry_johnson_9273,test123,henry.johnson9273@example.com,standard,US
charlie_anderson_9274,test123,charlie.anderson9274@example.com,standard,EU
henry_thomas_9275,test123,henry.thomas9275@example.com,standard,EU
alice_taylor_9276,test123,alice.taylor9276@example.com,standard,US
henry_moore_9277,test123,henry.moore9277@example.com,standard,US
jane_thomas_9278,test123,jane.thomas9278@example.com,standard,EU
alice_johnson_9279,test123,alice.johnson9279@example.com,standard,US
bob_miller_9280,test123,bob.miller9280@example.com,admin,EU
jane_smith_9281,test123,jane.smith9281@example.com,standard,US
alice_wilson_9282,test123,alice.wilson9282@example.com,standard,APAC
diana_wilson_9283,test123,diana.wilson9283@example.com,standard,US
jane_miller_9284,test123,jane.miller9284@example.com,premium,APAC
henry_smith_9285,test123,henry.smith9285@example.com,premium,US
alice_brown_9286,test123,alice.brown9286@example.com,standard,US
henry_wilson_9287,test123,henry.wilson9287@example.com,premium,US
diana_miller_9288,test123,diana.miller9288@example.com,standard,EU
alice_brown_9289,test123,alice.brown9289@example.com,standard,US
jane_davis_9290,test123,jane.davis9290@example.com,standard,US
bob_moore_9291,test123,bob.moore9291@example.com,standard,EU
charlie_thomas_9292,test123,charlie.thomas9292@example.com,standard,EU
eva_davis_9293,test123,eva.davis9293@example.com,standard,US
jane_smith_9294,test123,jane.smith9294@example.com,standard,US
alice_miller_9295,test123,alice.miller9295@example.com,standard,US
henry_anderson_9296,test123,henry.anderson9296@example.com,standard,US
diana_brown_9297,test123,diana.brown9297@example.com,standard,US
eva_brown_9298,test123,eva.brown9298@example.com,standard,APAC
henry_anderson_9299,test123,henry.anderson9299@example.com,standard,US
charlie_anderson_9300,test123,charlie.anderson9300@example.com,premium,US
grace_moore_9301,test123,grace.moore9301@example.com,standard,US
grace_miller_9302,test123,grace.miller9302@example.com,premium,US
grace_smith_9303,test123,grace.smith9303@example.com,standard,EU
john_anderson_9304,test123,john.anderson9304@example.com,standard,US
diana_moore_9305,test123,diana.moore9305@example.com,standard,EU
alice_wilson_9306,test123,alice.wilson9306@example.com,standard,EU
frank_johnson_9307,test123,frank.johnson9307@example.com,standard,US
henry_johnson_9308,test123,henry.johnson9308@example.com,standard,EU
charlie_thomas_9309,test123,charlie.thomas9309@example.com,standard,APAC
bob_brown_9310,test123,bob.brown9310@example.com,standard,US
eva_wilson_9311,test123,eva.wilson9311@example.com,standard,US
alice_miller_9312,test123,alice.miller9312@example.com,premium,EU
john_miller_9313,test123,john.miller9313@example.com,standard,US
alice_anderson_9314,test123,alice.anderson9314@example.com,standard,APAC
alice_thomas_9315,test123,alice.thomas9315@example.com,premium,US
john_taylor_9316,test123,john.taylor9316@example.com,standard,US
frank_thomas_9317,test123,frank.thomas9317@example.com,standard,APAC
diana_smith_9318,test123,diana.smith9318@example.com,standard,US
henry_taylor_9319,test123,henry.taylor9319@example.com,premium,APAC
frank_anderson_9320,test123,frank.anderson9320@example.com,standard,US
bob_anderson_9321,test123,bob.anderson9321@example.com,premium,EU
bob_thomas_9322,test123,bob.thomas9322@example.com,standard,APAC
eva_thomas_9323,test123,eva.thomas9323@example.com,standard,APAC
eva_anderson_9324,test123,eva.anderson9324@example.com,premium,US
charlie_taylor_9325,test123,charlie.taylor9325@example.com,standard,US
bob_thomas_9326,test123,bob.thomas9326@example.com,premium,EU
bob_taylor_9327,test123,bob.taylor9327@example.com,standard,US
jane_miller_9328,test123,jane.miller9328@example.com,standard,US
henry_johnson_9329,test123,henry.johnson9329@example.com,standard,US
alice_thomas_9330,test123,alice.thomas9330@example.com,premium,US
alice_miller_9331,test123,alice.miller9331@example.com,premium,EU
jane_smith_9332,test123,jane.smith9332@example.com,standard,EU
grace_davis_9333,test123,grace.davis9333@example.com,standard,US
bob_thomas_9334,test123,bob.thomas9334@example.com,standard,US
grace_brown_9335,test123,grace.brown9335@example.com,standard,APAC
bob_moore_9336,test123,bob.moore9336@example.com,standard,US
frank_wilson_9337,test123,frank.wilson9337@example.com,premium,APAC
frank_johnson_9338,test123,frank.johnson9338@example.com,standard,US
bob_moore_9339,test123,bob.moore9339@example.com,standard,US
frank_johnson_9340,test123,frank.johnson9340@example.com,premium,EU
alice_moore_9341,test123,alice.moore9341@example.com,premium,EU
charlie_moore_9342,test123,charlie.moore9342@example.com,standard,EU
eva_anderson_9343,test123,eva.anderson9343@example.com,standard,US
frank_moore_9344,test123,frank.moore9344@example.com,premium,US
eva_smith_9345,test123,eva.smith9345@example.com,standard,US
jane_taylor_9346,test123,jane.taylor9346@example.com,standard,US
john_johnson_9347,test123,john.johnson9347@example.com,standard,US
eva_wilson_9348,test123,eva.wilson9348@example.com,standard,US
charlie_thomas_9349,test123,charlie.thomas9349@example.com,standard,US
eva_brown_9350,test123,eva.brown9350@example.com,standard,US
henry_thomas_9351,test123,henry.thomas9351@example.com,standard,APAC
henry_davis_9352,test123,henry.davis9352@example.com,admin,EU
frank_taylor_9353,test123,frank.taylor9353@example.com,standard,US
jane_taylor_9354,test123,jane.taylor9354@example.com,standard,US
alice_davis_9355,test123,alice.davis9355@example.com,standard,APAC
frank_moore_9356,test123,frank.moore9356@example.com,premium,EU
charlie_davis_9357,test123,charlie.davis9357@example.com,standard,EU
grace_taylor_9358,test123,grace.taylor9358@example.com,standard,US
john_davis_9359,test123,john.davis9359@example.com,standard,US
eva_moore_9360,test123,eva.moore9360@example.com,standard,US
henry_smith_9361,test123,henry.smith9361@example.com,admin,EU
jane_davis_9362,test123,jane.davis9362@example.com,standard,US
diana_johnson_9363,test123,diana.johnson9363@example.com,premium,EU
jane_wilson_9364,test123,jane.wilson9364@example.com,standard,EU
eva_miller_9365,test123,eva.miller9365@example.com,premium,US
henry_moore_9366,test123,henry.moore9366@example.com,standard,US
john_brown_9367,test123,john.brown9367@example.com,admin,EU
grace_thomas_9368,test123,grace.thomas9368@example.com,premium,EU
charlie_wilson_9369,test123,charlie.wilson9369@example.com,standard,US
grace_wilson_9370,test123,grace.wilson9370@example.com,premium,US
charlie_anderson_9371,test123,charlie.anderson9371@example.com,standard,US
alice_miller_9372,test123,alice.miller9372@example.com,standard,APAC
diana_anderson_9373,test123,diana.anderson9373@example.com,standard,EU
alice_davis_9374,test123,alice.davis9374@example.com,standard,US
frank_johnson_9375,test123,frank.johnson9375@example.com,standard,US
charlie_brown_9376,test123,charlie.brown9376@example.com,standard,US
bob_davis_9377,test123,bob.davis9377@example.com,standard,US
eva_thomas_9378,test123,eva.thomas9378@example.com,standard,US
john_moore_9379,test123,john.moore9379@example.com,admin,US
john_johnson_9380,test123,john.johnson9380@example.com,standard,US
frank_davis_9381,test123,frank.davis9381@example.com,standard,APAC
charlie_smith_9382,test123,charlie.smith9382@example.com,standard,EU
bob_anderson_9383,test123,bob.anderson9383@example.com,standard,US
bob_brown_9384,test123,bob.brown9384@example.com,premium,EU
eva_moore_9385,test123,eva.moore9385@example.com,admin,EU
alice_moore_9386,test123,alice.moore9386@example.com,premium,US
henry_smith_9387,test123,henry.smith9387@example.com,standard,APAC
henry_thomas_9388,test123,henry.thomas9388@example.com,premium,US
eva_davis_9389,test123,eva.davis9389@example.com,standard,APAC
john_smith_9390,test123,john.smith9390@example.com,admin,EU
henry_brown_9391,test123,henry.brown9391@example.com,standard,US
henry_brown_9392,test123,henry.brown9392@example.com,premium,US
jane_anderson_9393,test123,jane.anderson9393@example.com,standard,US
eva_moore_9394,test123,eva.moore9394@example.com,standard,US
grace_thomas_9395,test123,grace.thomas9395@example.com,premium,US
frank_miller_9396,test123,frank.miller9396@example.com,premium,US
john_thomas_9397,test123,john.thomas9397@example.com,standard,US
diana_miller_9398,test123,diana.miller9398@example.com,standard,US
john_taylor_9399,test123,john.taylor9399@example.com,standard,US
alice_moore_9400,test123,alice.moore9400@example.com,premium,US
eva_brown_9401,test123,eva.brown9401@example.com,standard,US
charlie_brown_9402,test123,charlie.brown9402@example.com,premium,EU
frank_smith_9403,test123,frank.smith9403@example.com,standard,US
eva_taylor_9404,test123,eva.taylor9404@example.com,standard,US
grace_taylor_9405,test123,grace.taylor9405@example.com,standard,US
eva_thomas_9406,test123,eva.thomas9406@example.com,premium,US
grace_taylor_9407,test123,grace.taylor9407@example.com,standard,EU
diana_miller_9408,test123,diana.miller9408@example.com,standard,EU
frank_johnson_9409,test123,frank.johnson9409@example.com,standard,APAC
john_thomas_9410,test123,john.thomas9410@example.com,premium,US
charlie_moore_9411,test123,charlie.moore9411@example.com,admin,US
henry_davis_9412,test123,henry.davis9412@example.com,standard,US
grace_miller_9413,test123,grace.miller9413@example.com,standard,APAC
alice_taylor_9414,test123,alice.taylor9414@example.com,standard,EU
frank_johnson_9415,test123,frank.johnson9415@example.com,standard,EU
john_moore_9416,test123,john.moore9416@example.com,standard,US
frank_miller_9417,test123,frank.miller9417@example.com,premium,EU
john_taylor_9418,test123,john.taylor9418@example.com,premium,US
grace_thomas_9419,test123,grace.thomas9419@example.com,standard,US
diana_thomas_9420,test123,diana.thomas9420@example.com,standard,EU
eva_smith_9421,test123,eva.smith9421@example.com,standard,EU
charlie_miller_9422,test123,charlie.miller9422@example.com,standard,US
jane_johnson_9423,test123,jane.johnson9423@example.com,standard,US
bob_moore_9424,test123,bob.moore9424@example.com,premium,US
charlie_johnson_9425,test123,charlie.johnson9425@example.com,standard,EU
grace_brown_9426,test123,grace.brown9426@example.com,admin,US
diana_thomas_9427,test123,diana.thomas9427@example.com,standard,US
alice_johnson_9428,test123,alice.johnson9428@example.com,standard,APAC
bob_miller_9429,test123,bob.miller9429@example.com,standard,US
jane_thomas_9430,test123,jane.thomas9430@example.com,standard,EU
charlie_smith_9431,test123,charlie.smith9431@example.com,standard,US
bob_anderson_9432,test123,bob.anderson9432@example.com,premium,US
grace_anderson_9433,test123,grace.anderson9433@example.com,standard,US
diana_davis_9434,test123,diana.davis9434@example.com,standard,US
diana_thomas_9435,test123,diana.thomas9435@example.com,standard,US
grace_smith_9436,test123,grace.smith9436@example.com,standard,US
bob_taylor_9437,test123,bob.taylor9437@example.com,standard,US
grace_anderson_9438,test123,grace.anderson9438@example.com,premium,APAC
bob_moore_9439,test123,bob.moore9439@example.com,standard,EU
john_anderson_9440,test123,john.anderson9440@example.com,standard,APAC
jane_moore_9441,test123,jane.moore9441@example.com,standard,US
diana_wilson_9442,test123,diana.wilson9442@example.com,premium,US
eva_davis_9443,test123,eva.davis9443@example.com,standard,US
grace_moore_9444,test123,grace.moore9444@example.com,premium,EU
alice_johnson_9445,test123,alice.johnson9445@example.com,standard,US
charlie_wilson_9446,test123,charlie.wilson9446@example.com,standard,EU
john_thomas_9447,test123,john.thomas9447@example.com,standard,US
diana_anderson_9448,test123,diana.anderson9448@example.com,standard,US
alice_moore_9449,test123,alice.moore9449@example.com,standard,APAC
alice_wilson_9450,test123,alice.wilson9450@example.com,standard,EU
bob_brown_9451,test123,bob.brown9451@example.com,standard,EU
eva_anderson_9452,test123,eva.anderson9452@example.com,premium,US
john_wilson_9453,test123,john.wilson9453@example.com,standard,APAC
eva_smith_9454,test123,eva.smith9454@example.com,premium,US
charlie_johnson_9455,test123,charlie.johnson9455@example.com,admin,US
jane_smith_9456,test123,jane.smith9456@example.com,standard,EU
frank_moore_9457,test123,frank.moore9457@example.com,standard,US
bob_johnson_9458,test123,bob.johnson9458@example.com,premium,APAC
charlie_moore_9459,test123,charlie.moore9459@example.com,premium,EU
frank_miller_9460,test123,frank.miller9460@example.com,admin,EU
alice_thomas_9461,test123,alice.thomas9461@example.com,premium,EU
jane_anderson_9462,test123,jane.anderson9462@example.com,premium,US
eva_johnson_9463,test123,eva.johnson9463@example.com,standard,US
jane_johnson_9464,test123,jane.johnson9464@example.com,standard,EU
eva_johnson_9465,test123,eva.johnson9465@example.com,standard,US
frank_thomas_9466,test123,frank.thomas9466@example.com,premium,EU
alice_johnson_9467,test123,alice.johnson9467@example.com,standard,US
eva_anderson_9468,test123,eva.anderson9468@example.com,standard,US
john_johnson_9469,test123,john.johnson9469@example.com,premium,US
alice_miller_9470,test123,alice.miller9470@example.com,standard,US
eva_taylor_9471,test123,eva.taylor9471@example.com,standard,EU
diana_smith_9472,test123,diana.smith9472@example.com,premium,US
frank_miller_9473,test123,frank.miller9473@example.com,standard,APAC
diana_johnson_9474,test123,diana.johnson9474@example.com,standard,US
frank_brown_9475,test123,frank.brown9475@example.com,premium,US
diana_wilson_9476,test123,diana.wilson9476@example.com,standard,APAC
charlie_wilson_9477,test123,charlie.wilson9477@example.com,standard,US
diana_miller_9478,test123,diana.miller9478@example.com,standard,US
eva_miller_9479,test123,eva.miller9479@example.com,standard,EU
john_smith_9480,test123,john.smith9480@example.com,admin,US
bob_brown_9481,test123,bob.brown9481@example.com,standard,EU
jane_moore_9482,test123,jane.moore9482@example.com,standard,APAC
frank_miller_9483,test123,frank.miller9483@example.com,standard,US
jane_wilson_9484,test123,jane.wilson9484@example.com,premium,US
eva_smith_9485,test123,eva.smith9485@example.com,standard,EU
bob_brown_9486,test123,bob.brown9486@example.com,standard,EU
john_taylor_9487,test123,john.taylor9487@example.com,premium,US
henry_johnson_9488,test123,henry.johnson9488@example.com,standard,EU
frank_wilson_9489,test123,frank.wilson9489@example.com,standard,US
charlie_miller_9490,test123,charlie.miller9490@example.com,premium,US
jane_wilson_9491,test123,jane.wilson9491@example.com,standard,US
jane_thomas_9492,test123,jane.thomas9492@example.com,standard,APAC
charlie_taylor_9493,test123,charlie.taylor9493@example.com,standard,APAC
john_smith_9494,test123,john.smith9494@example.com,standard,US
charlie_brown_9495,test123,charlie.brown9495@example.com,standard,US
grace_brown_9496,test123,grace.brown9496@example.com,premium,US
henry_davis_9497,test123,henry.davis9497@example.com,standard,APAC
diana_wilson_9498,test123,diana.wilson9498@example.com,standard,US
jane_brown_9499,test123,jane.brown9499@example.com,standard,US
jane_miller_9500,test123,jane.miller9500@example.com,standard,US
henry_smith_9501,test123,henry.smith9501@example.com,standard,EU
eva_davis_9502,test123,eva.davis9502@example.com,premium,US
eva_wilson_9503,test123,eva.wilson9503@example.com,premium,APAC
alice_brown_9504,test123,alice.brown9504@example.com,premium,EU
charlie_johnson_9505,test123,charlie.johnson9505@example.com,standard,APAC
charlie_thomas_9506,test123,charlie.thomas9506@example.com,standard,US
frank_thomas_9507,test123,frank.thomas9507@example.com,premium,US
alice_moore_9508,test123,alice.moore9508@example.com,standard,US
alice_anderson_9509,test123,alice.anderson9509@example.com,standard,EU
henry_johnson_9510,test123,henry.johnson9510@example.com,standard,APAC
charlie_brown_9511,test123,charlie.brown9511@example.com,premium,EU
henry_moore_9512,test123,henry.moore9512@example.com,premium,EU
bob_thomas_9513,test123,bob.thomas9513@example.com,standard,US
bob_moore_9514,test123,bob.moore9514@example.com,standard,US
john_smith_9515,test123,john.smith9515@example.com,standard,US
jane_miller_9516,test123,jane.miller9516@example.com,standard,US
alice_brown_9517,test123,alice.brown9517@example.com,standard,US
diana_wilson_9518,test123,diana.wilson9518@example.com,premium,US
john_miller_9519,test123,john.miller9519@example.com,standard,EU
eva_anderson_9520,test123,eva.anderson9520@example.com,standard,US
grace_brown_9521,test123,grace.brown9521@example.com,standard,EU
jane_moore_9522,test123,jane.moore9522@example.com,premium,EU
diana_anderson_9523,test123,diana.anderson9523@example.com,premium,EU
henry_anderson_9524,test123,henry.anderson9524@example.com,standard,EU
john_moore_9525,test123,john.moore9525@example.com,standard,EU
eva_taylor_9526,test123,eva.taylor9526@example.com,standard,US
john_smith_9527,test123,john.smith9527@example.com,premium,EU
henry_miller_9528,test123,henry.miller9528@example.com,premium,APAC
frank_taylor_9529,test123,frank.taylor9529@example.com,standard,US
alice_taylor_9530,test123,alice.taylor9530@example.com,admin,EU
charlie_johnson_9531,test123,charlie.johnson9531@example.com,standard,US
grace_johnson_9532,test123,grace.johnson9532@example.com,premium,US
john_thomas_9533,test123,john.thomas9533@example.com,standard,EU
eva_smith_9534,test123,eva.smith9534@example.com,standard,APAC
henry_thomas_9535,test123,henry.thomas9535@example.com,standard,US
frank_moore_9536,test123,frank.moore9536@example.com,premium,US
bob_johnson_9537,test123,bob.johnson9537@example.com,standard,APAC
diana_wilson_9538,test123,diana.wilson9538@example.com,standard,US
alice_thomas_9539,test123,alice.thomas9539@example.com,standard,EU
frank_thomas_9540,test123,frank.thomas9540@example.com,standard,US
grace_thomas_9541,test123,grace.thomas9541@example.com,premium,EU
charlie_johnson_9542,test123,charlie.johnson9542@example.com,standard,US
bob_anderson_9543,test123,bob.anderson9543@example.com,standard,APAC
jane_johnson_9544,test123,jane.johnson9544@example.com,premium,US
eva_wilson_9545,test123,eva.wilson9545@example.com,standard,US
alice_davis_9546,test123,alice.davis9546@example.com,standard,US
bob_anderson_9547,test123,bob.anderson9547@example.com,standard,EU
grace_thomas_9548,test123,grace.thomas9548@example.com,standard,EU
henry_thomas_9549,test123,henry.thomas9549@example.com,premium,US
jane_davis_9550,test123,jane.davis9550@example.com,premium,EU
henry_moore_9551,test123,henry.moore9551@example.com,standard,APAC
grace_davis_9552,test123,grace.davis9552@example.com,admin,US
john_thomas_9553,test123,john.thomas9553@example.com,admin,US
jane_anderson_9554,test123,jane.anderson9554@example.com,standard,US
diana_brown_9555,test123,diana.brown9555@example.com,premium,APAC
alice_smith_9556,test123,alice.smith9556@example.com,standard,US
alice_brown_9557,test123,alice.brown9557@example.com,standard,US
frank_thomas_9558,test123,frank.thomas9558@example.com,standard,US
bob_johnson_9559,test123,bob.johnson9559@example.com,standard,US
alice_moore_9560,test123,alice.moore9560@example.com,standard,US
alice_johnson_9561,test123,alice.johnson9561@example.com,premium,US
john_thomas_9562,test123,john.thomas9562@example.com,standard,US
eva_thomas_9563,test123,eva.thomas9563@example.com,standard,US
jane_johnson_9564,test123,jane.johnson9564@example.com,standard,US
diana_moore_9565,test123,diana.moore9565@example.com,premium,US
diana_thomas_9566,test123,diana.thomas9566@example.com,premium,US
diana_thomas_9567,test123,diana.thomas9567@example.com,premium,APAC
bob_miller_9568,test123,bob.miller9568@example.com,standard,APAC
grace_miller_9569,test123,grace.miller9569@example.com,standard,EU
alice_thomas_9570,test123,alice.thomas9570@example.com,standard,US
charlie_wilson_9571,test123,charlie.wilson9571@example.com,standard,APAC
bob_smith_9572,test123,bob.smith9572@example.com,premium,US
eva_moore_9573,test123,eva.moore9573@example.com,standard,EU
bob_brown_9574,test123,bob.brown9574@example.com,standard,EU
henry_smith_9575,test123,henry.smith9575@example.com,standard,EU
grace_anderson_9576,test123,grace.anderson9576@example.com,standard,US
grace_moore_9577,test123,grace.moore9577@example.com,standard,US
alice_brown_9578,test123,alice.brown9578@example.com,standard,EU
diana_miller_9579,test123,diana.miller9579@example.com,standard,EU
alice_johnson_9580,test123,alice.johnson9580@example.com,standard,US
grace_moore_9581,test123,grace.moore9581@example.com,premium,US
john_smith_9582,test123,john.smith9582@example.com,standard,APAC
frank_davis_9583,test123,frank.davis9583@example.com,standard,US
charlie_johnson_9584,test123,charlie.johnson9584@example.com,standard,US
eva_miller_9585,test123,eva.miller9585@example.com,standard,APAC
alice_thomas_9586,test123,alice.thomas9586@example.com,standard,EU
john_miller_9587,test123,john.miller9587@example.com,premium,US
john_thomas_9588,test123,john.thomas9588@example.com,standard,US
alice_wilson_9589,test123,alice.wilson9589@example.com,standard,US
alice_johnson_9590,test123,alice.johnson9590@example.com,standard,EU
charlie_wilson_9591,test123,charlie.wilson9591@example.com,standard,EU
alice_miller_9592,test123,alice.miller9592@example.com,standard,APAC
alice_moore_9593,test123,alice.moore9593@example.com,standard,US
john_davis_9594,test123,john.davis9594@example.com,standard,US
john_moore_9595,test123,john.moore9595@example.com,standard,EU
john_wilson_9596,test123,john.wilson9596@example.com,standard,EU
bob_johnson_9597,test123,bob.johnson9597@example.com,premium,EU
charlie_moore_9598,test123,charlie.moore9598@example.com,standard,US
charlie_brown_9599,test123,charlie.brown9599@example.com,standard,US
jane_miller_9600,test123,jane.miller9600@example.com,premium,APAC
grace_thomas_9601,test123,grace.thomas9601@example.com,standard,EU
grace_johnson_9602,test123,grace.johnson9602@example.com,standard,APAC
diana_thomas_9603,test123,diana.thomas9603@example.com,admin,US
eva_wilson_9604,test123,eva.wilson9604@example.com,standard,US
diana_smith_9605,test123,diana.smith9605@example.com,standard,US
charlie_brown_9606,test123,charlie.brown9606@example.com,premium,US
eva_taylor_9607,test123,eva.taylor9607@example.com,standard,US
frank_johnson_9608,test123,frank.johnson9608@example.com,standard,US
eva_wilson_9609,test123,eva.wilson9609@example.com,standard,EU
alice_anderson_9610,test123,alice.anderson9610@example.com,admin,US
bob_taylor_9611,test123,bob.taylor9611@example.com,standard,US
alice_smith_9612,test123,alice.smith9612@example.com,premium,US
eva_thomas_9613,test123,eva.thomas9613@example.com,premium,EU
frank_brown_9614,test123,frank.brown9614@example.com,standard,APAC
henry_brown_9615,test123,henry.brown9615@example.com,standard,EU
charlie_miller_9616,test123,charlie.miller9616@example.com,standard,US
bob_taylor_9617,test123,bob.taylor9617@example.com,standard,EU
grace_wilson_9618,test123,grace.wilson9618@example.com,standard,US
john_miller_9619,test123,john.miller9619@example.com,premium,US
grace_miller_9620,test123,grace.miller9620@example.com,premium,EU
diana_moore_9621,test123,diana.moore9621@example.com,standard,US
eva_anderson_9622,test123,eva.anderson9622@example.com,standard,US
grace_taylor_9623,test123,grace.taylor9623@example.com,standard,APAC
bob_taylor_9624,test123,bob.taylor9624@example.com,standard,US
charlie_anderson_9625,test123,charlie.anderson9625@example.com,standard,US
charlie_anderson_9626,test123,charlie.anderson9626@example.com,standard,APAC
diana_johnson_9627,test123,diana.johnson9627@example.com,premium,US
bob_moore_9628,test123,bob.moore9628@example.com,premium,US
alice_wilson_9629,test123,alice.wilson9629@example.com,standard,APAC
john_anderson_9630,test123,john.anderson9630@example.com,premium,US
diana_brown_9631,test123,diana.brown9631@example.com,premium,EU
frank_miller_9632,test123,frank.miller9632@example.com,standard,US
frank_smith_9633,test123,frank.smith9633@example.com,standard,EU
bob_davis_9634,test123,bob.davis9634@example.com,standard,US
john_brown_9635,test123,john.brown9635@example.com,premium,US
alice_wilson_9636,test123,alice.wilson9636@example.com,premium,US
jane_taylor_9637,test123,jane.taylor9637@example.com,standard,EU
eva_wilson_9638,test123,eva.wilson9638@example.com,standard,US
eva_anderson_9639,test123,eva.anderson9639@example.com,standard,APAC
frank_smith_9640,test123,frank.smith9640@example.com,standard,APAC
grace_miller_9641,test123,grace.miller9641@example.com,standard,EU
grace_miller_9642,test123,grace.miller9642@example.com,standard,US
bob_taylor_9643,test123,bob.taylor9643@example.com,standard,US
diana_wilson_9644,test123,diana.wilson9644@example.com,standard,EU
frank_wilson_9645,test123,frank.wilson9645@example.com,standard,US
grace_brown_9646,test123,grace.brown9646@example.com,premium,US
john_wilson_9647,test123,john.wilson9647@example.com,standard,US
alice_davis_9648,test123,alice.davis9648@example.com,standard,US
diana_moore_9649,test123,diana.moore9649@example.com,standard,US
grace_brown_9650,test123,grace.brown9650@example.com,standard,EU
jane_moore_9651,test123,jane.moore9651@example.com,premium,US
eva_miller_9652,test123,eva.miller9652@example.com,standard,EU
bob_miller_9653,test123,bob.miller9653@example.com,premium,US
eva_taylor_9654,test123,eva.taylor9654@example.com,premium,APAC
grace_miller_9655,test123,grace.miller9655@example.com,premium,EU
john_thomas_9656,test123,john.thomas9656@example.com,admin,US
grace_moore_9657,test123,grace.moore9657@example.com,standard,APAC
grace_brown_9658,test123,grace.brown9658@example.com,premium,EU
charlie_davis_9659,test123,charlie.davis9659@example.com,standard,US
henry_smith_9660,test123,henry.smith9660@example.com,standard,EU
henry_johnson_9661,test123,henry.johnson9661@example.com,standard,EU
bob_smith_9662,test123,bob.smith9662@example.com,premium,APAC
diana_thomas_9663,test123,diana.thomas9663@example.com,standard,US
henry_anderson_9664,test123,henry.anderson9664@example.com,standard,US
henry_brown_9665,test123,henry.brown9665@example.com,standard,US
charlie_thomas_9666,test123,charlie.thomas9666@example.com,standard,US
john_moore_9667,test123,john.moore9667@example.com,premium,US
john_brown_9668,test123,john.brown9668@example.com,standard,US
jane_brown_9669,test123,jane.brown9669@example.com,standard,EU
henry_smith_9670,test123,henry.smith9670@example.com,standard,APAC
jane_miller_9671,test123,jane.miller9671@example.com,standard,US
charlie_brown_9672,test123,charlie.brown9672@example.com,standard,APAC
alice_anderson_9673,test123,alice.anderson9673@example.com,standard,EU
bob_brown_9674,test123,bob.brown9674@example.com,standard,US
bob_miller_9675,test123,bob.miller9675@example.com,standard,EU
alice_wilson_9676,test123,alice.wilson9676@example.com,standard,APAC
diana_brown_9677,test123,diana.brown9677@example.com,standard,US
diana_davis_9678,test123,diana.davis9678@example.com,standard,EU
grace_anderson_9679,test123,grace.anderson9679@example.com,premium,US
charlie_anderson_9680,test123,charlie.anderson9680@example.com,standard,US
alice_johnson_9681,test123,alice.johnson9681@example.com,premium,EU
bob_wilson_9682,test123,bob.wilson9682@example.com,premium,US
bob_smith_9683,test123,bob.smith9683@example.com,standard,EU
jane_moore_9684,test123,jane.moore9684@example.com,standard,US
frank_taylor_9685,test123,frank.taylor9685@example.com,standard,EU
grace_wilson_9686,test123,grace.wilson9686@example.com,standard,APAC
eva_anderson_9687,test123,eva.anderson9687@example.com,standard,US
bob_smith_9688,test123,bob.smith9688@example.com,standard,US
diana_smith_9689,test123,diana.smith9689@example.com,standard,EU
frank_miller_9690,test123,frank.miller9690@example.com,standard,US
diana_brown_9691,test123,diana.brown9691@example.com,premium,US
jane_moore_9692,test123,jane.moore9692@example.com,standard,APAC
john_smith_9693,test123,john.smith9693@example.com,standard,APAC
henry_smith_9694,test123,henry.smith9694@example.com,standard,US
bob_anderson_9695,test123,bob.anderson9695@example.com,standard,EU
charlie_moore_9696,test123,charlie.moore9696@example.com,premium,EU
diana_taylor_9697,test123,diana.taylor9697@example.com,standard,US
eva_taylor_9698,test123,eva.taylor9698@example.com,standard,EU
alice_johnson_9699,test123,alice.johnson9699@example.com,admin,US
jane_anderson_9700,test123,jane.anderson9700@example.com,standard,APAC
henry_johnson_9701,test123,henry.johnson9701@example.com,standard,US
bob_taylor_9702,test123,bob.taylor9702@example.com,premium,EU
grace_brown_9703,test123,grace.brown9703@example.com,premium,EU
jane_anderson_9704,test123,jane.anderson9704@example.com,standard,APAC
eva_davis_9705,test123,eva.davis9705@example.com,standard,US
jane_smith_9706,test123,jane.smith9706@example.com,standard,APAC
alice_wilson_9707,test123,alice.wilson9707@example.com,standard,US
alice_brown_9708,test123,alice.brown9708@example.com,standard,US
john_thomas_9709,test123,john.thomas9709@example.com,premium,APAC
alice_anderson_9710,test123,alice.anderson9710@example.com,standard,EU
diana_thomas_9711,test123,diana.thomas9711@example.com,standard,US
diana_anderson_9712,test123,diana.anderson9712@example.com,standard,EU
henry_thomas_9713,test123,henry.thomas9713@example.com,standard,US
grace_moore_9714,test123,grace.moore9714@example.com,standard,US
john_anderson_9715,test123,john.anderson9715@example.com,premium,US
john_moore_9716,test123,john.moore9716@example.com,standard,US
bob_taylor_9717,test123,bob.taylor9717@example.com,standard,US
eva_taylor_9718,test123,eva.taylor9718@example.com,standard,EU
jane_miller_9719,test123,jane.miller9719@example.com,standard,APAC
jane_davis_9720,test123,jane.davis9720@example.com,admin,APAC
charlie_taylor_9721,test123,charlie.taylor9721@example.com,standard,EU
diana_anderson_9722,test123,diana.anderson9722@example.com,admin,US
diana_miller_9723,test123,diana.miller9723@example.com,standard,US
alice_johnson_9724,test123,alice.johnson9724@example.com,premium,US
grace_miller_9725,test123,grace.miller9725@example.com,standard,US
grace_johnson_9726,test123,grace.johnson9726@example.com,admin,US
diana_brown_9727,test123,diana.brown9727@example.com,standard,APAC
frank_miller_9728,test123,frank.miller9728@example.com,standard,US
grace_taylor_9729,test123,grace.taylor9729@example.com,standard,APAC
eva_wilson_9730,test123,eva.wilson9730@example.com,standard,US
jane_taylor_9731,test123,jane.taylor9731@example.com,standard,US
jane_anderson_9732,test123,jane.anderson9732@example.com,admin,US
jane_johnson_9733,test123,jane.johnson9733@example.com,standard,US
john_davis_9734,test123,john.davis9734@example.com,premium,EU
bob_wilson_9735,test123,bob.wilson9735@example.com,admin,US
bob_smith_9736,test123,bob.smith9736@example.com,standard,EU
alice_miller_9737,test123,alice.miller9737@example.com,admin,US
eva_moore_9738,test123,eva.moore9738@example.com,standard,APAC
jane_davis_9739,test123,jane.davis9739@example.com,premium,US
alice_taylor_9740,test123,alice.taylor9740@example.com,standard,EU
frank_moore_9741,test123,frank.moore9741@example.com,admin,US
jane_brown_9742,test123,jane.brown9742@example.com,premium,US
john_johnson_9743,test123,john.johnson9743@example.com,standard,US
eva_anderson_9744,test123,eva.anderson9744@example.com,standard,US
charlie_davis_9745,test123,charlie.davis9745@example.com,admin,US
eva_anderson_9746,test123,eva.anderson9746@example.com,premium,US
jane_thomas_9747,test123,jane.thomas9747@example.com,standard,US
john_moore_9748,test123,john.moore9748@example.com,standard,EU
diana_thomas_9749,test123,diana.thomas9749@example.com,standard,APAC
charlie_thomas_9750,test123,charlie.thomas9750@example.com,standard,US
jane_taylor_9751,test123,jane.taylor9751@example.com,standard,US
alice_johnson_9752,test123,alice.johnson9752@example.com,standard,US
grace_johnson_9753,test123,grace.johnson9753@example.com,standard,APAC
alice_davis_9754,test123,alice.davis9754@example.com,premium,US
diana_brown_9755,test123,diana.brown9755@example.com,standard,US
frank_wilson_9756,test123,frank.wilson9756@example.com,standard,US
bob_thomas_9757,test123,bob.thomas9757@example.com,standard,EU
eva_wilson_9758,test123,eva.wilson9758@example.com,standard,US
frank_davis_9759,test123,frank.davis9759@example.com,admin,US
alice_taylor_9760,test123,alice.taylor9760@example.com,standard,EU
john_davis_9761,test123,john.davis9761@example.com,standard,US
frank_johnson_9762,test123,frank.johnson9762@example.com,standard,US
charlie_taylor_9763,test123,charlie.taylor9763@example.com,standard,US
bob_smith_9764,test123,bob.smith9764@example.com,standard,US
henry_smith_9765,test123,henry.smith9765@example.com,standard,APAC
alice_anderson_9766,test123,alice.anderson9766@example.com,premium,US
henry_wilson_9767,test123,henry.wilson9767@example.com,standard,EU
eva_moore_9768,test123,eva.moore9768@example.com,premium,APAC
bob_wilson_9769,test123,bob.wilson9769@example.com,standard,EU
charlie_miller_9770,test123,charlie.miller9770@example.com,standard,APAC
grace_moore_9771,test123,grace.moore9771@example.com,standard,US
charlie_smith_9772,test123,charlie.smith9772@example.com,premium,EU
jane_miller_9773,test123,jane.miller9773@example.com,standard,EU
henry_thomas_9774,test123,henry.thomas9774@example.com,standard,US
henry_davis_9775,test123,henry.davis9775@example.com,premium,APAC
frank_smith_9776,test123,frank.smith9776@example.com,standard,EU
frank_anderson_9777,test123,frank.anderson9777@example.com,premium,EU
frank_davis_9778,test123,frank.davis9778@example.com,standard,EU
grace_davis_9779,test123,grace.davis9779@example.com,admin,APAC
frank_davis_9780,test123,frank.davis9780@example.com,standard,US
diana_wilson_9781,test123,diana.wilson9781@example.com,standard,US
jane_thomas_9782,test123,jane.thomas9782@example.com,standard,US
bob_smith_9783,test123,bob.smith9783@example.com,standard,EU
charlie_moore_9784,test123,charlie.moore9784@example.com,standard,US
grace_moore_9785,test123,grace.moore9785@example.com,premium,US
diana_johnson_9786,test123,diana.johnson9786@example.com,standard,APAC
bob_brown_9787,test123,bob.brown9787@example.com,premium,US
bob_johnson_9788,test123,bob.johnson9788@example.com,standard,US
eva_davis_9789,test123,eva.davis9789@example.com,premium,US
frank_taylor_9790,test123,frank.taylor9790@example.com,standard,US
diana_johnson_9791,test123,diana.johnson9791@example.com,premium,US
diana_wilson_9792,test123,diana.wilson9792@example.com,standard,US
grace_taylor_9793,test123,grace.taylor9793@example.com,premium,US
henry_taylor_9794,test123,henry.taylor9794@example.com,standard,EU
bob_moore_9795,test123,bob.moore9795@example.com,premium,US
jane_smith_9796,test123,jane.smith9796@example.com,premium,US
bob_smith_9797,test123,bob.smith9797@example.com,standard,EU
jane_johnson_9798,test123,jane.johnson9798@example.com,standard,US
bob_davis_9799,test123,bob.davis9799@example.com,standard,US
john_thomas_9800,test123,john.thomas9800@example.com,standard,APAC
john_davis_9801,test123,john.davis9801@example.com,premium,EU
alice_moore_9802,test123,alice.moore9802@example.com,standard,US
henry_wilson_9803,test123,henry.wilson9803@example.com,standard,US
frank_anderson_9804,test123,frank.anderson9804@example.com,standard,EU
john_taylor_9805,test123,john.taylor9805@example.com,premium,US
john_smith_9806,test123,john.smith9806@example.com,premium,EU
alice_anderson_9807,test123,alice.anderson9807@example.com,standard,US
frank_brown_9808,test123,frank.brown9808@example.com,standard,US
grace_thomas_9809,test123,grace.thomas9809@example.com,standard,US
bob_anderson_9810,test123,bob.anderson9810@example.com,standard,EU
grace_brown_9811,test123,grace.brown9811@example.com,standard,US
alice_taylor_9812,test123,alice.taylor9812@example.com,standard,US
diana_wilson_9813,test123,diana.wilson9813@example.com,premium,EU
bob_anderson_9814,test123,bob.anderson9814@example.com,standard,US
grace_miller_9815,test123,grace.miller9815@example.com,standard,US
frank_johnson_9816,test123,frank.johnson9816@example.com,standard,EU
charlie_moore_9817,test123,charlie.moore9817@example.com,standard,EU
jane_smith_9818,test123,jane.smith9818@example.com,standard,US
jane_smith_9819,test123,jane.smith9819@example.com,premium,EU
bob_brown_9820,test123,bob.brown9820@example.com,premium,US
bob_brown_9821,test123,bob.brown9821@example.com,premium,US
frank_miller_9822,test123,frank.miller9822@example.com,standard,US
diana_davis_9823,test123,diana.davis9823@example.com,standard,US
bob_smith_9824,test123,bob.smith9824@example.com,standard,US
bob_taylor_9825,test123,bob.taylor9825@example.com,standard,APAC
bob_anderson_9826,test123,bob.anderson9826@example.com,standard,US
frank_smith_9827,test123,frank.smith9827@example.com,standard,EU
diana_thomas_9828,test123,diana.thomas9828@example.com,standard,US
jane_thomas_9829,test123,jane.thomas9829@example.com,admin,US
alice_davis_9830,test123,alice.davis9830@example.com,standard,US
eva_taylor_9831,test123,eva.taylor9831@example.com,premium,US
john_miller_9832,test123,john.miller9832@example.com,standard,US
frank_moore_9833,test123,frank.moore9833@example.com,standard,US
alice_smith_9834,test123,alice.smith9834@example.com,admin,US
henry_anderson_9835,test123,henry.anderson9835@example.com,premium,US
jane_taylor_9836,test123,jane.taylor9836@example.com,standard,US
charlie_wilson_9837,test123,charlie.wilson9837@example.com,admin,EU
bob_miller_9838,test123,bob.miller9838@example.com,premium,EU
john_thomas_9839,test123,john.thomas9839@example.com,premium,APAC
bob_smith_9840,test123,bob.smith9840@example.com,standard,US
eva_johnson_9841,test123,eva.johnson9841@example.com,admin,US
bob_davis_9842,test123,bob.davis9842@example.com,premium,US
grace_wilson_9843,test123,grace.wilson9843@example.com,standard,US
charlie_miller_9844,test123,charlie.miller9844@example.com,standard,US
henry_taylor_9845,test123,henry.taylor9845@example.com,standard,EU
john_thomas_9846,test123,john.thomas9846@example.com,standard,US
charlie_anderson_9847,test123,charlie.anderson9847@example.com,premium,US
henry_wilson_9848,test123,henry.wilson9848@example.com,standard,US
bob_smith_9849,test123,bob.smith9849@example.com,premium,US
henry_smith_9850,test123,henry.smith9850@example.com,standard,EU
charlie_johnson_9851,test123,charlie.johnson9851@example.com,standard,APAC
eva_miller_9852,test123,eva.miller9852@example.com,standard,US
alice_taylor_9853,test123,alice.taylor9853@example.com,standard,US
grace_brown_9854,test123,grace.brown9854@example.com,premium,EU
diana_davis_9855,test123,diana.davis9855@example.com,standard,EU
alice_brown_9856,test123,alice.brown9856@example.com,standard,US
eva_moore_9857,test123,eva.moore9857@example.com,standard,EU
grace_moore_9858,test123,grace.moore9858@example.com,premium,US
john_miller_9859,test123,john.miller9859@example.com,standard,US
henry_davis_9860,test123,henry.davis9860@example.com,standard,US
eva_brown_9861,test123,eva.brown9861@example.com,standard,US
bob_smith_9862,test123,bob.smith9862@example.com,premium,US
charlie_anderson_9863,test123,charlie.anderson9863@example.com,standard,APAC
alice_taylor_9864,test123,alice.taylor9864@example.com,standard,EU
alice_thomas_9865,test123,alice.thomas9865@example.com,premium,US
bob_taylor_9866,test123,bob.taylor9866@example.com,standard,US
frank_davis_9867,test123,frank.davis9867@example.com,standard,EU
bob_smith_9868,test123,bob.smith9868@example.com,standard,APAC
henry_moore_9869,test123,henry.moore9869@example.com,standard,EU
eva_taylor_9870,test123,eva.taylor9870@example.com,standard,US
john_smith_9871,test123,john.smith9871@example.com,standard,APAC
alice_smith_9872,test123,alice.smith9872@example.com,standard,EU
jane_anderson_9873,test123,jane.anderson9873@example.com,standard,EU
bob_miller_9874,test123,bob.miller9874@example.com,standard,US
bob_smith_9875,test123,bob.smith9875@example.com,standard,US
diana_davis_9876,test123,diana.davis9876@example.com,standard,US
john_anderson_9877,test123,john.anderson9877@example.com,standard,EU
bob_wilson_9878,test123,bob.wilson9878@example.com,admin,APAC
grace_taylor_9879,test123,grace.taylor9879@example.com,premium,US
jane_moore_9880,test123,jane.moore9880@example.com,standard,US
charlie_smith_9881,test123,charlie.smith9881@example.com,standard,APAC
bob_brown_9882,test123,bob.brown9882@example.com,standard,US
jane_johnson_9883,test123,jane.johnson9883@example.com,admin,US
eva_anderson_9884,test123,eva.anderson9884@example.com,standard,US
john_thomas_9885,test123,john.thomas9885@example.com,standard,US
bob_thomas_9886,test123,bob.thomas9886@example.com,standard,US
john_thomas_9887,test123,john.thomas9887@example.com,premium,EU
jane_smith_9888,test123,jane.smith9888@example.com,standard,US
eva_johnson_9889,test123,eva.johnson9889@example.com,standard,US
alice_brown_9890,test123,alice.brown9890@example.com,standard,US
john_davis_9891,test123,john.davis9891@example.com,standard,APAC
alice_thomas_9892,test123,alice.thomas9892@example.com,standard,US
jane_smith_9893,test123,jane.smith9893@example.com,standard,US
diana_anderson_9894,test123,diana.anderson9894@example.com,standard,US
eva_moore_9895,test123,eva.moore9895@example.com,standard,US
bob_anderson_9896,test123,bob.anderson9896@example.com,standard,US
john_thomas_9897,test123,john.thomas9897@example.com,premium,APAC
jane_davis_9898,test123,jane.davis9898@example.com,standard,US
diana_johnson_9899,test123,diana.johnson9899@example.com,premium,US
john_johnson_9900,test123,john.johnson9900@example.com,standard,US
frank_moore_9901,test123,frank.moore9901@example.com,standard,APAC
jane_davis_9902,test123,jane.davis9902@example.com,standard,US
alice_moore_9903,test123,alice.moore9903@example.com,standard,US
john_brown_9904,test123,john.brown9904@example.com,standard,US
diana_davis_9905,test123,diana.davis9905@example.com,standard,EU
henry_smith_9906,test123,henry.smith9906@example.com,standard,EU
grace_smith_9907,test123,grace.smith9907@example.com,premium,US
bob_miller_9908,test123,bob.miller9908@example.com,standard,US
charlie_taylor_9909,test123,charlie.taylor9909@example.com,standard,US
eva_davis_9910,test123,eva.davis9910@example.com,standard,US
eva_brown_9911,test123,eva.brown9911@example.com,standard,US
frank_wilson_9912,test123,frank.wilson9912@example.com,standard,US
john_davis_9913,test123,john.davis9913@example.com,standard,US
jane_wilson_9914,test123,jane.wilson9914@example.com,admin,US
frank_davis_9915,test123,frank.davis9915@example.com,premium,APAC
grace_smith_9916,test123,grace.smith9916@example.com,standard,US
grace_johnson_9917,test123,grace.johnson9917@example.com,premium,US
diana_davis_9918,test123,diana.davis9918@example.com,premium,APAC
frank_taylor_9919,test123,frank.taylor9919@example.com,standard,US
eva_miller_9920,test123,eva.miller9920@example.com,standard,EU
eva_smith_9921,test123,eva.smith9921@example.com,standard,APAC
henry_smith_9922,test123,henry.smith9922@example.com,standard,US
grace_thomas_9923,test123,grace.thomas9923@example.com,standard,US
eva_wilson_9924,test123,eva.wilson9924@example.com,standard,US
eva_brown_9925,test123,eva.brown9925@example.com,standard,US
jane_taylor_9926,test123,jane.taylor9926@example.com,standard,EU
john_davis_9927,test123,john.davis9927@example.com,standard,EU
grace_wilson_9928,test123,grace.wilson9928@example.com,standard,EU
bob_anderson_9929,test123,bob.anderson9929@example.com,standard,EU
charlie_anderson_9930,test123,charlie.anderson9930@example.com,standard,US
eva_miller_9931,test123,eva.miller9931@example.com,standard,EU
bob_johnson_9932,test123,bob.johnson9932@example.com,standard,US
frank_thomas_9933,test123,frank.thomas9933@example.com,standard,EU
jane_davis_9934,test123,jane.davis9934@example.com,premium,US
frank_brown_9935,test123,frank.brown9935@example.com,premium,EU
john_johnson_9936,test123,john.johnson9936@example.com,standard,EU
jane_davis_9937,test123,jane.davis9937@example.com,standard,US
diana_johnson_9938,test123,diana.johnson9938@example.com,premium,EU
charlie_miller_9939,test123,charlie.miller9939@example.com,standard,US
eva_davis_9940,test123,eva.davis9940@example.com,premium,US
diana_taylor_9941,test123,diana.taylor9941@example.com,premium,US
bob_smith_9942,test123,bob.smith9942@example.com,standard,US
bob_brown_9943,test123,bob.brown9943@example.com,premium,EU
alice_johnson_9944,test123,alice.johnson9944@example.com,premium,US
charlie_moore_9945,test123,charlie.moore9945@example.com,standard,US
grace_moore_9946,test123,grace.moore9946@example.com,premium,US
jane_davis_9947,test123,jane.davis9947@example.com,standard,EU
frank_davis_9948,test123,frank.davis9948@example.com,premium,US
diana_taylor_9949,test123,diana.taylor9949@example.com,premium,US
diana_smith_9950,test123,diana.smith9950@example.com,premium,US
charlie_anderson_9951,test123,charlie.anderson9951@example.com,premium,EU
diana_thomas_9952,test123,diana.thomas9952@example.com,standard,US
jane_smith_9953,test123,jane.smith9953@example.com,premium,US
grace_taylor_9954,test123,grace.taylor9954@example.com,standard,APAC
bob_brown_9955,test123,bob.brown9955@example.com,standard,US
charlie_johnson_9956,test123,charlie.johnson9956@example.com,standard,US
john_taylor_9957,test123,john.taylor9957@example.com,standard,EU
bob_miller_9958,test123,bob.miller9958@example.com,standard,US
alice_moore_9959,test123,alice.moore9959@example.com,standard,US
eva_thomas_9960,test123,eva.thomas9960@example.com,premium,APAC
eva_thomas_9961,test123,eva.thomas9961@example.com,premium,APAC
grace_wilson_9962,test123,grace.wilson9962@example.com,standard,EU
jane_miller_9963,test123,jane.miller9963@example.com,standard,APAC
john_anderson_9964,test123,john.anderson9964@example.com,standard,EU
frank_johnson_9965,test123,frank.johnson9965@example.com,standard,US
bob_smith_9966,test123,bob.smith9966@example.com,standard,APAC
charlie_anderson_9967,test123,charlie.anderson9967@example.com,standard,US
charlie_davis_9968,test123,charlie.davis9968@example.com,standard,US
jane_brown_9969,test123,jane.brown9969@example.com,standard,APAC
charlie_taylor_9970,test123,charlie.taylor9970@example.com,premium,US
grace_anderson_9971,test123,grace.anderson9971@example.com,premium,APAC
charlie_davis_9972,test123,charlie.davis9972@example.com,admin,US
jane_wilson_9973,test123,jane.wilson9973@example.com,premium,US
diana_smith_9974,test123,diana.smith9974@example.com,standard,US
frank_anderson_9975,test123,frank.anderson9975@example.com,standard,US
grace_smith_9976,test123,grace.smith9976@example.com,standard,US
charlie_anderson_9977,test123,charlie.anderson9977@example.com,standard,US
jane_anderson_9978,test123,jane.anderson9978@example.com,standard,US
john_taylor_9979,test123,john.taylor9979@example.com,standard,EU
eva_wilson_9980,test123,eva.wilson9980@example.com,admin,EU
frank_johnson_9981,test123,frank.johnson9981@example.com,premium,EU
diana_davis_9982,test123,diana.davis9982@example.com,standard,APAC
henry_thomas_9983,test123,henry.thomas9983@example.com,standard,US
diana_smith_9984,test123,diana.smith9984@example.com,standard,US
bob_wilson_9985,test123,bob.wilson9985@example.com,standard,US
grace_wilson_9986,test123,grace.wilson9986@example.com,standard,US
henry_johnson_9987,test123,henry.johnson9987@example.com,premium,US
eva_miller_9988,test123,eva.miller9988@example.com,standard,US
henry_miller_9989,test123,henry.miller9989@example.com,standard,EU
henry_miller_9990,test123,henry.miller9990@example.com,standard,APAC
alice_moore_9991,test123,alice.moore9991@example.com,standard,US
charlie_miller_9992,test123,charlie.miller9992@example.com,standard,US
john_johnson_9993,test123,john.johnson9993@example.com,premium,EU
charlie_miller_9994,test123,charlie.miller9994@example.com,standard,US
diana_davis_9995,test123,diana.davis9995@example.com,standard,EU
eva_moore_9996,test123,eva.moore9996@example.com,standard,EU
eva_wilson_9997,test123,eva.wilson9997@example.com,premium,US
bob_wilson_9998,test123,bob.wilson9998@example.com,standard,US
diana_thomas_9999,test123,diana.thomas9999@example.com,standard,APAC
alice_anderson_10000,test123,alice.anderson10000@example.com,standard,EU